program,id_filiere,filiere_nom,match_type
"Licence en management; 2. Licence en finances; 3. Licence en gestion; 4. Licence marketing; 5. Master en management; 6. Master en finances; 7. Master en gestion; 8. Master marketing HA-2017 RepSEN/Ensup-priv/HA006-2017 1. Licence en banque, assurance, finance; 2. Licence en gestion et stratégie d'entreprise; 3. licence en gestion des ressources humaines; 4. Licence en génie logistique; 5. Licence en en management des affaires internationales; 6. Licence en marketing, management et communication; 7. Licence en marketing management communication et relations publiques; 8. Licence en qualité, hygiène, sécurité, environnement (QHSE); 9. Licence en journalisme et communication; 10. Licence en informatique et réseaux; 11. Licence en en management juridique et fiscal; 12. Master en banque, assurance, finance; 13. Master en gestion et stratégie d'entreprise; Programmes non couverts par l’Habilitation institutionnelle mais couverts par des agréments (provisoire(s), extension(s), définitif(s)) 1. Licence en informatique, option: méthodes informatiques appliquées à la gestion (MIAGE); 2. Licence en télécommunication, option: système réseau et télécommunication (SRT); 3. Licence en informatique, option: marketing digital et réseaux sociaux; 4. Licence en informatique, option: génie logiciel; 5. Master en informatique, option: méthodes informatiques appliquées à la gestion; 6. Master en télécommunication, option: système réseau et télécommunication (SRT); 7. Master en informatique, option: marketing digital et réseaux sociaux; 8. Master en informatique, option: génie logiciel. 1. Master monnaie banque assurance finance, option: banque privée internationale; 2. Master monnaie banque assurance finance, option: assurance et réassurance; 3. Master monnaie banque assurance finance, option: finance d'entreprise et d'orientation stratégique; 4. Master monnaie banque assurance finance, option:finance internationale et marchés boursiers; 5. Master droit des affaires, option: ingénierie juridique et fiscale; 6. Master gestion, option: audit et contrôle de gestion; 7. Master gestion, option: gestion financière et comptable des entreprises.",1,Informatique,name
"Licence en management; 2. Licence en finances; 3. Licence en gestion; 4. Licence marketing; 5. Master en management; 6. Master en finances; 7. Master en gestion; 8. Master marketing HA-2017 RepSEN/Ensup-priv/HA006-2017 1. Licence en banque, assurance, finance; 2. Licence en gestion et stratégie d'entreprise; 3. licence en gestion des ressources humaines; 4. Licence en génie logistique; 5. Licence en en management des affaires internationales; 6. Licence en marketing, management et communication; 7. Licence en marketing management communication et relations publiques; 8. Licence en qualité, hygiène, sécurité, environnement (QHSE); 9. Licence en journalisme et communication; 10. Licence en informatique et réseaux; 11. Licence en en management juridique et fiscal; 12. Master en banque, assurance, finance; 13. Master en gestion et stratégie d'entreprise; Programmes non couverts par l’Habilitation institutionnelle mais couverts par des agréments (provisoire(s), extension(s), définitif(s)) 1. Licence en informatique, option: méthodes informatiques appliquées à la gestion (MIAGE); 2. Licence en télécommunication, option: système réseau et télécommunication (SRT); 3. Licence en informatique, option: marketing digital et réseaux sociaux; 4. Licence en informatique, option: génie logiciel; 5. Master en informatique, option: méthodes informatiques appliquées à la gestion; 6. Master en télécommunication, option: système réseau et télécommunication (SRT); 7. Master en informatique, option: marketing digital et réseaux sociaux; 8. Master en informatique, option: génie logiciel. 1. Master monnaie banque assurance finance, option: banque privée internationale; 2. Master monnaie banque assurance finance, option: assurance et réassurance; 3. Master monnaie banque assurance finance, option: finance d'entreprise et d'orientation stratégique; 4. Master monnaie banque assurance finance, option:finance internationale et marchés boursiers; 5. Master droit des affaires, option: ingénierie juridique et fiscale; 6. Master gestion, option: audit et contrôle de gestion; 7. Master gestion, option: gestion financière et comptable des entreprises.",4,Droit,name
"Licence en management; 2. Licence en finances; 3. Licence en gestion; 4. Licence marketing; 5. Master en management; 6. Master en finances; 7. Master en gestion; 8. Master marketing HA-2017 RepSEN/Ensup-priv/HA006-2017 1. Licence en banque, assurance, finance; 2. Licence en gestion et stratégie d'entreprise; 3. licence en gestion des ressources humaines; 4. Licence en génie logistique; 5. Licence en en management des affaires internationales; 6. Licence en marketing, management et communication; 7. Licence en marketing management communication et relations publiques; 8. Licence en qualité, hygiène, sécurité, environnement (QHSE); 9. Licence en journalisme et communication; 10. Licence en informatique et réseaux; 11. Licence en en management juridique et fiscal; 12. Master en banque, assurance, finance; 13. Master en gestion et stratégie d'entreprise; Programmes non couverts par l’Habilitation institutionnelle mais couverts par des agréments (provisoire(s), extension(s), définitif(s)) 1. Licence en informatique, option: méthodes informatiques appliquées à la gestion (MIAGE); 2. Licence en télécommunication, option: système réseau et télécommunication (SRT); 3. Licence en informatique, option: marketing digital et réseaux sociaux; 4. Licence en informatique, option: génie logiciel; 5. Master en informatique, option: méthodes informatiques appliquées à la gestion; 6. Master en télécommunication, option: système réseau et télécommunication (SRT); 7. Master en informatique, option: marketing digital et réseaux sociaux; 8. Master en informatique, option: génie logiciel. 1. Master monnaie banque assurance finance, option: banque privée internationale; 2. Master monnaie banque assurance finance, option: assurance et réassurance; 3. Master monnaie banque assurance finance, option: finance d'entreprise et d'orientation stratégique; 4. Master monnaie banque assurance finance, option:finance internationale et marchés boursiers; 5. Master droit des affaires, option: ingénierie juridique et fiscale; 6. Master gestion, option: audit et contrôle de gestion; 7. Master gestion, option: gestion financière et comptable des entreprises.",5,Gestion,name
"Licence en management; 2. Licence en finances; 3. Licence en gestion; 4. Licence marketing; 5. Master en management; 6. Master en finances; 7. Master en gestion; 8. Master marketing HA-2017 RepSEN/Ensup-priv/HA006-2017 1. Licence en banque, assurance, finance; 2. Licence en gestion et stratégie d'entreprise; 3. licence en gestion des ressources humaines; 4. Licence en génie logistique; 5. Licence en en management des affaires internationales; 6. Licence en marketing, management et communication; 7. Licence en marketing management communication et relations publiques; 8. Licence en qualité, hygiène, sécurité, environnement (QHSE); 9. Licence en journalisme et communication; 10. Licence en informatique et réseaux; 11. Licence en en management juridique et fiscal; 12. Master en banque, assurance, finance; 13. Master en gestion et stratégie d'entreprise; Programmes non couverts par l’Habilitation institutionnelle mais couverts par des agréments (provisoire(s), extension(s), définitif(s)) 1. Licence en informatique, option: méthodes informatiques appliquées à la gestion (MIAGE); 2. Licence en télécommunication, option: système réseau et télécommunication (SRT); 3. Licence en informatique, option: marketing digital et réseaux sociaux; 4. Licence en informatique, option: génie logiciel; 5. Master en informatique, option: méthodes informatiques appliquées à la gestion; 6. Master en télécommunication, option: système réseau et télécommunication (SRT); 7. Master en informatique, option: marketing digital et réseaux sociaux; 8. Master en informatique, option: génie logiciel. 1. Master monnaie banque assurance finance, option: banque privée internationale; 2. Master monnaie banque assurance finance, option: assurance et réassurance; 3. Master monnaie banque assurance finance, option: finance d'entreprise et d'orientation stratégique; 4. Master monnaie banque assurance finance, option:finance internationale et marchés boursiers; 5. Master droit des affaires, option: ingénierie juridique et fiscale; 6. Master gestion, option: audit et contrôle de gestion; 7. Master gestion, option: gestion financière et comptable des entreprises.",6,Comptable,name
"Licence en management; 2. Licence en finances; 3. Licence en gestion; 4. Licence marketing; 5. Master en management; 6. Master en finances; 7. Master en gestion; 8. Master marketing HA-2017 RepSEN/Ensup-priv/HA006-2017 1. Licence en banque, assurance, finance; 2. Licence en gestion et stratégie d'entreprise; 3. licence en gestion des ressources humaines; 4. Licence en génie logistique; 5. Licence en en management des affaires internationales; 6. Licence en marketing, management et communication; 7. Licence en marketing management communication et relations publiques; 8. Licence en qualité, hygiène, sécurité, environnement (QHSE); 9. Licence en journalisme et communication; 10. Licence en informatique et réseaux; 11. Licence en en management juridique et fiscal; 12. Master en banque, assurance, finance; 13. Master en gestion et stratégie d'entreprise; Programmes non couverts par l’Habilitation institutionnelle mais couverts par des agréments (provisoire(s), extension(s), définitif(s)) 1. Licence en informatique, option: méthodes informatiques appliquées à la gestion (MIAGE); 2. Licence en télécommunication, option: système réseau et télécommunication (SRT); 3. Licence en informatique, option: marketing digital et réseaux sociaux; 4. Licence en informatique, option: génie logiciel; 5. Master en informatique, option: méthodes informatiques appliquées à la gestion; 6. Master en télécommunication, option: système réseau et télécommunication (SRT); 7. Master en informatique, option: marketing digital et réseaux sociaux; 8. Master en informatique, option: génie logiciel. 1. Master monnaie banque assurance finance, option: banque privée internationale; 2. Master monnaie banque assurance finance, option: assurance et réassurance; 3. Master monnaie banque assurance finance, option: finance d'entreprise et d'orientation stratégique; 4. Master monnaie banque assurance finance, option:finance internationale et marchés boursiers; 5. Master droit des affaires, option: ingénierie juridique et fiscale; 6. Master gestion, option: audit et contrôle de gestion; 7. Master gestion, option: gestion financière et comptable des entreprises.",7,Marketing,name
"Licence en management; 2. Licence en finances; 3. Licence en gestion; 4. Licence marketing; 5. Master en management; 6. Master en finances; 7. Master en gestion; 8. Master marketing HA-2017 RepSEN/Ensup-priv/HA006-2017 1. Licence en banque, assurance, finance; 2. Licence en gestion et stratégie d'entreprise; 3. licence en gestion des ressources humaines; 4. Licence en génie logistique; 5. Licence en en management des affaires internationales; 6. Licence en marketing, management et communication; 7. Licence en marketing management communication et relations publiques; 8. Licence en qualité, hygiène, sécurité, environnement (QHSE); 9. Licence en journalisme et communication; 10. Licence en informatique et réseaux; 11. Licence en en management juridique et fiscal; 12. Master en banque, assurance, finance; 13. Master en gestion et stratégie d'entreprise; Programmes non couverts par l’Habilitation institutionnelle mais couverts par des agréments (provisoire(s), extension(s), définitif(s)) 1. Licence en informatique, option: méthodes informatiques appliquées à la gestion (MIAGE); 2. Licence en télécommunication, option: système réseau et télécommunication (SRT); 3. Licence en informatique, option: marketing digital et réseaux sociaux; 4. Licence en informatique, option: génie logiciel; 5. Master en informatique, option: méthodes informatiques appliquées à la gestion; 6. Master en télécommunication, option: système réseau et télécommunication (SRT); 7. Master en informatique, option: marketing digital et réseaux sociaux; 8. Master en informatique, option: génie logiciel. 1. Master monnaie banque assurance finance, option: banque privée internationale; 2. Master monnaie banque assurance finance, option: assurance et réassurance; 3. Master monnaie banque assurance finance, option: finance d'entreprise et d'orientation stratégique; 4. Master monnaie banque assurance finance, option:finance internationale et marchés boursiers; 5. Master droit des affaires, option: ingénierie juridique et fiscale; 6. Master gestion, option: audit et contrôle de gestion; 7. Master gestion, option: gestion financière et comptable des entreprises.",9,Génie Logiciel,name
"Licence en management; 2. Licence en finances; 3. Licence en gestion; 4. Licence marketing; 5. Master en management; 6. Master en finances; 7. Master en gestion; 8. Master marketing HA-2017 RepSEN/Ensup-priv/HA006-2017 1. Licence en banque, assurance, finance; 2. Licence en gestion et stratégie d'entreprise; 3. licence en gestion des ressources humaines; 4. Licence en génie logistique; 5. Licence en en management des affaires internationales; 6. Licence en marketing, management et communication; 7. Licence en marketing management communication et relations publiques; 8. Licence en qualité, hygiène, sécurité, environnement (QHSE); 9. Licence en journalisme et communication; 10. Licence en informatique et réseaux; 11. Licence en en management juridique et fiscal; 12. Master en banque, assurance, finance; 13. Master en gestion et stratégie d'entreprise; Programmes non couverts par l’Habilitation institutionnelle mais couverts par des agréments (provisoire(s), extension(s), définitif(s)) 1. Licence en informatique, option: méthodes informatiques appliquées à la gestion (MIAGE); 2. Licence en télécommunication, option: système réseau et télécommunication (SRT); 3. Licence en informatique, option: marketing digital et réseaux sociaux; 4. Licence en informatique, option: génie logiciel; 5. Master en informatique, option: méthodes informatiques appliquées à la gestion; 6. Master en télécommunication, option: système réseau et télécommunication (SRT); 7. Master en informatique, option: marketing digital et réseaux sociaux; 8. Master en informatique, option: génie logiciel. 1. Master monnaie banque assurance finance, option: banque privée internationale; 2. Master monnaie banque assurance finance, option: assurance et réassurance; 3. Master monnaie banque assurance finance, option: finance d'entreprise et d'orientation stratégique; 4. Master monnaie banque assurance finance, option:finance internationale et marchés boursiers; 5. Master droit des affaires, option: ingénierie juridique et fiscale; 6. Master gestion, option: audit et contrôle de gestion; 7. Master gestion, option: gestion financière et comptable des entreprises.",64,Management,name
"Licence en management; 2. Licence en finances; 3. Licence en gestion; 4. Licence marketing; 5. Master en management; 6. Master en finances; 7. Master en gestion; 8. Master marketing HA-2017 RepSEN/Ensup-priv/HA006-2017 1. Licence en banque, assurance, finance; 2. Licence en gestion et stratégie d'entreprise; 3. licence en gestion des ressources humaines; 4. Licence en génie logistique; 5. Licence en en management des affaires internationales; 6. Licence en marketing, management et communication; 7. Licence en marketing management communication et relations publiques; 8. Licence en qualité, hygiène, sécurité, environnement (QHSE); 9. Licence en journalisme et communication; 10. Licence en informatique et réseaux; 11. Licence en en management juridique et fiscal; 12. Master en banque, assurance, finance; 13. Master en gestion et stratégie d'entreprise; Programmes non couverts par l’Habilitation institutionnelle mais couverts par des agréments (provisoire(s), extension(s), définitif(s)) 1. Licence en informatique, option: méthodes informatiques appliquées à la gestion (MIAGE); 2. Licence en télécommunication, option: système réseau et télécommunication (SRT); 3. Licence en informatique, option: marketing digital et réseaux sociaux; 4. Licence en informatique, option: génie logiciel; 5. Master en informatique, option: méthodes informatiques appliquées à la gestion; 6. Master en télécommunication, option: système réseau et télécommunication (SRT); 7. Master en informatique, option: marketing digital et réseaux sociaux; 8. Master en informatique, option: génie logiciel. 1. Master monnaie banque assurance finance, option: banque privée internationale; 2. Master monnaie banque assurance finance, option: assurance et réassurance; 3. Master monnaie banque assurance finance, option: finance d'entreprise et d'orientation stratégique; 4. Master monnaie banque assurance finance, option:finance internationale et marchés boursiers; 5. Master droit des affaires, option: ingénierie juridique et fiscale; 6. Master gestion, option: audit et contrôle de gestion; 7. Master gestion, option: gestion financière et comptable des entreprises.",68,Gestion des ressources humaines,name
"Licence en management; 2. Licence en finances; 3. Licence en gestion; 4. Licence marketing; 5. Master en management; 6. Master en finances; 7. Master en gestion; 8. Master marketing HA-2017 RepSEN/Ensup-priv/HA006-2017 1. Licence en banque, assurance, finance; 2. Licence en gestion et stratégie d'entreprise; 3. licence en gestion des ressources humaines; 4. Licence en génie logistique; 5. Licence en en management des affaires internationales; 6. Licence en marketing, management et communication; 7. Licence en marketing management communication et relations publiques; 8. Licence en qualité, hygiène, sécurité, environnement (QHSE); 9. Licence en journalisme et communication; 10. Licence en informatique et réseaux; 11. Licence en en management juridique et fiscal; 12. Master en banque, assurance, finance; 13. Master en gestion et stratégie d'entreprise; Programmes non couverts par l’Habilitation institutionnelle mais couverts par des agréments (provisoire(s), extension(s), définitif(s)) 1. Licence en informatique, option: méthodes informatiques appliquées à la gestion (MIAGE); 2. Licence en télécommunication, option: système réseau et télécommunication (SRT); 3. Licence en informatique, option: marketing digital et réseaux sociaux; 4. Licence en informatique, option: génie logiciel; 5. Master en informatique, option: méthodes informatiques appliquées à la gestion; 6. Master en télécommunication, option: système réseau et télécommunication (SRT); 7. Master en informatique, option: marketing digital et réseaux sociaux; 8. Master en informatique, option: génie logiciel. 1. Master monnaie banque assurance finance, option: banque privée internationale; 2. Master monnaie banque assurance finance, option: assurance et réassurance; 3. Master monnaie banque assurance finance, option: finance d'entreprise et d'orientation stratégique; 4. Master monnaie banque assurance finance, option:finance internationale et marchés boursiers; 5. Master droit des affaires, option: ingénierie juridique et fiscale; 6. Master gestion, option: audit et contrôle de gestion; 7. Master gestion, option: gestion financière et comptable des entreprises.",69,Génie logistique,name
"Licence en management; 2. Licence en finances; 3. Licence en gestion; 4. Licence marketing; 5. Master en management; 6. Master en finances; 7. Master en gestion; 8. Master marketing HA-2017 RepSEN/Ensup-priv/HA006-2017 1. Licence en banque, assurance, finance; 2. Licence en gestion et stratégie d'entreprise; 3. licence en gestion des ressources humaines; 4. Licence en génie logistique; 5. Licence en en management des affaires internationales; 6. Licence en marketing, management et communication; 7. Licence en marketing management communication et relations publiques; 8. Licence en qualité, hygiène, sécurité, environnement (QHSE); 9. Licence en journalisme et communication; 10. Licence en informatique et réseaux; 11. Licence en en management juridique et fiscal; 12. Master en banque, assurance, finance; 13. Master en gestion et stratégie d'entreprise; Programmes non couverts par l’Habilitation institutionnelle mais couverts par des agréments (provisoire(s), extension(s), définitif(s)) 1. Licence en informatique, option: méthodes informatiques appliquées à la gestion (MIAGE); 2. Licence en télécommunication, option: système réseau et télécommunication (SRT); 3. Licence en informatique, option: marketing digital et réseaux sociaux; 4. Licence en informatique, option: génie logiciel; 5. Master en informatique, option: méthodes informatiques appliquées à la gestion; 6. Master en télécommunication, option: système réseau et télécommunication (SRT); 7. Master en informatique, option: marketing digital et réseaux sociaux; 8. Master en informatique, option: génie logiciel. 1. Master monnaie banque assurance finance, option: banque privée internationale; 2. Master monnaie banque assurance finance, option: assurance et réassurance; 3. Master monnaie banque assurance finance, option: finance d'entreprise et d'orientation stratégique; 4. Master monnaie banque assurance finance, option:finance internationale et marchés boursiers; 5. Master droit des affaires, option: ingénierie juridique et fiscale; 6. Master gestion, option: audit et contrôle de gestion; 7. Master gestion, option: gestion financière et comptable des entreprises.",70,Management des affaires internationales,name
"Licence en management; 2. Licence en finances; 3. Licence en gestion; 4. Licence marketing; 5. Master en management; 6. Master en finances; 7. Master en gestion; 8. Master marketing HA-2017 RepSEN/Ensup-priv/HA006-2017 1. Licence en banque, assurance, finance; 2. Licence en gestion et stratégie d'entreprise; 3. licence en gestion des ressources humaines; 4. Licence en génie logistique; 5. Licence en en management des affaires internationales; 6. Licence en marketing, management et communication; 7. Licence en marketing management communication et relations publiques; 8. Licence en qualité, hygiène, sécurité, environnement (QHSE); 9. Licence en journalisme et communication; 10. Licence en informatique et réseaux; 11. Licence en en management juridique et fiscal; 12. Master en banque, assurance, finance; 13. Master en gestion et stratégie d'entreprise; Programmes non couverts par l’Habilitation institutionnelle mais couverts par des agréments (provisoire(s), extension(s), définitif(s)) 1. Licence en informatique, option: méthodes informatiques appliquées à la gestion (MIAGE); 2. Licence en télécommunication, option: système réseau et télécommunication (SRT); 3. Licence en informatique, option: marketing digital et réseaux sociaux; 4. Licence en informatique, option: génie logiciel; 5. Master en informatique, option: méthodes informatiques appliquées à la gestion; 6. Master en télécommunication, option: système réseau et télécommunication (SRT); 7. Master en informatique, option: marketing digital et réseaux sociaux; 8. Master en informatique, option: génie logiciel. 1. Master monnaie banque assurance finance, option: banque privée internationale; 2. Master monnaie banque assurance finance, option: assurance et réassurance; 3. Master monnaie banque assurance finance, option: finance d'entreprise et d'orientation stratégique; 4. Master monnaie banque assurance finance, option:finance internationale et marchés boursiers; 5. Master droit des affaires, option: ingénierie juridique et fiscale; 6. Master gestion, option: audit et contrôle de gestion; 7. Master gestion, option: gestion financière et comptable des entreprises.",73,Droit des affaires,name
"Licence en management; 2. Licence en finances; 3. Licence en gestion; 4. Licence marketing; 5. Master en management; 6. Master en finances; 7. Master en gestion; 8. Master marketing HA-2017 RepSEN/Ensup-priv/HA006-2017 1. Licence en banque, assurance, finance; 2. Licence en gestion et stratégie d'entreprise; 3. licence en gestion des ressources humaines; 4. Licence en génie logistique; 5. Licence en en management des affaires internationales; 6. Licence en marketing, management et communication; 7. Licence en marketing management communication et relations publiques; 8. Licence en qualité, hygiène, sécurité, environnement (QHSE); 9. Licence en journalisme et communication; 10. Licence en informatique et réseaux; 11. Licence en en management juridique et fiscal; 12. Master en banque, assurance, finance; 13. Master en gestion et stratégie d'entreprise; Programmes non couverts par l’Habilitation institutionnelle mais couverts par des agréments (provisoire(s), extension(s), définitif(s)) 1. Licence en informatique, option: méthodes informatiques appliquées à la gestion (MIAGE); 2. Licence en télécommunication, option: système réseau et télécommunication (SRT); 3. Licence en informatique, option: marketing digital et réseaux sociaux; 4. Licence en informatique, option: génie logiciel; 5. Master en informatique, option: méthodes informatiques appliquées à la gestion; 6. Master en télécommunication, option: système réseau et télécommunication (SRT); 7. Master en informatique, option: marketing digital et réseaux sociaux; 8. Master en informatique, option: génie logiciel. 1. Master monnaie banque assurance finance, option: banque privée internationale; 2. Master monnaie banque assurance finance, option: assurance et réassurance; 3. Master monnaie banque assurance finance, option: finance d'entreprise et d'orientation stratégique; 4. Master monnaie banque assurance finance, option:finance internationale et marchés boursiers; 5. Master droit des affaires, option: ingénierie juridique et fiscale; 6. Master gestion, option: audit et contrôle de gestion; 7. Master gestion, option: gestion financière et comptable des entreprises.",77,"Banque, Assurance, Finance",name
"Licence en management; 2. Licence en finances; 3. Licence en gestion; 4. Licence marketing; 5. Master en management; 6. Master en finances; 7. Master en gestion; 8. Master marketing HA-2017 RepSEN/Ensup-priv/HA006-2017 1. Licence en banque, assurance, finance; 2. Licence en gestion et stratégie d'entreprise; 3. licence en gestion des ressources humaines; 4. Licence en génie logistique; 5. Licence en en management des affaires internationales; 6. Licence en marketing, management et communication; 7. Licence en marketing management communication et relations publiques; 8. Licence en qualité, hygiène, sécurité, environnement (QHSE); 9. Licence en journalisme et communication; 10. Licence en informatique et réseaux; 11. Licence en en management juridique et fiscal; 12. Master en banque, assurance, finance; 13. Master en gestion et stratégie d'entreprise; Programmes non couverts par l’Habilitation institutionnelle mais couverts par des agréments (provisoire(s), extension(s), définitif(s)) 1. Licence en informatique, option: méthodes informatiques appliquées à la gestion (MIAGE); 2. Licence en télécommunication, option: système réseau et télécommunication (SRT); 3. Licence en informatique, option: marketing digital et réseaux sociaux; 4. Licence en informatique, option: génie logiciel; 5. Master en informatique, option: méthodes informatiques appliquées à la gestion; 6. Master en télécommunication, option: système réseau et télécommunication (SRT); 7. Master en informatique, option: marketing digital et réseaux sociaux; 8. Master en informatique, option: génie logiciel. 1. Master monnaie banque assurance finance, option: banque privée internationale; 2. Master monnaie banque assurance finance, option: assurance et réassurance; 3. Master monnaie banque assurance finance, option: finance d'entreprise et d'orientation stratégique; 4. Master monnaie banque assurance finance, option:finance internationale et marchés boursiers; 5. Master droit des affaires, option: ingénierie juridique et fiscale; 6. Master gestion, option: audit et contrôle de gestion; 7. Master gestion, option: gestion financière et comptable des entreprises.",97,Audit et Contrôle de Gestion,name
"Licence en management; 2. Licence en finances; 3. Licence en gestion; 4. Licence marketing; 5. Master en management; 6. Master en finances; 7. Master en gestion; 8. Master marketing HA-2017 RepSEN/Ensup-priv/HA006-2017 1. Licence en banque, assurance, finance; 2. Licence en gestion et stratégie d'entreprise; 3. licence en gestion des ressources humaines; 4. Licence en génie logistique; 5. Licence en en management des affaires internationales; 6. Licence en marketing, management et communication; 7. Licence en marketing management communication et relations publiques; 8. Licence en qualité, hygiène, sécurité, environnement (QHSE); 9. Licence en journalisme et communication; 10. Licence en informatique et réseaux; 11. Licence en en management juridique et fiscal; 12. Master en banque, assurance, finance; 13. Master en gestion et stratégie d'entreprise; Programmes non couverts par l’Habilitation institutionnelle mais couverts par des agréments (provisoire(s), extension(s), définitif(s)) 1. Licence en informatique, option: méthodes informatiques appliquées à la gestion (MIAGE); 2. Licence en télécommunication, option: système réseau et télécommunication (SRT); 3. Licence en informatique, option: marketing digital et réseaux sociaux; 4. Licence en informatique, option: génie logiciel; 5. Master en informatique, option: méthodes informatiques appliquées à la gestion; 6. Master en télécommunication, option: système réseau et télécommunication (SRT); 7. Master en informatique, option: marketing digital et réseaux sociaux; 8. Master en informatique, option: génie logiciel. 1. Master monnaie banque assurance finance, option: banque privée internationale; 2. Master monnaie banque assurance finance, option: assurance et réassurance; 3. Master monnaie banque assurance finance, option: finance d'entreprise et d'orientation stratégique; 4. Master monnaie banque assurance finance, option:finance internationale et marchés boursiers; 5. Master droit des affaires, option: ingénierie juridique et fiscale; 6. Master gestion, option: audit et contrôle de gestion; 7. Master gestion, option: gestion financière et comptable des entreprises.",111,Journalisme,name
"Licence en management; 2. Licence en finances; 3. Licence en gestion; 4. Licence marketing; 5. Master en management; 6. Master en finances; 7. Master en gestion; 8. Master marketing HA-2017 RepSEN/Ensup-priv/HA006-2017 1. Licence en banque, assurance, finance; 2. Licence en gestion et stratégie d'entreprise; 3. licence en gestion des ressources humaines; 4. Licence en génie logistique; 5. Licence en en management des affaires internationales; 6. Licence en marketing, management et communication; 7. Licence en marketing management communication et relations publiques; 8. Licence en qualité, hygiène, sécurité, environnement (QHSE); 9. Licence en journalisme et communication; 10. Licence en informatique et réseaux; 11. Licence en en management juridique et fiscal; 12. Master en banque, assurance, finance; 13. Master en gestion et stratégie d'entreprise; Programmes non couverts par l’Habilitation institutionnelle mais couverts par des agréments (provisoire(s), extension(s), définitif(s)) 1. Licence en informatique, option: méthodes informatiques appliquées à la gestion (MIAGE); 2. Licence en télécommunication, option: système réseau et télécommunication (SRT); 3. Licence en informatique, option: marketing digital et réseaux sociaux; 4. Licence en informatique, option: génie logiciel; 5. Master en informatique, option: méthodes informatiques appliquées à la gestion; 6. Master en télécommunication, option: système réseau et télécommunication (SRT); 7. Master en informatique, option: marketing digital et réseaux sociaux; 8. Master en informatique, option: génie logiciel. 1. Master monnaie banque assurance finance, option: banque privée internationale; 2. Master monnaie banque assurance finance, option: assurance et réassurance; 3. Master monnaie banque assurance finance, option: finance d'entreprise et d'orientation stratégique; 4. Master monnaie banque assurance finance, option:finance internationale et marchés boursiers; 5. Master droit des affaires, option: ingénierie juridique et fiscale; 6. Master gestion, option: audit et contrôle de gestion; 7. Master gestion, option: gestion financière et comptable des entreprises.",121,Communication,name
"Licence en management; 2. Licence en finances; 3. Licence en gestion; 4. Licence marketing; 5. Master en management; 6. Master en finances; 7. Master en gestion; 8. Master marketing HA-2017 RepSEN/Ensup-priv/HA006-2017 1. Licence en banque, assurance, finance; 2. Licence en gestion et stratégie d'entreprise; 3. licence en gestion des ressources humaines; 4. Licence en génie logistique; 5. Licence en en management des affaires internationales; 6. Licence en marketing, management et communication; 7. Licence en marketing management communication et relations publiques; 8. Licence en qualité, hygiène, sécurité, environnement (QHSE); 9. Licence en journalisme et communication; 10. Licence en informatique et réseaux; 11. Licence en en management juridique et fiscal; 12. Master en banque, assurance, finance; 13. Master en gestion et stratégie d'entreprise; Programmes non couverts par l’Habilitation institutionnelle mais couverts par des agréments (provisoire(s), extension(s), définitif(s)) 1. Licence en informatique, option: méthodes informatiques appliquées à la gestion (MIAGE); 2. Licence en télécommunication, option: système réseau et télécommunication (SRT); 3. Licence en informatique, option: marketing digital et réseaux sociaux; 4. Licence en informatique, option: génie logiciel; 5. Master en informatique, option: méthodes informatiques appliquées à la gestion; 6. Master en télécommunication, option: système réseau et télécommunication (SRT); 7. Master en informatique, option: marketing digital et réseaux sociaux; 8. Master en informatique, option: génie logiciel. 1. Master monnaie banque assurance finance, option: banque privée internationale; 2. Master monnaie banque assurance finance, option: assurance et réassurance; 3. Master monnaie banque assurance finance, option: finance d'entreprise et d'orientation stratégique; 4. Master monnaie banque assurance finance, option:finance internationale et marchés boursiers; 5. Master droit des affaires, option: ingénierie juridique et fiscale; 6. Master gestion, option: audit et contrôle de gestion; 7. Master gestion, option: gestion financière et comptable des entreprises.",139,Marketing digital,name
"Licence en management; 2. Licence en finances; 3. Licence en gestion; 4. Licence marketing; 5. Master en management; 6. Master en finances; 7. Master en gestion; 8. Master marketing HA-2017 RepSEN/Ensup-priv/HA006-2017 1. Licence en banque, assurance, finance; 2. Licence en gestion et stratégie d'entreprise; 3. licence en gestion des ressources humaines; 4. Licence en génie logistique; 5. Licence en en management des affaires internationales; 6. Licence en marketing, management et communication; 7. Licence en marketing management communication et relations publiques; 8. Licence en qualité, hygiène, sécurité, environnement (QHSE); 9. Licence en journalisme et communication; 10. Licence en informatique et réseaux; 11. Licence en en management juridique et fiscal; 12. Master en banque, assurance, finance; 13. Master en gestion et stratégie d'entreprise; Programmes non couverts par l’Habilitation institutionnelle mais couverts par des agréments (provisoire(s), extension(s), définitif(s)) 1. Licence en informatique, option: méthodes informatiques appliquées à la gestion (MIAGE); 2. Licence en télécommunication, option: système réseau et télécommunication (SRT); 3. Licence en informatique, option: marketing digital et réseaux sociaux; 4. Licence en informatique, option: génie logiciel; 5. Master en informatique, option: méthodes informatiques appliquées à la gestion; 6. Master en télécommunication, option: système réseau et télécommunication (SRT); 7. Master en informatique, option: marketing digital et réseaux sociaux; 8. Master en informatique, option: génie logiciel. 1. Master monnaie banque assurance finance, option: banque privée internationale; 2. Master monnaie banque assurance finance, option: assurance et réassurance; 3. Master monnaie banque assurance finance, option: finance d'entreprise et d'orientation stratégique; 4. Master monnaie banque assurance finance, option:finance internationale et marchés boursiers; 5. Master droit des affaires, option: ingénierie juridique et fiscale; 6. Master gestion, option: audit et contrôle de gestion; 7. Master gestion, option: gestion financière et comptable des entreprises.",157,Journalisme et Communication,name
"Licence en management; 2. Licence en finances; 3. Licence en gestion; 4. Licence marketing; 5. Master en management; 6. Master en finances; 7. Master en gestion; 8. Master marketing HA-2017 RepSEN/Ensup-priv/HA006-2017 1. Licence en banque, assurance, finance; 2. Licence en gestion et stratégie d'entreprise; 3. licence en gestion des ressources humaines; 4. Licence en génie logistique; 5. Licence en en management des affaires internationales; 6. Licence en marketing, management et communication; 7. Licence en marketing management communication et relations publiques; 8. Licence en qualité, hygiène, sécurité, environnement (QHSE); 9. Licence en journalisme et communication; 10. Licence en informatique et réseaux; 11. Licence en en management juridique et fiscal; 12. Master en banque, assurance, finance; 13. Master en gestion et stratégie d'entreprise; Programmes non couverts par l’Habilitation institutionnelle mais couverts par des agréments (provisoire(s), extension(s), définitif(s)) 1. Licence en informatique, option: méthodes informatiques appliquées à la gestion (MIAGE); 2. Licence en télécommunication, option: système réseau et télécommunication (SRT); 3. Licence en informatique, option: marketing digital et réseaux sociaux; 4. Licence en informatique, option: génie logiciel; 5. Master en informatique, option: méthodes informatiques appliquées à la gestion; 6. Master en télécommunication, option: système réseau et télécommunication (SRT); 7. Master en informatique, option: marketing digital et réseaux sociaux; 8. Master en informatique, option: génie logiciel. 1. Master monnaie banque assurance finance, option: banque privée internationale; 2. Master monnaie banque assurance finance, option: assurance et réassurance; 3. Master monnaie banque assurance finance, option: finance d'entreprise et d'orientation stratégique; 4. Master monnaie banque assurance finance, option:finance internationale et marchés boursiers; 5. Master droit des affaires, option: ingénierie juridique et fiscale; 6. Master gestion, option: audit et contrôle de gestion; 7. Master gestion, option: gestion financière et comptable des entreprises.",163,Marketing Management,name
"Master en en gestion des ressources humaines; 15. Master en génie logistique; 16. Master en management des affaires internationales; 17. Master en marketing, management et communication; 18. Master en management juridique et fiscal; 19. Master en qualité, hygiène, sécurité, environnement et audit; 20. Master en informatique et réseaux; 21. Master en management et stratégie d'entreprise. HA-2021 RepSEN/Ensup-priv/HA083-2021 1. Licence en droit des affaires; 2. Licence en administration publique et territoriale; 3. Master en sciences politiques, relations internationales et action publique; 4. Master en ingénierie juridique, fiscale et financière. HA-2019 RepSEN/Ensup-priv/HA/61-2019 1. Licence en management; 2. Master en management. HA-2018 RepSEN/Ensup-priv/HA/033-2018 1. Master en management de projet, programme et portefeuille; 2. Master of business administration (MBA). 1. Master en droit des affaires, option: droit des affaires et gouvernance d'entreprise. 1. Bachelor of business administration: tourism and hospitality management (Bac+3); 2. Bachelor of computer sciences (Bac+3); 3. Master of business administration: business administration: management.",1,Informatique,name
"Master en en gestion des ressources humaines; 15. Master en génie logistique; 16. Master en management des affaires internationales; 17. Master en marketing, management et communication; 18. Master en management juridique et fiscal; 19. Master en qualité, hygiène, sécurité, environnement et audit; 20. Master en informatique et réseaux; 21. Master en management et stratégie d'entreprise. HA-2021 RepSEN/Ensup-priv/HA083-2021 1. Licence en droit des affaires; 2. Licence en administration publique et territoriale; 3. Master en sciences politiques, relations internationales et action publique; 4. Master en ingénierie juridique, fiscale et financière. HA-2019 RepSEN/Ensup-priv/HA/61-2019 1. Licence en management; 2. Master en management. HA-2018 RepSEN/Ensup-priv/HA/033-2018 1. Master en management de projet, programme et portefeuille; 2. Master of business administration (MBA). 1. Master en droit des affaires, option: droit des affaires et gouvernance d'entreprise. 1. Bachelor of business administration: tourism and hospitality management (Bac+3); 2. Bachelor of computer sciences (Bac+3); 3. Master of business administration: business administration: management.",4,Droit,name
"Master en en gestion des ressources humaines; 15. Master en génie logistique; 16. Master en management des affaires internationales; 17. Master en marketing, management et communication; 18. Master en management juridique et fiscal; 19. Master en qualité, hygiène, sécurité, environnement et audit; 20. Master en informatique et réseaux; 21. Master en management et stratégie d'entreprise. HA-2021 RepSEN/Ensup-priv/HA083-2021 1. Licence en droit des affaires; 2. Licence en administration publique et territoriale; 3. Master en sciences politiques, relations internationales et action publique; 4. Master en ingénierie juridique, fiscale et financière. HA-2019 RepSEN/Ensup-priv/HA/61-2019 1. Licence en management; 2. Master en management. HA-2018 RepSEN/Ensup-priv/HA/033-2018 1. Master en management de projet, programme et portefeuille; 2. Master of business administration (MBA). 1. Master en droit des affaires, option: droit des affaires et gouvernance d'entreprise. 1. Bachelor of business administration: tourism and hospitality management (Bac+3); 2. Bachelor of computer sciences (Bac+3); 3. Master of business administration: business administration: management.",5,Gestion,name
"Master en en gestion des ressources humaines; 15. Master en génie logistique; 16. Master en management des affaires internationales; 17. Master en marketing, management et communication; 18. Master en management juridique et fiscal; 19. Master en qualité, hygiène, sécurité, environnement et audit; 20. Master en informatique et réseaux; 21. Master en management et stratégie d'entreprise. HA-2021 RepSEN/Ensup-priv/HA083-2021 1. Licence en droit des affaires; 2. Licence en administration publique et territoriale; 3. Master en sciences politiques, relations internationales et action publique; 4. Master en ingénierie juridique, fiscale et financière. HA-2019 RepSEN/Ensup-priv/HA/61-2019 1. Licence en management; 2. Master en management. HA-2018 RepSEN/Ensup-priv/HA/033-2018 1. Master en management de projet, programme et portefeuille; 2. Master of business administration (MBA). 1. Master en droit des affaires, option: droit des affaires et gouvernance d'entreprise. 1. Bachelor of business administration: tourism and hospitality management (Bac+3); 2. Bachelor of computer sciences (Bac+3); 3. Master of business administration: business administration: management.",7,Marketing,name
"Master en en gestion des ressources humaines; 15. Master en génie logistique; 16. Master en management des affaires internationales; 17. Master en marketing, management et communication; 18. Master en management juridique et fiscal; 19. Master en qualité, hygiène, sécurité, environnement et audit; 20. Master en informatique et réseaux; 21. Master en management et stratégie d'entreprise. HA-2021 RepSEN/Ensup-priv/HA083-2021 1. Licence en droit des affaires; 2. Licence en administration publique et territoriale; 3. Master en sciences politiques, relations internationales et action publique; 4. Master en ingénierie juridique, fiscale et financière. HA-2019 RepSEN/Ensup-priv/HA/61-2019 1. Licence en management; 2. Master en management. HA-2018 RepSEN/Ensup-priv/HA/033-2018 1. Master en management de projet, programme et portefeuille; 2. Master of business administration (MBA). 1. Master en droit des affaires, option: droit des affaires et gouvernance d'entreprise. 1. Bachelor of business administration: tourism and hospitality management (Bac+3); 2. Bachelor of computer sciences (Bac+3); 3. Master of business administration: business administration: management.",64,Management,name
"Master en en gestion des ressources humaines; 15. Master en génie logistique; 16. Master en management des affaires internationales; 17. Master en marketing, management et communication; 18. Master en management juridique et fiscal; 19. Master en qualité, hygiène, sécurité, environnement et audit; 20. Master en informatique et réseaux; 21. Master en management et stratégie d'entreprise. HA-2021 RepSEN/Ensup-priv/HA083-2021 1. Licence en droit des affaires; 2. Licence en administration publique et territoriale; 3. Master en sciences politiques, relations internationales et action publique; 4. Master en ingénierie juridique, fiscale et financière. HA-2019 RepSEN/Ensup-priv/HA/61-2019 1. Licence en management; 2. Master en management. HA-2018 RepSEN/Ensup-priv/HA/033-2018 1. Master en management de projet, programme et portefeuille; 2. Master of business administration (MBA). 1. Master en droit des affaires, option: droit des affaires et gouvernance d'entreprise. 1. Bachelor of business administration: tourism and hospitality management (Bac+3); 2. Bachelor of computer sciences (Bac+3); 3. Master of business administration: business administration: management.",68,Gestion des ressources humaines,name
"Master en en gestion des ressources humaines; 15. Master en génie logistique; 16. Master en management des affaires internationales; 17. Master en marketing, management et communication; 18. Master en management juridique et fiscal; 19. Master en qualité, hygiène, sécurité, environnement et audit; 20. Master en informatique et réseaux; 21. Master en management et stratégie d'entreprise. HA-2021 RepSEN/Ensup-priv/HA083-2021 1. Licence en droit des affaires; 2. Licence en administration publique et territoriale; 3. Master en sciences politiques, relations internationales et action publique; 4. Master en ingénierie juridique, fiscale et financière. HA-2019 RepSEN/Ensup-priv/HA/61-2019 1. Licence en management; 2. Master en management. HA-2018 RepSEN/Ensup-priv/HA/033-2018 1. Master en management de projet, programme et portefeuille; 2. Master of business administration (MBA). 1. Master en droit des affaires, option: droit des affaires et gouvernance d'entreprise. 1. Bachelor of business administration: tourism and hospitality management (Bac+3); 2. Bachelor of computer sciences (Bac+3); 3. Master of business administration: business administration: management.",69,Génie logistique,name
"Master en en gestion des ressources humaines; 15. Master en génie logistique; 16. Master en management des affaires internationales; 17. Master en marketing, management et communication; 18. Master en management juridique et fiscal; 19. Master en qualité, hygiène, sécurité, environnement et audit; 20. Master en informatique et réseaux; 21. Master en management et stratégie d'entreprise. HA-2021 RepSEN/Ensup-priv/HA083-2021 1. Licence en droit des affaires; 2. Licence en administration publique et territoriale; 3. Master en sciences politiques, relations internationales et action publique; 4. Master en ingénierie juridique, fiscale et financière. HA-2019 RepSEN/Ensup-priv/HA/61-2019 1. Licence en management; 2. Master en management. HA-2018 RepSEN/Ensup-priv/HA/033-2018 1. Master en management de projet, programme et portefeuille; 2. Master of business administration (MBA). 1. Master en droit des affaires, option: droit des affaires et gouvernance d'entreprise. 1. Bachelor of business administration: tourism and hospitality management (Bac+3); 2. Bachelor of computer sciences (Bac+3); 3. Master of business administration: business administration: management.",70,Management des affaires internationales,name
"Master en en gestion des ressources humaines; 15. Master en génie logistique; 16. Master en management des affaires internationales; 17. Master en marketing, management et communication; 18. Master en management juridique et fiscal; 19. Master en qualité, hygiène, sécurité, environnement et audit; 20. Master en informatique et réseaux; 21. Master en management et stratégie d'entreprise. HA-2021 RepSEN/Ensup-priv/HA083-2021 1. Licence en droit des affaires; 2. Licence en administration publique et territoriale; 3. Master en sciences politiques, relations internationales et action publique; 4. Master en ingénierie juridique, fiscale et financière. HA-2019 RepSEN/Ensup-priv/HA/61-2019 1. Licence en management; 2. Master en management. HA-2018 RepSEN/Ensup-priv/HA/033-2018 1. Master en management de projet, programme et portefeuille; 2. Master of business administration (MBA). 1. Master en droit des affaires, option: droit des affaires et gouvernance d'entreprise. 1. Bachelor of business administration: tourism and hospitality management (Bac+3); 2. Bachelor of computer sciences (Bac+3); 3. Master of business administration: business administration: management.",73,Droit des affaires,name
"Master en en gestion des ressources humaines; 15. Master en génie logistique; 16. Master en management des affaires internationales; 17. Master en marketing, management et communication; 18. Master en management juridique et fiscal; 19. Master en qualité, hygiène, sécurité, environnement et audit; 20. Master en informatique et réseaux; 21. Master en management et stratégie d'entreprise. HA-2021 RepSEN/Ensup-priv/HA083-2021 1. Licence en droit des affaires; 2. Licence en administration publique et territoriale; 3. Master en sciences politiques, relations internationales et action publique; 4. Master en ingénierie juridique, fiscale et financière. HA-2019 RepSEN/Ensup-priv/HA/61-2019 1. Licence en management; 2. Master en management. HA-2018 RepSEN/Ensup-priv/HA/033-2018 1. Master en management de projet, programme et portefeuille; 2. Master of business administration (MBA). 1. Master en droit des affaires, option: droit des affaires et gouvernance d'entreprise. 1. Bachelor of business administration: tourism and hospitality management (Bac+3); 2. Bachelor of computer sciences (Bac+3); 3. Master of business administration: business administration: management.",74,Administration publique et territoriale,name
"Master en en gestion des ressources humaines; 15. Master en génie logistique; 16. Master en management des affaires internationales; 17. Master en marketing, management et communication; 18. Master en management juridique et fiscal; 19. Master en qualité, hygiène, sécurité, environnement et audit; 20. Master en informatique et réseaux; 21. Master en management et stratégie d'entreprise. HA-2021 RepSEN/Ensup-priv/HA083-2021 1. Licence en droit des affaires; 2. Licence en administration publique et territoriale; 3. Master en sciences politiques, relations internationales et action publique; 4. Master en ingénierie juridique, fiscale et financière. HA-2019 RepSEN/Ensup-priv/HA/61-2019 1. Licence en management; 2. Master en management. HA-2018 RepSEN/Ensup-priv/HA/033-2018 1. Master en management de projet, programme et portefeuille; 2. Master of business administration (MBA). 1. Master en droit des affaires, option: droit des affaires et gouvernance d'entreprise. 1. Bachelor of business administration: tourism and hospitality management (Bac+3); 2. Bachelor of computer sciences (Bac+3); 3. Master of business administration: business administration: management.",75,Management de projet,name
"Master en en gestion des ressources humaines; 15. Master en génie logistique; 16. Master en management des affaires internationales; 17. Master en marketing, management et communication; 18. Master en management juridique et fiscal; 19. Master en qualité, hygiène, sécurité, environnement et audit; 20. Master en informatique et réseaux; 21. Master en management et stratégie d'entreprise. HA-2021 RepSEN/Ensup-priv/HA083-2021 1. Licence en droit des affaires; 2. Licence en administration publique et territoriale; 3. Master en sciences politiques, relations internationales et action publique; 4. Master en ingénierie juridique, fiscale et financière. HA-2019 RepSEN/Ensup-priv/HA/61-2019 1. Licence en management; 2. Master en management. HA-2018 RepSEN/Ensup-priv/HA/033-2018 1. Master en management de projet, programme et portefeuille; 2. Master of business administration (MBA). 1. Master en droit des affaires, option: droit des affaires et gouvernance d'entreprise. 1. Bachelor of business administration: tourism and hospitality management (Bac+3); 2. Bachelor of computer sciences (Bac+3); 3. Master of business administration: business administration: management.",76,Master of Business Administration (MBA),name
"Master en en gestion des ressources humaines; 15. Master en génie logistique; 16. Master en management des affaires internationales; 17. Master en marketing, management et communication; 18. Master en management juridique et fiscal; 19. Master en qualité, hygiène, sécurité, environnement et audit; 20. Master en informatique et réseaux; 21. Master en management et stratégie d'entreprise. HA-2021 RepSEN/Ensup-priv/HA083-2021 1. Licence en droit des affaires; 2. Licence en administration publique et territoriale; 3. Master en sciences politiques, relations internationales et action publique; 4. Master en ingénierie juridique, fiscale et financière. HA-2019 RepSEN/Ensup-priv/HA/61-2019 1. Licence en management; 2. Master en management. HA-2018 RepSEN/Ensup-priv/HA/033-2018 1. Master en management de projet, programme et portefeuille; 2. Master of business administration (MBA). 1. Master en droit des affaires, option: droit des affaires et gouvernance d'entreprise. 1. Bachelor of business administration: tourism and hospitality management (Bac+3); 2. Bachelor of computer sciences (Bac+3); 3. Master of business administration: business administration: management.",101,Sciences Politiques,name
"Master en en gestion des ressources humaines; 15. Master en génie logistique; 16. Master en management des affaires internationales; 17. Master en marketing, management et communication; 18. Master en management juridique et fiscal; 19. Master en qualité, hygiène, sécurité, environnement et audit; 20. Master en informatique et réseaux; 21. Master en management et stratégie d'entreprise. HA-2021 RepSEN/Ensup-priv/HA083-2021 1. Licence en droit des affaires; 2. Licence en administration publique et territoriale; 3. Master en sciences politiques, relations internationales et action publique; 4. Master en ingénierie juridique, fiscale et financière. HA-2019 RepSEN/Ensup-priv/HA/61-2019 1. Licence en management; 2. Master en management. HA-2018 RepSEN/Ensup-priv/HA/033-2018 1. Master en management de projet, programme et portefeuille; 2. Master of business administration (MBA). 1. Master en droit des affaires, option: droit des affaires et gouvernance d'entreprise. 1. Bachelor of business administration: tourism and hospitality management (Bac+3); 2. Bachelor of computer sciences (Bac+3); 3. Master of business administration: business administration: management.",121,Communication,name
"Licence professionnelle en conception, emballage et maintenance des systèmes photovoltaïques, option: génie civil; 2. Licence professionnelle en conception, emballage et maintenance des systèmes photovoltaïques, option: énergies renouvelables; 3. Master professionnel en conception, emballage et maintenance des systèmes photovoltaïques, option: génie civil; 4. Master professionnel en conception, emballage et maintenance des systèmes photovoltaïques, option: énergies renouvelables. 1. Licence génie des télécommunications et réseaux des énergies renouvelables; 2. Master génie des télécommunications et réseaux des énergies renouvelables.",2,Génie Civil,name
"Licence professionnelle en conception, emballage et maintenance des systèmes photovoltaïques, option: génie civil; 2. Licence professionnelle en conception, emballage et maintenance des systèmes photovoltaïques, option: énergies renouvelables; 3. Master professionnel en conception, emballage et maintenance des systèmes photovoltaïques, option: génie civil; 4. Master professionnel en conception, emballage et maintenance des systèmes photovoltaïques, option: énergies renouvelables. 1. Licence génie des télécommunications et réseaux des énergies renouvelables; 2. Master génie des télécommunications et réseaux des énergies renouvelables.",12,EPT,name
"Licence professionnelle en conception, emballage et maintenance des systèmes photovoltaïques, option: génie civil; 2. Licence professionnelle en conception, emballage et maintenance des systèmes photovoltaïques, option: énergies renouvelables; 3. Master professionnel en conception, emballage et maintenance des systèmes photovoltaïques, option: génie civil; 4. Master professionnel en conception, emballage et maintenance des systèmes photovoltaïques, option: énergies renouvelables. 1. Licence génie des télécommunications et réseaux des énergies renouvelables; 2. Master génie des télécommunications et réseaux des énergies renouvelables.",121,Communication,name
"Licence professionnelle en conception, emballage et maintenance des systèmes photovoltaïques, option: génie civil; 2. Licence professionnelle en conception, emballage et maintenance des systèmes photovoltaïques, option: énergies renouvelables; 3. Master professionnel en conception, emballage et maintenance des systèmes photovoltaïques, option: génie civil; 4. Master professionnel en conception, emballage et maintenance des systèmes photovoltaïques, option: énergies renouvelables. 1. Licence génie des télécommunications et réseaux des énergies renouvelables; 2. Master génie des télécommunications et réseaux des énergies renouvelables.",162,Télécommunications,name
Licence en logistique et transport; 2. Licence en logistique maritime et portuaire; 3. Licence en commerce et marketing international; 4. Master logistique et transport; 5. Master management portuaire et maritime HA-2021 RepSEN/Ensup-priv/HA/079-2021 1. Licence professionnelle en management; 2. Master professionnel en management des organisations; 3. Master professionnel en management des ressources humaines d'audit et d'expertise sociale 1. Licence professionnel en maître de port; 2. Licence professionnel en officier des corps technique et administratif des affaires maritimes; 3. Master en commerce et marketing international; 4. Master professionnel en administration des affaires maritimes; 5. Master professionnel en droit et sécurité des activités maritimes et océaniques; 6. Master professionnel en officier de port.,4,Droit,name
Licence en logistique et transport; 2. Licence en logistique maritime et portuaire; 3. Licence en commerce et marketing international; 4. Master logistique et transport; 5. Master management portuaire et maritime HA-2021 RepSEN/Ensup-priv/HA/079-2021 1. Licence professionnelle en management; 2. Master professionnel en management des organisations; 3. Master professionnel en management des ressources humaines d'audit et d'expertise sociale 1. Licence professionnel en maître de port; 2. Licence professionnel en officier des corps technique et administratif des affaires maritimes; 3. Master en commerce et marketing international; 4. Master professionnel en administration des affaires maritimes; 5. Master professionnel en droit et sécurité des activités maritimes et océaniques; 6. Master professionnel en officier de port.,7,Marketing,name
Licence en logistique et transport; 2. Licence en logistique maritime et portuaire; 3. Licence en commerce et marketing international; 4. Master logistique et transport; 5. Master management portuaire et maritime HA-2021 RepSEN/Ensup-priv/HA/079-2021 1. Licence professionnelle en management; 2. Master professionnel en management des organisations; 3. Master professionnel en management des ressources humaines d'audit et d'expertise sociale 1. Licence professionnel en maître de port; 2. Licence professionnel en officier des corps technique et administratif des affaires maritimes; 3. Master en commerce et marketing international; 4. Master professionnel en administration des affaires maritimes; 5. Master professionnel en droit et sécurité des activités maritimes et océaniques; 6. Master professionnel en officier de port.,64,Management,name
Licence en logistique et transport; 2. Licence en logistique maritime et portuaire; 3. Licence en commerce et marketing international; 4. Master logistique et transport; 5. Master management portuaire et maritime HA-2021 RepSEN/Ensup-priv/HA/079-2021 1. Licence professionnelle en management; 2. Master professionnel en management des organisations; 3. Master professionnel en management des ressources humaines d'audit et d'expertise sociale 1. Licence professionnel en maître de port; 2. Licence professionnel en officier des corps technique et administratif des affaires maritimes; 3. Master en commerce et marketing international; 4. Master professionnel en administration des affaires maritimes; 5. Master professionnel en droit et sécurité des activités maritimes et océaniques; 6. Master professionnel en officier de port.,80,Management des organisations,name
Licence en logistique et transport; 2. Licence en logistique maritime et portuaire; 3. Licence en commerce et marketing international; 4. Master logistique et transport; 5. Master management portuaire et maritime HA-2021 RepSEN/Ensup-priv/HA/079-2021 1. Licence professionnelle en management; 2. Master professionnel en management des organisations; 3. Master professionnel en management des ressources humaines d'audit et d'expertise sociale 1. Licence professionnel en maître de port; 2. Licence professionnel en officier des corps technique et administratif des affaires maritimes; 3. Master en commerce et marketing international; 4. Master professionnel en administration des affaires maritimes; 5. Master professionnel en droit et sécurité des activités maritimes et océaniques; 6. Master professionnel en officier de port.,112,Administration des Affaires,name
Licence en marketing et communication; 2. Licence en transport logistique.,7,Marketing,name
Licence en marketing et communication; 2. Licence en transport logistique.,71,Marketing et communication,name
Licence en marketing et communication; 2. Licence en transport logistique.,78,Transport logistique,name
Licence en marketing et communication; 2. Licence en transport logistique.,121,Communication,name
"Licence en génie civil et construction; 2. Licence en électrotechnique; 3. Licence professionnelle en géomètre-topographe; 4. Licence en électromécanique et systèmes automatisés; 5. Licence en géotechnique et routes; 6. Licence en hydraulique et assainissement; 7. Licence en énergies renouvelables; 8. Licence en hygiène-qualité-sécurité-environnement (HQSE); 9. Licence en management de l'environnement et stratégie de développement durable; 10. Master en génie civil et construction; 11. Master en électrotechnique; 12. Master en géomètre-topographe; 13. Master en électromécanique et systèmes automatisés; 14. Master en géotechnique et routes; 15. Master en hydraulique et assainissement; 16. Master en énergies renouvelables; 17. Master en hygiène-qualité-sécurité- environnement (HQSE); 18. Master en management de l'environnement et stratégie de développement durable. Programmes non couverts par l’Habilitation institutionnelle mais couverts par des agréments (provisoire(s), extension(s), définitif(s)) 1. Licence professionnelle en ingénierie immobilière et gestion foncière; 2. Licence professionnelle en statistiques appliquées et informatique décisionnelle; 3. Licence professionnelle en management et suivi- évaluation des projets; 4. Licence professionnelle en télécommunication; 5. Licence professionnelle en informatique de gestion; 6. Master professionnel en ingénierie immobilière et gestion foncière; 7. Master professionnel en statistiques appliquées et informatique décisionnelle; 8. Master professionnel en management et suivi- évaluation des projets; 9. Master professionnel en télécommunication; 10. Master professionnel en informatique de gestion; 11. Master professionnel en management et passation de marché.",1,Informatique,name
"Licence en génie civil et construction; 2. Licence en électrotechnique; 3. Licence professionnelle en géomètre-topographe; 4. Licence en électromécanique et systèmes automatisés; 5. Licence en géotechnique et routes; 6. Licence en hydraulique et assainissement; 7. Licence en énergies renouvelables; 8. Licence en hygiène-qualité-sécurité-environnement (HQSE); 9. Licence en management de l'environnement et stratégie de développement durable; 10. Master en génie civil et construction; 11. Master en électrotechnique; 12. Master en géomètre-topographe; 13. Master en électromécanique et systèmes automatisés; 14. Master en géotechnique et routes; 15. Master en hydraulique et assainissement; 16. Master en énergies renouvelables; 17. Master en hygiène-qualité-sécurité- environnement (HQSE); 18. Master en management de l'environnement et stratégie de développement durable. Programmes non couverts par l’Habilitation institutionnelle mais couverts par des agréments (provisoire(s), extension(s), définitif(s)) 1. Licence professionnelle en ingénierie immobilière et gestion foncière; 2. Licence professionnelle en statistiques appliquées et informatique décisionnelle; 3. Licence professionnelle en management et suivi- évaluation des projets; 4. Licence professionnelle en télécommunication; 5. Licence professionnelle en informatique de gestion; 6. Master professionnel en ingénierie immobilière et gestion foncière; 7. Master professionnel en statistiques appliquées et informatique décisionnelle; 8. Master professionnel en management et suivi- évaluation des projets; 9. Master professionnel en télécommunication; 10. Master professionnel en informatique de gestion; 11. Master professionnel en management et passation de marché.",2,Génie Civil,name
"Licence en génie civil et construction; 2. Licence en électrotechnique; 3. Licence professionnelle en géomètre-topographe; 4. Licence en électromécanique et systèmes automatisés; 5. Licence en géotechnique et routes; 6. Licence en hydraulique et assainissement; 7. Licence en énergies renouvelables; 8. Licence en hygiène-qualité-sécurité-environnement (HQSE); 9. Licence en management de l'environnement et stratégie de développement durable; 10. Master en génie civil et construction; 11. Master en électrotechnique; 12. Master en géomètre-topographe; 13. Master en électromécanique et systèmes automatisés; 14. Master en géotechnique et routes; 15. Master en hydraulique et assainissement; 16. Master en énergies renouvelables; 17. Master en hygiène-qualité-sécurité- environnement (HQSE); 18. Master en management de l'environnement et stratégie de développement durable. Programmes non couverts par l’Habilitation institutionnelle mais couverts par des agréments (provisoire(s), extension(s), définitif(s)) 1. Licence professionnelle en ingénierie immobilière et gestion foncière; 2. Licence professionnelle en statistiques appliquées et informatique décisionnelle; 3. Licence professionnelle en management et suivi- évaluation des projets; 4. Licence professionnelle en télécommunication; 5. Licence professionnelle en informatique de gestion; 6. Master professionnel en ingénierie immobilière et gestion foncière; 7. Master professionnel en statistiques appliquées et informatique décisionnelle; 8. Master professionnel en management et suivi- évaluation des projets; 9. Master professionnel en télécommunication; 10. Master professionnel en informatique de gestion; 11. Master professionnel en management et passation de marché.",5,Gestion,name
"Licence en génie civil et construction; 2. Licence en électrotechnique; 3. Licence professionnelle en géomètre-topographe; 4. Licence en électromécanique et systèmes automatisés; 5. Licence en géotechnique et routes; 6. Licence en hydraulique et assainissement; 7. Licence en énergies renouvelables; 8. Licence en hygiène-qualité-sécurité-environnement (HQSE); 9. Licence en management de l'environnement et stratégie de développement durable; 10. Master en génie civil et construction; 11. Master en électrotechnique; 12. Master en géomètre-topographe; 13. Master en électromécanique et systèmes automatisés; 14. Master en géotechnique et routes; 15. Master en hydraulique et assainissement; 16. Master en énergies renouvelables; 17. Master en hygiène-qualité-sécurité- environnement (HQSE); 18. Master en management de l'environnement et stratégie de développement durable. Programmes non couverts par l’Habilitation institutionnelle mais couverts par des agréments (provisoire(s), extension(s), définitif(s)) 1. Licence professionnelle en ingénierie immobilière et gestion foncière; 2. Licence professionnelle en statistiques appliquées et informatique décisionnelle; 3. Licence professionnelle en management et suivi- évaluation des projets; 4. Licence professionnelle en télécommunication; 5. Licence professionnelle en informatique de gestion; 6. Master professionnel en ingénierie immobilière et gestion foncière; 7. Master professionnel en statistiques appliquées et informatique décisionnelle; 8. Master professionnel en management et suivi- évaluation des projets; 9. Master professionnel en télécommunication; 10. Master professionnel en informatique de gestion; 11. Master professionnel en management et passation de marché.",15,Informatique de Gestion,name
"Licence en génie civil et construction; 2. Licence en électrotechnique; 3. Licence professionnelle en géomètre-topographe; 4. Licence en électromécanique et systèmes automatisés; 5. Licence en géotechnique et routes; 6. Licence en hydraulique et assainissement; 7. Licence en énergies renouvelables; 8. Licence en hygiène-qualité-sécurité-environnement (HQSE); 9. Licence en management de l'environnement et stratégie de développement durable; 10. Master en génie civil et construction; 11. Master en électrotechnique; 12. Master en géomètre-topographe; 13. Master en électromécanique et systèmes automatisés; 14. Master en géotechnique et routes; 15. Master en hydraulique et assainissement; 16. Master en énergies renouvelables; 17. Master en hygiène-qualité-sécurité- environnement (HQSE); 18. Master en management de l'environnement et stratégie de développement durable. Programmes non couverts par l’Habilitation institutionnelle mais couverts par des agréments (provisoire(s), extension(s), définitif(s)) 1. Licence professionnelle en ingénierie immobilière et gestion foncière; 2. Licence professionnelle en statistiques appliquées et informatique décisionnelle; 3. Licence professionnelle en management et suivi- évaluation des projets; 4. Licence professionnelle en télécommunication; 5. Licence professionnelle en informatique de gestion; 6. Master professionnel en ingénierie immobilière et gestion foncière; 7. Master professionnel en statistiques appliquées et informatique décisionnelle; 8. Master professionnel en management et suivi- évaluation des projets; 9. Master professionnel en télécommunication; 10. Master professionnel en informatique de gestion; 11. Master professionnel en management et passation de marché.",45,Géomètre-Topographe,name
"Licence en génie civil et construction; 2. Licence en électrotechnique; 3. Licence professionnelle en géomètre-topographe; 4. Licence en électromécanique et systèmes automatisés; 5. Licence en géotechnique et routes; 6. Licence en hydraulique et assainissement; 7. Licence en énergies renouvelables; 8. Licence en hygiène-qualité-sécurité-environnement (HQSE); 9. Licence en management de l'environnement et stratégie de développement durable; 10. Master en génie civil et construction; 11. Master en électrotechnique; 12. Master en géomètre-topographe; 13. Master en électromécanique et systèmes automatisés; 14. Master en géotechnique et routes; 15. Master en hydraulique et assainissement; 16. Master en énergies renouvelables; 17. Master en hygiène-qualité-sécurité- environnement (HQSE); 18. Master en management de l'environnement et stratégie de développement durable. Programmes non couverts par l’Habilitation institutionnelle mais couverts par des agréments (provisoire(s), extension(s), définitif(s)) 1. Licence professionnelle en ingénierie immobilière et gestion foncière; 2. Licence professionnelle en statistiques appliquées et informatique décisionnelle; 3. Licence professionnelle en management et suivi- évaluation des projets; 4. Licence professionnelle en télécommunication; 5. Licence professionnelle en informatique de gestion; 6. Master professionnel en ingénierie immobilière et gestion foncière; 7. Master professionnel en statistiques appliquées et informatique décisionnelle; 8. Master professionnel en management et suivi- évaluation des projets; 9. Master professionnel en télécommunication; 10. Master professionnel en informatique de gestion; 11. Master professionnel en management et passation de marché.",64,Management,name
"Licence en génie civil et construction; 2. Licence en électrotechnique; 3. Licence professionnelle en géomètre-topographe; 4. Licence en électromécanique et systèmes automatisés; 5. Licence en géotechnique et routes; 6. Licence en hydraulique et assainissement; 7. Licence en énergies renouvelables; 8. Licence en hygiène-qualité-sécurité-environnement (HQSE); 9. Licence en management de l'environnement et stratégie de développement durable; 10. Master en génie civil et construction; 11. Master en électrotechnique; 12. Master en géomètre-topographe; 13. Master en électromécanique et systèmes automatisés; 14. Master en géotechnique et routes; 15. Master en hydraulique et assainissement; 16. Master en énergies renouvelables; 17. Master en hygiène-qualité-sécurité- environnement (HQSE); 18. Master en management de l'environnement et stratégie de développement durable. Programmes non couverts par l’Habilitation institutionnelle mais couverts par des agréments (provisoire(s), extension(s), définitif(s)) 1. Licence professionnelle en ingénierie immobilière et gestion foncière; 2. Licence professionnelle en statistiques appliquées et informatique décisionnelle; 3. Licence professionnelle en management et suivi- évaluation des projets; 4. Licence professionnelle en télécommunication; 5. Licence professionnelle en informatique de gestion; 6. Master professionnel en ingénierie immobilière et gestion foncière; 7. Master professionnel en statistiques appliquées et informatique décisionnelle; 8. Master professionnel en management et suivi- évaluation des projets; 9. Master professionnel en télécommunication; 10. Master professionnel en informatique de gestion; 11. Master professionnel en management et passation de marché.",81,Électrotechnique,name
"Licence en génie civil et construction; 2. Licence en électrotechnique; 3. Licence professionnelle en géomètre-topographe; 4. Licence en électromécanique et systèmes automatisés; 5. Licence en géotechnique et routes; 6. Licence en hydraulique et assainissement; 7. Licence en énergies renouvelables; 8. Licence en hygiène-qualité-sécurité-environnement (HQSE); 9. Licence en management de l'environnement et stratégie de développement durable; 10. Master en génie civil et construction; 11. Master en électrotechnique; 12. Master en géomètre-topographe; 13. Master en électromécanique et systèmes automatisés; 14. Master en géotechnique et routes; 15. Master en hydraulique et assainissement; 16. Master en énergies renouvelables; 17. Master en hygiène-qualité-sécurité- environnement (HQSE); 18. Master en management de l'environnement et stratégie de développement durable. Programmes non couverts par l’Habilitation institutionnelle mais couverts par des agréments (provisoire(s), extension(s), définitif(s)) 1. Licence professionnelle en ingénierie immobilière et gestion foncière; 2. Licence professionnelle en statistiques appliquées et informatique décisionnelle; 3. Licence professionnelle en management et suivi- évaluation des projets; 4. Licence professionnelle en télécommunication; 5. Licence professionnelle en informatique de gestion; 6. Master professionnel en ingénierie immobilière et gestion foncière; 7. Master professionnel en statistiques appliquées et informatique décisionnelle; 8. Master professionnel en management et suivi- évaluation des projets; 9. Master professionnel en télécommunication; 10. Master professionnel en informatique de gestion; 11. Master professionnel en management et passation de marché.",83,Électromécanique et systèmes automatisés,name
"Licence en génie civil et construction; 2. Licence en électrotechnique; 3. Licence professionnelle en géomètre-topographe; 4. Licence en électromécanique et systèmes automatisés; 5. Licence en géotechnique et routes; 6. Licence en hydraulique et assainissement; 7. Licence en énergies renouvelables; 8. Licence en hygiène-qualité-sécurité-environnement (HQSE); 9. Licence en management de l'environnement et stratégie de développement durable; 10. Master en génie civil et construction; 11. Master en électrotechnique; 12. Master en géomètre-topographe; 13. Master en électromécanique et systèmes automatisés; 14. Master en géotechnique et routes; 15. Master en hydraulique et assainissement; 16. Master en énergies renouvelables; 17. Master en hygiène-qualité-sécurité- environnement (HQSE); 18. Master en management de l'environnement et stratégie de développement durable. Programmes non couverts par l’Habilitation institutionnelle mais couverts par des agréments (provisoire(s), extension(s), définitif(s)) 1. Licence professionnelle en ingénierie immobilière et gestion foncière; 2. Licence professionnelle en statistiques appliquées et informatique décisionnelle; 3. Licence professionnelle en management et suivi- évaluation des projets; 4. Licence professionnelle en télécommunication; 5. Licence professionnelle en informatique de gestion; 6. Master professionnel en ingénierie immobilière et gestion foncière; 7. Master professionnel en statistiques appliquées et informatique décisionnelle; 8. Master professionnel en management et suivi- évaluation des projets; 9. Master professionnel en télécommunication; 10. Master professionnel en informatique de gestion; 11. Master professionnel en management et passation de marché.",84,Géotechnique,name
"Licence en génie civil et construction; 2. Licence en électrotechnique; 3. Licence professionnelle en géomètre-topographe; 4. Licence en électromécanique et systèmes automatisés; 5. Licence en géotechnique et routes; 6. Licence en hydraulique et assainissement; 7. Licence en énergies renouvelables; 8. Licence en hygiène-qualité-sécurité-environnement (HQSE); 9. Licence en management de l'environnement et stratégie de développement durable; 10. Master en génie civil et construction; 11. Master en électrotechnique; 12. Master en géomètre-topographe; 13. Master en électromécanique et systèmes automatisés; 14. Master en géotechnique et routes; 15. Master en hydraulique et assainissement; 16. Master en énergies renouvelables; 17. Master en hygiène-qualité-sécurité- environnement (HQSE); 18. Master en management de l'environnement et stratégie de développement durable. Programmes non couverts par l’Habilitation institutionnelle mais couverts par des agréments (provisoire(s), extension(s), définitif(s)) 1. Licence professionnelle en ingénierie immobilière et gestion foncière; 2. Licence professionnelle en statistiques appliquées et informatique décisionnelle; 3. Licence professionnelle en management et suivi- évaluation des projets; 4. Licence professionnelle en télécommunication; 5. Licence professionnelle en informatique de gestion; 6. Master professionnel en ingénierie immobilière et gestion foncière; 7. Master professionnel en statistiques appliquées et informatique décisionnelle; 8. Master professionnel en management et suivi- évaluation des projets; 9. Master professionnel en télécommunication; 10. Master professionnel en informatique de gestion; 11. Master professionnel en management et passation de marché.",85,Hydraulique et assainissement,name
"Licence en génie civil et construction; 2. Licence en électrotechnique; 3. Licence professionnelle en géomètre-topographe; 4. Licence en électromécanique et systèmes automatisés; 5. Licence en géotechnique et routes; 6. Licence en hydraulique et assainissement; 7. Licence en énergies renouvelables; 8. Licence en hygiène-qualité-sécurité-environnement (HQSE); 9. Licence en management de l'environnement et stratégie de développement durable; 10. Master en génie civil et construction; 11. Master en électrotechnique; 12. Master en géomètre-topographe; 13. Master en électromécanique et systèmes automatisés; 14. Master en géotechnique et routes; 15. Master en hydraulique et assainissement; 16. Master en énergies renouvelables; 17. Master en hygiène-qualité-sécurité- environnement (HQSE); 18. Master en management de l'environnement et stratégie de développement durable. Programmes non couverts par l’Habilitation institutionnelle mais couverts par des agréments (provisoire(s), extension(s), définitif(s)) 1. Licence professionnelle en ingénierie immobilière et gestion foncière; 2. Licence professionnelle en statistiques appliquées et informatique décisionnelle; 3. Licence professionnelle en management et suivi- évaluation des projets; 4. Licence professionnelle en télécommunication; 5. Licence professionnelle en informatique de gestion; 6. Master professionnel en ingénierie immobilière et gestion foncière; 7. Master professionnel en statistiques appliquées et informatique décisionnelle; 8. Master professionnel en management et suivi- évaluation des projets; 9. Master professionnel en télécommunication; 10. Master professionnel en informatique de gestion; 11. Master professionnel en management et passation de marché.",121,Communication,name
"Licence en génie civil et construction; 2. Licence en électrotechnique; 3. Licence professionnelle en géomètre-topographe; 4. Licence en électromécanique et systèmes automatisés; 5. Licence en géotechnique et routes; 6. Licence en hydraulique et assainissement; 7. Licence en énergies renouvelables; 8. Licence en hygiène-qualité-sécurité-environnement (HQSE); 9. Licence en management de l'environnement et stratégie de développement durable; 10. Master en génie civil et construction; 11. Master en électrotechnique; 12. Master en géomètre-topographe; 13. Master en électromécanique et systèmes automatisés; 14. Master en géotechnique et routes; 15. Master en hydraulique et assainissement; 16. Master en énergies renouvelables; 17. Master en hygiène-qualité-sécurité- environnement (HQSE); 18. Master en management de l'environnement et stratégie de développement durable. Programmes non couverts par l’Habilitation institutionnelle mais couverts par des agréments (provisoire(s), extension(s), définitif(s)) 1. Licence professionnelle en ingénierie immobilière et gestion foncière; 2. Licence professionnelle en statistiques appliquées et informatique décisionnelle; 3. Licence professionnelle en management et suivi- évaluation des projets; 4. Licence professionnelle en télécommunication; 5. Licence professionnelle en informatique de gestion; 6. Master professionnel en ingénierie immobilière et gestion foncière; 7. Master professionnel en statistiques appliquées et informatique décisionnelle; 8. Master professionnel en management et suivi- évaluation des projets; 9. Master professionnel en télécommunication; 10. Master professionnel en informatique de gestion; 11. Master professionnel en management et passation de marché.",160,Ingénierie immobilière et Gestion foncière,name
"Licence en électromécanique; 2. Licence en énergie; 3. Licence en informatique industrielle; 4. Licence en génie civil; 5. Master en électromécanique; 6. Master en énergie; 7. Master en informatique industrielle; 8. Master en génie civil; 1. Diplôme d'ingénieur technologue (DIT, bac+5) 2. Diplôme d'ingénieur de conception (DIC, bac+5), option: electromécanique; 3. Diplôme d'ingénieur de conception (DIC, bac+5), option: electronique; 4. Diplôme d'ingénieur de conception (DIC, bac+5), option: informatique industrielle; 5. Diplôme d'ingénieur de conception (DIC, bac+5), option: télécommunication; 6. Master en électronique; 7. Master en télécommunication. Ecole Supérieure de Génie Industriel et biologique (ESGIB) Ecole Supérieure de Management Stratégique (ESMS) HA-2021 1218/MESRI/ANAQ-Sup/SE/DIPriv/nmf 1. Licence en génie biologique; 2. Licence professionnelle en génie des industries chimiques; 3. Licence en génie des industries agroalimentaires; 4. Licence en hygiène, qualité, sécurité, environnement. HA-2018 RepSEN/ensup-priv/HA/052-2018 1. Licence en management des entreprises; 2. Licence en marketing communication; 3. Licence en commerce international; 4. Licence en transport logistique; 5. Licence en informatique de gestion; 6. Licence en banque finance assurance; 7. Licence en gestion des ressources humaines; 8. Licence en comptabilité - gestion. 1. Master Génie des procédés industriels, option : génies des industries agro-alimentaires ; 2. Master génie des procédés industriels, option : génies des industries chimiques ; 3. Master qualité sécurité environnement (QSE).",1,Informatique,name
"Licence en électromécanique; 2. Licence en énergie; 3. Licence en informatique industrielle; 4. Licence en génie civil; 5. Master en électromécanique; 6. Master en énergie; 7. Master en informatique industrielle; 8. Master en génie civil; 1. Diplôme d'ingénieur technologue (DIT, bac+5) 2. Diplôme d'ingénieur de conception (DIC, bac+5), option: electromécanique; 3. Diplôme d'ingénieur de conception (DIC, bac+5), option: electronique; 4. Diplôme d'ingénieur de conception (DIC, bac+5), option: informatique industrielle; 5. Diplôme d'ingénieur de conception (DIC, bac+5), option: télécommunication; 6. Master en électronique; 7. Master en télécommunication. Ecole Supérieure de Génie Industriel et biologique (ESGIB) Ecole Supérieure de Management Stratégique (ESMS) HA-2021 1218/MESRI/ANAQ-Sup/SE/DIPriv/nmf 1. Licence en génie biologique; 2. Licence professionnelle en génie des industries chimiques; 3. Licence en génie des industries agroalimentaires; 4. Licence en hygiène, qualité, sécurité, environnement. HA-2018 RepSEN/ensup-priv/HA/052-2018 1. Licence en management des entreprises; 2. Licence en marketing communication; 3. Licence en commerce international; 4. Licence en transport logistique; 5. Licence en informatique de gestion; 6. Licence en banque finance assurance; 7. Licence en gestion des ressources humaines; 8. Licence en comptabilité - gestion. 1. Master Génie des procédés industriels, option : génies des industries agro-alimentaires ; 2. Master génie des procédés industriels, option : génies des industries chimiques ; 3. Master qualité sécurité environnement (QSE).",2,Génie Civil,name
"Licence en électromécanique; 2. Licence en énergie; 3. Licence en informatique industrielle; 4. Licence en génie civil; 5. Master en électromécanique; 6. Master en énergie; 7. Master en informatique industrielle; 8. Master en génie civil; 1. Diplôme d'ingénieur technologue (DIT, bac+5) 2. Diplôme d'ingénieur de conception (DIC, bac+5), option: electromécanique; 3. Diplôme d'ingénieur de conception (DIC, bac+5), option: electronique; 4. Diplôme d'ingénieur de conception (DIC, bac+5), option: informatique industrielle; 5. Diplôme d'ingénieur de conception (DIC, bac+5), option: télécommunication; 6. Master en électronique; 7. Master en télécommunication. Ecole Supérieure de Génie Industriel et biologique (ESGIB) Ecole Supérieure de Management Stratégique (ESMS) HA-2021 1218/MESRI/ANAQ-Sup/SE/DIPriv/nmf 1. Licence en génie biologique; 2. Licence professionnelle en génie des industries chimiques; 3. Licence en génie des industries agroalimentaires; 4. Licence en hygiène, qualité, sécurité, environnement. HA-2018 RepSEN/ensup-priv/HA/052-2018 1. Licence en management des entreprises; 2. Licence en marketing communication; 3. Licence en commerce international; 4. Licence en transport logistique; 5. Licence en informatique de gestion; 6. Licence en banque finance assurance; 7. Licence en gestion des ressources humaines; 8. Licence en comptabilité - gestion. 1. Master Génie des procédés industriels, option : génies des industries agro-alimentaires ; 2. Master génie des procédés industriels, option : génies des industries chimiques ; 3. Master qualité sécurité environnement (QSE).",5,Gestion,name
"Licence en électromécanique; 2. Licence en énergie; 3. Licence en informatique industrielle; 4. Licence en génie civil; 5. Master en électromécanique; 6. Master en énergie; 7. Master en informatique industrielle; 8. Master en génie civil; 1. Diplôme d'ingénieur technologue (DIT, bac+5) 2. Diplôme d'ingénieur de conception (DIC, bac+5), option: electromécanique; 3. Diplôme d'ingénieur de conception (DIC, bac+5), option: electronique; 4. Diplôme d'ingénieur de conception (DIC, bac+5), option: informatique industrielle; 5. Diplôme d'ingénieur de conception (DIC, bac+5), option: télécommunication; 6. Master en électronique; 7. Master en télécommunication. Ecole Supérieure de Génie Industriel et biologique (ESGIB) Ecole Supérieure de Management Stratégique (ESMS) HA-2021 1218/MESRI/ANAQ-Sup/SE/DIPriv/nmf 1. Licence en génie biologique; 2. Licence professionnelle en génie des industries chimiques; 3. Licence en génie des industries agroalimentaires; 4. Licence en hygiène, qualité, sécurité, environnement. HA-2018 RepSEN/ensup-priv/HA/052-2018 1. Licence en management des entreprises; 2. Licence en marketing communication; 3. Licence en commerce international; 4. Licence en transport logistique; 5. Licence en informatique de gestion; 6. Licence en banque finance assurance; 7. Licence en gestion des ressources humaines; 8. Licence en comptabilité - gestion. 1. Master Génie des procédés industriels, option : génies des industries agro-alimentaires ; 2. Master génie des procédés industriels, option : génies des industries chimiques ; 3. Master qualité sécurité environnement (QSE).",7,Marketing,name
"Licence en électromécanique; 2. Licence en énergie; 3. Licence en informatique industrielle; 4. Licence en génie civil; 5. Master en électromécanique; 6. Master en énergie; 7. Master en informatique industrielle; 8. Master en génie civil; 1. Diplôme d'ingénieur technologue (DIT, bac+5) 2. Diplôme d'ingénieur de conception (DIC, bac+5), option: electromécanique; 3. Diplôme d'ingénieur de conception (DIC, bac+5), option: electronique; 4. Diplôme d'ingénieur de conception (DIC, bac+5), option: informatique industrielle; 5. Diplôme d'ingénieur de conception (DIC, bac+5), option: télécommunication; 6. Master en électronique; 7. Master en télécommunication. Ecole Supérieure de Génie Industriel et biologique (ESGIB) Ecole Supérieure de Management Stratégique (ESMS) HA-2021 1218/MESRI/ANAQ-Sup/SE/DIPriv/nmf 1. Licence en génie biologique; 2. Licence professionnelle en génie des industries chimiques; 3. Licence en génie des industries agroalimentaires; 4. Licence en hygiène, qualité, sécurité, environnement. HA-2018 RepSEN/ensup-priv/HA/052-2018 1. Licence en management des entreprises; 2. Licence en marketing communication; 3. Licence en commerce international; 4. Licence en transport logistique; 5. Licence en informatique de gestion; 6. Licence en banque finance assurance; 7. Licence en gestion des ressources humaines; 8. Licence en comptabilité - gestion. 1. Master Génie des procédés industriels, option : génies des industries agro-alimentaires ; 2. Master génie des procédés industriels, option : génies des industries chimiques ; 3. Master qualité sécurité environnement (QSE).",8,Électronique,name
"Licence en électromécanique; 2. Licence en énergie; 3. Licence en informatique industrielle; 4. Licence en génie civil; 5. Master en électromécanique; 6. Master en énergie; 7. Master en informatique industrielle; 8. Master en génie civil; 1. Diplôme d'ingénieur technologue (DIT, bac+5) 2. Diplôme d'ingénieur de conception (DIC, bac+5), option: electromécanique; 3. Diplôme d'ingénieur de conception (DIC, bac+5), option: electronique; 4. Diplôme d'ingénieur de conception (DIC, bac+5), option: informatique industrielle; 5. Diplôme d'ingénieur de conception (DIC, bac+5), option: télécommunication; 6. Master en électronique; 7. Master en télécommunication. Ecole Supérieure de Génie Industriel et biologique (ESGIB) Ecole Supérieure de Management Stratégique (ESMS) HA-2021 1218/MESRI/ANAQ-Sup/SE/DIPriv/nmf 1. Licence en génie biologique; 2. Licence professionnelle en génie des industries chimiques; 3. Licence en génie des industries agroalimentaires; 4. Licence en hygiène, qualité, sécurité, environnement. HA-2018 RepSEN/ensup-priv/HA/052-2018 1. Licence en management des entreprises; 2. Licence en marketing communication; 3. Licence en commerce international; 4. Licence en transport logistique; 5. Licence en informatique de gestion; 6. Licence en banque finance assurance; 7. Licence en gestion des ressources humaines; 8. Licence en comptabilité - gestion. 1. Master Génie des procédés industriels, option : génies des industries agro-alimentaires ; 2. Master génie des procédés industriels, option : génies des industries chimiques ; 3. Master qualité sécurité environnement (QSE).",12,EPT,name
"Licence en électromécanique; 2. Licence en énergie; 3. Licence en informatique industrielle; 4. Licence en génie civil; 5. Master en électromécanique; 6. Master en énergie; 7. Master en informatique industrielle; 8. Master en génie civil; 1. Diplôme d'ingénieur technologue (DIT, bac+5) 2. Diplôme d'ingénieur de conception (DIC, bac+5), option: electromécanique; 3. Diplôme d'ingénieur de conception (DIC, bac+5), option: electronique; 4. Diplôme d'ingénieur de conception (DIC, bac+5), option: informatique industrielle; 5. Diplôme d'ingénieur de conception (DIC, bac+5), option: télécommunication; 6. Master en électronique; 7. Master en télécommunication. Ecole Supérieure de Génie Industriel et biologique (ESGIB) Ecole Supérieure de Management Stratégique (ESMS) HA-2021 1218/MESRI/ANAQ-Sup/SE/DIPriv/nmf 1. Licence en génie biologique; 2. Licence professionnelle en génie des industries chimiques; 3. Licence en génie des industries agroalimentaires; 4. Licence en hygiène, qualité, sécurité, environnement. HA-2018 RepSEN/ensup-priv/HA/052-2018 1. Licence en management des entreprises; 2. Licence en marketing communication; 3. Licence en commerce international; 4. Licence en transport logistique; 5. Licence en informatique de gestion; 6. Licence en banque finance assurance; 7. Licence en gestion des ressources humaines; 8. Licence en comptabilité - gestion. 1. Master Génie des procédés industriels, option : génies des industries agro-alimentaires ; 2. Master génie des procédés industriels, option : génies des industries chimiques ; 3. Master qualité sécurité environnement (QSE).",15,Informatique de Gestion,name
"Licence en électromécanique; 2. Licence en énergie; 3. Licence en informatique industrielle; 4. Licence en génie civil; 5. Master en électromécanique; 6. Master en énergie; 7. Master en informatique industrielle; 8. Master en génie civil; 1. Diplôme d'ingénieur technologue (DIT, bac+5) 2. Diplôme d'ingénieur de conception (DIC, bac+5), option: electromécanique; 3. Diplôme d'ingénieur de conception (DIC, bac+5), option: electronique; 4. Diplôme d'ingénieur de conception (DIC, bac+5), option: informatique industrielle; 5. Diplôme d'ingénieur de conception (DIC, bac+5), option: télécommunication; 6. Master en électronique; 7. Master en télécommunication. Ecole Supérieure de Génie Industriel et biologique (ESGIB) Ecole Supérieure de Management Stratégique (ESMS) HA-2021 1218/MESRI/ANAQ-Sup/SE/DIPriv/nmf 1. Licence en génie biologique; 2. Licence professionnelle en génie des industries chimiques; 3. Licence en génie des industries agroalimentaires; 4. Licence en hygiène, qualité, sécurité, environnement. HA-2018 RepSEN/ensup-priv/HA/052-2018 1. Licence en management des entreprises; 2. Licence en marketing communication; 3. Licence en commerce international; 4. Licence en transport logistique; 5. Licence en informatique de gestion; 6. Licence en banque finance assurance; 7. Licence en gestion des ressources humaines; 8. Licence en comptabilité - gestion. 1. Master Génie des procédés industriels, option : génies des industries agro-alimentaires ; 2. Master génie des procédés industriels, option : génies des industries chimiques ; 3. Master qualité sécurité environnement (QSE).",64,Management,name
"Licence en électromécanique; 2. Licence en énergie; 3. Licence en informatique industrielle; 4. Licence en génie civil; 5. Master en électromécanique; 6. Master en énergie; 7. Master en informatique industrielle; 8. Master en génie civil; 1. Diplôme d'ingénieur technologue (DIT, bac+5) 2. Diplôme d'ingénieur de conception (DIC, bac+5), option: electromécanique; 3. Diplôme d'ingénieur de conception (DIC, bac+5), option: electronique; 4. Diplôme d'ingénieur de conception (DIC, bac+5), option: informatique industrielle; 5. Diplôme d'ingénieur de conception (DIC, bac+5), option: télécommunication; 6. Master en électronique; 7. Master en télécommunication. Ecole Supérieure de Génie Industriel et biologique (ESGIB) Ecole Supérieure de Management Stratégique (ESMS) HA-2021 1218/MESRI/ANAQ-Sup/SE/DIPriv/nmf 1. Licence en génie biologique; 2. Licence professionnelle en génie des industries chimiques; 3. Licence en génie des industries agroalimentaires; 4. Licence en hygiène, qualité, sécurité, environnement. HA-2018 RepSEN/ensup-priv/HA/052-2018 1. Licence en management des entreprises; 2. Licence en marketing communication; 3. Licence en commerce international; 4. Licence en transport logistique; 5. Licence en informatique de gestion; 6. Licence en banque finance assurance; 7. Licence en gestion des ressources humaines; 8. Licence en comptabilité - gestion. 1. Master Génie des procédés industriels, option : génies des industries agro-alimentaires ; 2. Master génie des procédés industriels, option : génies des industries chimiques ; 3. Master qualité sécurité environnement (QSE).",68,Gestion des ressources humaines,name
"Licence en électromécanique; 2. Licence en énergie; 3. Licence en informatique industrielle; 4. Licence en génie civil; 5. Master en électromécanique; 6. Master en énergie; 7. Master en informatique industrielle; 8. Master en génie civil; 1. Diplôme d'ingénieur technologue (DIT, bac+5) 2. Diplôme d'ingénieur de conception (DIC, bac+5), option: electromécanique; 3. Diplôme d'ingénieur de conception (DIC, bac+5), option: electronique; 4. Diplôme d'ingénieur de conception (DIC, bac+5), option: informatique industrielle; 5. Diplôme d'ingénieur de conception (DIC, bac+5), option: télécommunication; 6. Master en électronique; 7. Master en télécommunication. Ecole Supérieure de Génie Industriel et biologique (ESGIB) Ecole Supérieure de Management Stratégique (ESMS) HA-2021 1218/MESRI/ANAQ-Sup/SE/DIPriv/nmf 1. Licence en génie biologique; 2. Licence professionnelle en génie des industries chimiques; 3. Licence en génie des industries agroalimentaires; 4. Licence en hygiène, qualité, sécurité, environnement. HA-2018 RepSEN/ensup-priv/HA/052-2018 1. Licence en management des entreprises; 2. Licence en marketing communication; 3. Licence en commerce international; 4. Licence en transport logistique; 5. Licence en informatique de gestion; 6. Licence en banque finance assurance; 7. Licence en gestion des ressources humaines; 8. Licence en comptabilité - gestion. 1. Master Génie des procédés industriels, option : génies des industries agro-alimentaires ; 2. Master génie des procédés industriels, option : génies des industries chimiques ; 3. Master qualité sécurité environnement (QSE).",78,Transport logistique,name
"Licence en électromécanique; 2. Licence en énergie; 3. Licence en informatique industrielle; 4. Licence en génie civil; 5. Master en électromécanique; 6. Master en énergie; 7. Master en informatique industrielle; 8. Master en génie civil; 1. Diplôme d'ingénieur technologue (DIT, bac+5) 2. Diplôme d'ingénieur de conception (DIC, bac+5), option: electromécanique; 3. Diplôme d'ingénieur de conception (DIC, bac+5), option: electronique; 4. Diplôme d'ingénieur de conception (DIC, bac+5), option: informatique industrielle; 5. Diplôme d'ingénieur de conception (DIC, bac+5), option: télécommunication; 6. Master en électronique; 7. Master en télécommunication. Ecole Supérieure de Génie Industriel et biologique (ESGIB) Ecole Supérieure de Management Stratégique (ESMS) HA-2021 1218/MESRI/ANAQ-Sup/SE/DIPriv/nmf 1. Licence en génie biologique; 2. Licence professionnelle en génie des industries chimiques; 3. Licence en génie des industries agroalimentaires; 4. Licence en hygiène, qualité, sécurité, environnement. HA-2018 RepSEN/ensup-priv/HA/052-2018 1. Licence en management des entreprises; 2. Licence en marketing communication; 3. Licence en commerce international; 4. Licence en transport logistique; 5. Licence en informatique de gestion; 6. Licence en banque finance assurance; 7. Licence en gestion des ressources humaines; 8. Licence en comptabilité - gestion. 1. Master Génie des procédés industriels, option : génies des industries agro-alimentaires ; 2. Master génie des procédés industriels, option : génies des industries chimiques ; 3. Master qualité sécurité environnement (QSE).",79,Commerce international,name
"Licence en électromécanique; 2. Licence en énergie; 3. Licence en informatique industrielle; 4. Licence en génie civil; 5. Master en électromécanique; 6. Master en énergie; 7. Master en informatique industrielle; 8. Master en génie civil; 1. Diplôme d'ingénieur technologue (DIT, bac+5) 2. Diplôme d'ingénieur de conception (DIC, bac+5), option: electromécanique; 3. Diplôme d'ingénieur de conception (DIC, bac+5), option: electronique; 4. Diplôme d'ingénieur de conception (DIC, bac+5), option: informatique industrielle; 5. Diplôme d'ingénieur de conception (DIC, bac+5), option: télécommunication; 6. Master en électronique; 7. Master en télécommunication. Ecole Supérieure de Génie Industriel et biologique (ESGIB) Ecole Supérieure de Management Stratégique (ESMS) HA-2021 1218/MESRI/ANAQ-Sup/SE/DIPriv/nmf 1. Licence en génie biologique; 2. Licence professionnelle en génie des industries chimiques; 3. Licence en génie des industries agroalimentaires; 4. Licence en hygiène, qualité, sécurité, environnement. HA-2018 RepSEN/ensup-priv/HA/052-2018 1. Licence en management des entreprises; 2. Licence en marketing communication; 3. Licence en commerce international; 4. Licence en transport logistique; 5. Licence en informatique de gestion; 6. Licence en banque finance assurance; 7. Licence en gestion des ressources humaines; 8. Licence en comptabilité - gestion. 1. Master Génie des procédés industriels, option : génies des industries agro-alimentaires ; 2. Master génie des procédés industriels, option : génies des industries chimiques ; 3. Master qualité sécurité environnement (QSE).",88,Informatique industrielle,name
"Licence en électromécanique; 2. Licence en énergie; 3. Licence en informatique industrielle; 4. Licence en génie civil; 5. Master en électromécanique; 6. Master en énergie; 7. Master en informatique industrielle; 8. Master en génie civil; 1. Diplôme d'ingénieur technologue (DIT, bac+5) 2. Diplôme d'ingénieur de conception (DIC, bac+5), option: electromécanique; 3. Diplôme d'ingénieur de conception (DIC, bac+5), option: electronique; 4. Diplôme d'ingénieur de conception (DIC, bac+5), option: informatique industrielle; 5. Diplôme d'ingénieur de conception (DIC, bac+5), option: télécommunication; 6. Master en électronique; 7. Master en télécommunication. Ecole Supérieure de Génie Industriel et biologique (ESGIB) Ecole Supérieure de Management Stratégique (ESMS) HA-2021 1218/MESRI/ANAQ-Sup/SE/DIPriv/nmf 1. Licence en génie biologique; 2. Licence professionnelle en génie des industries chimiques; 3. Licence en génie des industries agroalimentaires; 4. Licence en hygiène, qualité, sécurité, environnement. HA-2018 RepSEN/ensup-priv/HA/052-2018 1. Licence en management des entreprises; 2. Licence en marketing communication; 3. Licence en commerce international; 4. Licence en transport logistique; 5. Licence en informatique de gestion; 6. Licence en banque finance assurance; 7. Licence en gestion des ressources humaines; 8. Licence en comptabilité - gestion. 1. Master Génie des procédés industriels, option : génies des industries agro-alimentaires ; 2. Master génie des procédés industriels, option : génies des industries chimiques ; 3. Master qualité sécurité environnement (QSE).",89,Génie biologique,name
"Licence en électromécanique; 2. Licence en énergie; 3. Licence en informatique industrielle; 4. Licence en génie civil; 5. Master en électromécanique; 6. Master en énergie; 7. Master en informatique industrielle; 8. Master en génie civil; 1. Diplôme d'ingénieur technologue (DIT, bac+5) 2. Diplôme d'ingénieur de conception (DIC, bac+5), option: electromécanique; 3. Diplôme d'ingénieur de conception (DIC, bac+5), option: electronique; 4. Diplôme d'ingénieur de conception (DIC, bac+5), option: informatique industrielle; 5. Diplôme d'ingénieur de conception (DIC, bac+5), option: télécommunication; 6. Master en électronique; 7. Master en télécommunication. Ecole Supérieure de Génie Industriel et biologique (ESGIB) Ecole Supérieure de Management Stratégique (ESMS) HA-2021 1218/MESRI/ANAQ-Sup/SE/DIPriv/nmf 1. Licence en génie biologique; 2. Licence professionnelle en génie des industries chimiques; 3. Licence en génie des industries agroalimentaires; 4. Licence en hygiène, qualité, sécurité, environnement. HA-2018 RepSEN/ensup-priv/HA/052-2018 1. Licence en management des entreprises; 2. Licence en marketing communication; 3. Licence en commerce international; 4. Licence en transport logistique; 5. Licence en informatique de gestion; 6. Licence en banque finance assurance; 7. Licence en gestion des ressources humaines; 8. Licence en comptabilité - gestion. 1. Master Génie des procédés industriels, option : génies des industries agro-alimentaires ; 2. Master génie des procédés industriels, option : génies des industries chimiques ; 3. Master qualité sécurité environnement (QSE).",90,Génie des industries chimiques,name
"Licence en électromécanique; 2. Licence en énergie; 3. Licence en informatique industrielle; 4. Licence en génie civil; 5. Master en électromécanique; 6. Master en énergie; 7. Master en informatique industrielle; 8. Master en génie civil; 1. Diplôme d'ingénieur technologue (DIT, bac+5) 2. Diplôme d'ingénieur de conception (DIC, bac+5), option: electromécanique; 3. Diplôme d'ingénieur de conception (DIC, bac+5), option: electronique; 4. Diplôme d'ingénieur de conception (DIC, bac+5), option: informatique industrielle; 5. Diplôme d'ingénieur de conception (DIC, bac+5), option: télécommunication; 6. Master en électronique; 7. Master en télécommunication. Ecole Supérieure de Génie Industriel et biologique (ESGIB) Ecole Supérieure de Management Stratégique (ESMS) HA-2021 1218/MESRI/ANAQ-Sup/SE/DIPriv/nmf 1. Licence en génie biologique; 2. Licence professionnelle en génie des industries chimiques; 3. Licence en génie des industries agroalimentaires; 4. Licence en hygiène, qualité, sécurité, environnement. HA-2018 RepSEN/ensup-priv/HA/052-2018 1. Licence en management des entreprises; 2. Licence en marketing communication; 3. Licence en commerce international; 4. Licence en transport logistique; 5. Licence en informatique de gestion; 6. Licence en banque finance assurance; 7. Licence en gestion des ressources humaines; 8. Licence en comptabilité - gestion. 1. Master Génie des procédés industriels, option : génies des industries agro-alimentaires ; 2. Master génie des procédés industriels, option : génies des industries chimiques ; 3. Master qualité sécurité environnement (QSE).",91,Génie des industries agroalimentaires,name
"Licence en électromécanique; 2. Licence en énergie; 3. Licence en informatique industrielle; 4. Licence en génie civil; 5. Master en électromécanique; 6. Master en énergie; 7. Master en informatique industrielle; 8. Master en génie civil; 1. Diplôme d'ingénieur technologue (DIT, bac+5) 2. Diplôme d'ingénieur de conception (DIC, bac+5), option: electromécanique; 3. Diplôme d'ingénieur de conception (DIC, bac+5), option: electronique; 4. Diplôme d'ingénieur de conception (DIC, bac+5), option: informatique industrielle; 5. Diplôme d'ingénieur de conception (DIC, bac+5), option: télécommunication; 6. Master en électronique; 7. Master en télécommunication. Ecole Supérieure de Génie Industriel et biologique (ESGIB) Ecole Supérieure de Management Stratégique (ESMS) HA-2021 1218/MESRI/ANAQ-Sup/SE/DIPriv/nmf 1. Licence en génie biologique; 2. Licence professionnelle en génie des industries chimiques; 3. Licence en génie des industries agroalimentaires; 4. Licence en hygiène, qualité, sécurité, environnement. HA-2018 RepSEN/ensup-priv/HA/052-2018 1. Licence en management des entreprises; 2. Licence en marketing communication; 3. Licence en commerce international; 4. Licence en transport logistique; 5. Licence en informatique de gestion; 6. Licence en banque finance assurance; 7. Licence en gestion des ressources humaines; 8. Licence en comptabilité - gestion. 1. Master Génie des procédés industriels, option : génies des industries agro-alimentaires ; 2. Master génie des procédés industriels, option : génies des industries chimiques ; 3. Master qualité sécurité environnement (QSE).",92,Management des entreprises,name
"Licence en électromécanique; 2. Licence en énergie; 3. Licence en informatique industrielle; 4. Licence en génie civil; 5. Master en électromécanique; 6. Master en énergie; 7. Master en informatique industrielle; 8. Master en génie civil; 1. Diplôme d'ingénieur technologue (DIT, bac+5) 2. Diplôme d'ingénieur de conception (DIC, bac+5), option: electromécanique; 3. Diplôme d'ingénieur de conception (DIC, bac+5), option: electronique; 4. Diplôme d'ingénieur de conception (DIC, bac+5), option: informatique industrielle; 5. Diplôme d'ingénieur de conception (DIC, bac+5), option: télécommunication; 6. Master en électronique; 7. Master en télécommunication. Ecole Supérieure de Génie Industriel et biologique (ESGIB) Ecole Supérieure de Management Stratégique (ESMS) HA-2021 1218/MESRI/ANAQ-Sup/SE/DIPriv/nmf 1. Licence en génie biologique; 2. Licence professionnelle en génie des industries chimiques; 3. Licence en génie des industries agroalimentaires; 4. Licence en hygiène, qualité, sécurité, environnement. HA-2018 RepSEN/ensup-priv/HA/052-2018 1. Licence en management des entreprises; 2. Licence en marketing communication; 3. Licence en commerce international; 4. Licence en transport logistique; 5. Licence en informatique de gestion; 6. Licence en banque finance assurance; 7. Licence en gestion des ressources humaines; 8. Licence en comptabilité - gestion. 1. Master Génie des procédés industriels, option : génies des industries agro-alimentaires ; 2. Master génie des procédés industriels, option : génies des industries chimiques ; 3. Master qualité sécurité environnement (QSE).",105,Comptabilité,name
"Licence en électromécanique; 2. Licence en énergie; 3. Licence en informatique industrielle; 4. Licence en génie civil; 5. Master en électromécanique; 6. Master en énergie; 7. Master en informatique industrielle; 8. Master en génie civil; 1. Diplôme d'ingénieur technologue (DIT, bac+5) 2. Diplôme d'ingénieur de conception (DIC, bac+5), option: electromécanique; 3. Diplôme d'ingénieur de conception (DIC, bac+5), option: electronique; 4. Diplôme d'ingénieur de conception (DIC, bac+5), option: informatique industrielle; 5. Diplôme d'ingénieur de conception (DIC, bac+5), option: télécommunication; 6. Master en électronique; 7. Master en télécommunication. Ecole Supérieure de Génie Industriel et biologique (ESGIB) Ecole Supérieure de Management Stratégique (ESMS) HA-2021 1218/MESRI/ANAQ-Sup/SE/DIPriv/nmf 1. Licence en génie biologique; 2. Licence professionnelle en génie des industries chimiques; 3. Licence en génie des industries agroalimentaires; 4. Licence en hygiène, qualité, sécurité, environnement. HA-2018 RepSEN/ensup-priv/HA/052-2018 1. Licence en management des entreprises; 2. Licence en marketing communication; 3. Licence en commerce international; 4. Licence en transport logistique; 5. Licence en informatique de gestion; 6. Licence en banque finance assurance; 7. Licence en gestion des ressources humaines; 8. Licence en comptabilité - gestion. 1. Master Génie des procédés industriels, option : génies des industries agro-alimentaires ; 2. Master génie des procédés industriels, option : génies des industries chimiques ; 3. Master qualité sécurité environnement (QSE).",121,Communication,name
"Licence professionnelle en tourisme, hôtellerie et Langue ; 2. Licence professionnelle en management et langues; 3. Licence professionnelle en langues appliquées aux affaires; 4. Licence professionnelle gestion hôtelière et restauration; 5. Licence professionnelle en tourisme et langues, option: multimédia touristique et Langues appliquées; 6. Master en interprétariat de conférence; 7. Master en marketing, Stratégie et Langues; 8. Master en management de projets et langues; 9. Master de management du tourisme et de l'hôtellerie international; 10. Master en tourisme et développement durable. HA-2017 RepSEN/ensup-priv/HA/026-2017 1. Licence génie civil; 2. Licence génie électromécanique; 3. Master génie civil; 4. Master génie électromécanique; 5. Diplôme supérieur technologue (DIT), génie civil (Bac+4); 6. Diplôme supérieur technologue (DIT), génie électromécanique (bac+4). Programmes non couverts par l’Habilitation institutionnelle mais couverts par des agréments (provisoire(s), extension(s), définitif(s))",2,Génie Civil,name
"Licence professionnelle en tourisme, hôtellerie et Langue ; 2. Licence professionnelle en management et langues; 3. Licence professionnelle en langues appliquées aux affaires; 4. Licence professionnelle gestion hôtelière et restauration; 5. Licence professionnelle en tourisme et langues, option: multimédia touristique et Langues appliquées; 6. Master en interprétariat de conférence; 7. Master en marketing, Stratégie et Langues; 8. Master en management de projets et langues; 9. Master de management du tourisme et de l'hôtellerie international; 10. Master en tourisme et développement durable. HA-2017 RepSEN/ensup-priv/HA/026-2017 1. Licence génie civil; 2. Licence génie électromécanique; 3. Master génie civil; 4. Master génie électromécanique; 5. Diplôme supérieur technologue (DIT), génie civil (Bac+4); 6. Diplôme supérieur technologue (DIT), génie électromécanique (bac+4). Programmes non couverts par l’Habilitation institutionnelle mais couverts par des agréments (provisoire(s), extension(s), définitif(s))",5,Gestion,name
"Licence professionnelle en tourisme, hôtellerie et Langue ; 2. Licence professionnelle en management et langues; 3. Licence professionnelle en langues appliquées aux affaires; 4. Licence professionnelle gestion hôtelière et restauration; 5. Licence professionnelle en tourisme et langues, option: multimédia touristique et Langues appliquées; 6. Master en interprétariat de conférence; 7. Master en marketing, Stratégie et Langues; 8. Master en management de projets et langues; 9. Master de management du tourisme et de l'hôtellerie international; 10. Master en tourisme et développement durable. HA-2017 RepSEN/ensup-priv/HA/026-2017 1. Licence génie civil; 2. Licence génie électromécanique; 3. Master génie civil; 4. Master génie électromécanique; 5. Diplôme supérieur technologue (DIT), génie civil (Bac+4); 6. Diplôme supérieur technologue (DIT), génie électromécanique (bac+4). Programmes non couverts par l’Habilitation institutionnelle mais couverts par des agréments (provisoire(s), extension(s), définitif(s))",7,Marketing,name
"Licence professionnelle en tourisme, hôtellerie et Langue ; 2. Licence professionnelle en management et langues; 3. Licence professionnelle en langues appliquées aux affaires; 4. Licence professionnelle gestion hôtelière et restauration; 5. Licence professionnelle en tourisme et langues, option: multimédia touristique et Langues appliquées; 6. Master en interprétariat de conférence; 7. Master en marketing, Stratégie et Langues; 8. Master en management de projets et langues; 9. Master de management du tourisme et de l'hôtellerie international; 10. Master en tourisme et développement durable. HA-2017 RepSEN/ensup-priv/HA/026-2017 1. Licence génie civil; 2. Licence génie électromécanique; 3. Master génie civil; 4. Master génie électromécanique; 5. Diplôme supérieur technologue (DIT), génie civil (Bac+4); 6. Diplôme supérieur technologue (DIT), génie électromécanique (bac+4). Programmes non couverts par l’Habilitation institutionnelle mais couverts par des agréments (provisoire(s), extension(s), définitif(s))",64,Management,name
"Licence professionnelle en tourisme, hôtellerie et Langue ; 2. Licence professionnelle en management et langues; 3. Licence professionnelle en langues appliquées aux affaires; 4. Licence professionnelle gestion hôtelière et restauration; 5. Licence professionnelle en tourisme et langues, option: multimédia touristique et Langues appliquées; 6. Master en interprétariat de conférence; 7. Master en marketing, Stratégie et Langues; 8. Master en management de projets et langues; 9. Master de management du tourisme et de l'hôtellerie international; 10. Master en tourisme et développement durable. HA-2017 RepSEN/ensup-priv/HA/026-2017 1. Licence génie civil; 2. Licence génie électromécanique; 3. Master génie civil; 4. Master génie électromécanique; 5. Diplôme supérieur technologue (DIT), génie civil (Bac+4); 6. Diplôme supérieur technologue (DIT), génie électromécanique (bac+4). Programmes non couverts par l’Habilitation institutionnelle mais couverts par des agréments (provisoire(s), extension(s), définitif(s))",75,Management de projet,name
"Licence professionnelle en tourisme, hôtellerie et Langue ; 2. Licence professionnelle en management et langues; 3. Licence professionnelle en langues appliquées aux affaires; 4. Licence professionnelle gestion hôtelière et restauration; 5. Licence professionnelle en tourisme et langues, option: multimédia touristique et Langues appliquées; 6. Master en interprétariat de conférence; 7. Master en marketing, Stratégie et Langues; 8. Master en management de projets et langues; 9. Master de management du tourisme et de l'hôtellerie international; 10. Master en tourisme et développement durable. HA-2017 RepSEN/ensup-priv/HA/026-2017 1. Licence génie civil; 2. Licence génie électromécanique; 3. Master génie civil; 4. Master génie électromécanique; 5. Diplôme supérieur technologue (DIT), génie civil (Bac+4); 6. Diplôme supérieur technologue (DIT), génie électromécanique (bac+4). Programmes non couverts par l’Habilitation institutionnelle mais couverts par des agréments (provisoire(s), extension(s), définitif(s))",95,Gestion hôtelière et restauration,name
"Licence professionnelle en tourisme, hôtellerie et Langue ; 2. Licence professionnelle en management et langues; 3. Licence professionnelle en langues appliquées aux affaires; 4. Licence professionnelle gestion hôtelière et restauration; 5. Licence professionnelle en tourisme et langues, option: multimédia touristique et Langues appliquées; 6. Master en interprétariat de conférence; 7. Master en marketing, Stratégie et Langues; 8. Master en management de projets et langues; 9. Master de management du tourisme et de l'hôtellerie international; 10. Master en tourisme et développement durable. HA-2017 RepSEN/ensup-priv/HA/026-2017 1. Licence génie civil; 2. Licence génie électromécanique; 3. Master génie civil; 4. Master génie électromécanique; 5. Diplôme supérieur technologue (DIT), génie civil (Bac+4); 6. Diplôme supérieur technologue (DIT), génie électromécanique (bac+4). Programmes non couverts par l’Habilitation institutionnelle mais couverts par des agréments (provisoire(s), extension(s), définitif(s))",96,Interprétariat de conférence,name
"Licence en téléinformatique, option: génie logiciel et administration des réseaux; 2. Licence en télécommunication et réseaux; 3. Licence pro en télécommunication et réseaux; 4. Licence pro en génie électrique et énergies renouvelables 5. Licence en génie électrique et énergies renouvelables; 6. Licence en science de gestion, option: marketing et communication; 7. Licence en science de gestion, option: entrepreneuriat et management des projets; 8. Licence en science de gestion, option: transport- logistique; 9. Licence en science de gestion, option: gestion des ressources humaines; 10. Licence en finance-comptabilité; 11. Master en téléinformatique; 12. Master en télécommunications et réseaux; 13. Master en monétique et transactions sécurisées; 14. Master en sécurité des systèmes d'information; 15. Master en finance-comptabilité; 16. Master en gestion des ressources humaines. 1. Licence communication, informatique et multimédia, option : services informatiques et réseaux de communication ; 2. Licence communication, informatique et multimédia, option: conception et intégration des services et produits multimédia; 3. Licence communication, informatique et multimédia, option: animation de réseaux de communauté; 4. Licence en génie électrique et énergies renouvelables, option: systèmes électriques et énergies renouvelables; 5. Licence en télécommunication, option: réseaux sans fil et sécurité; 6. Licence en télécommunication, option: électronique des télécoms; 7. Licence en télécommunication, option: administration et sécurités des réseaux; 8. Licence en science de gestion, option: banque- assurance; 9. Licence en commerce international; 10. Licence en tourisme; 11. Licence en informatique; 12. Licence en informatique de gestion; 13. Licence en maintenance informatique ; 14. Master en systèmes électriques et énergies renouvelables; 15. Master en commerce international; 16. Master en tourisme; 17. Master en informatique; 18. Master en informatique de gestion; 19. Master en téléinformatique option génie logiciel et administration réseaux; 20. Diplôme d'ingénieur de conception (bac+5), option : téléinformatique.",1,Informatique,name
"Licence en téléinformatique, option: génie logiciel et administration des réseaux; 2. Licence en télécommunication et réseaux; 3. Licence pro en télécommunication et réseaux; 4. Licence pro en génie électrique et énergies renouvelables 5. Licence en génie électrique et énergies renouvelables; 6. Licence en science de gestion, option: marketing et communication; 7. Licence en science de gestion, option: entrepreneuriat et management des projets; 8. Licence en science de gestion, option: transport- logistique; 9. Licence en science de gestion, option: gestion des ressources humaines; 10. Licence en finance-comptabilité; 11. Master en téléinformatique; 12. Master en télécommunications et réseaux; 13. Master en monétique et transactions sécurisées; 14. Master en sécurité des systèmes d'information; 15. Master en finance-comptabilité; 16. Master en gestion des ressources humaines. 1. Licence communication, informatique et multimédia, option : services informatiques et réseaux de communication ; 2. Licence communication, informatique et multimédia, option: conception et intégration des services et produits multimédia; 3. Licence communication, informatique et multimédia, option: animation de réseaux de communauté; 4. Licence en génie électrique et énergies renouvelables, option: systèmes électriques et énergies renouvelables; 5. Licence en télécommunication, option: réseaux sans fil et sécurité; 6. Licence en télécommunication, option: électronique des télécoms; 7. Licence en télécommunication, option: administration et sécurités des réseaux; 8. Licence en science de gestion, option: banque- assurance; 9. Licence en commerce international; 10. Licence en tourisme; 11. Licence en informatique; 12. Licence en informatique de gestion; 13. Licence en maintenance informatique ; 14. Master en systèmes électriques et énergies renouvelables; 15. Master en commerce international; 16. Master en tourisme; 17. Master en informatique; 18. Master en informatique de gestion; 19. Master en téléinformatique option génie logiciel et administration réseaux; 20. Diplôme d'ingénieur de conception (bac+5), option : téléinformatique.",5,Gestion,name
"Licence en téléinformatique, option: génie logiciel et administration des réseaux; 2. Licence en télécommunication et réseaux; 3. Licence pro en télécommunication et réseaux; 4. Licence pro en génie électrique et énergies renouvelables 5. Licence en génie électrique et énergies renouvelables; 6. Licence en science de gestion, option: marketing et communication; 7. Licence en science de gestion, option: entrepreneuriat et management des projets; 8. Licence en science de gestion, option: transport- logistique; 9. Licence en science de gestion, option: gestion des ressources humaines; 10. Licence en finance-comptabilité; 11. Master en téléinformatique; 12. Master en télécommunications et réseaux; 13. Master en monétique et transactions sécurisées; 14. Master en sécurité des systèmes d'information; 15. Master en finance-comptabilité; 16. Master en gestion des ressources humaines. 1. Licence communication, informatique et multimédia, option : services informatiques et réseaux de communication ; 2. Licence communication, informatique et multimédia, option: conception et intégration des services et produits multimédia; 3. Licence communication, informatique et multimédia, option: animation de réseaux de communauté; 4. Licence en génie électrique et énergies renouvelables, option: systèmes électriques et énergies renouvelables; 5. Licence en télécommunication, option: réseaux sans fil et sécurité; 6. Licence en télécommunication, option: électronique des télécoms; 7. Licence en télécommunication, option: administration et sécurités des réseaux; 8. Licence en science de gestion, option: banque- assurance; 9. Licence en commerce international; 10. Licence en tourisme; 11. Licence en informatique; 12. Licence en informatique de gestion; 13. Licence en maintenance informatique ; 14. Master en systèmes électriques et énergies renouvelables; 15. Master en commerce international; 16. Master en tourisme; 17. Master en informatique; 18. Master en informatique de gestion; 19. Master en téléinformatique option génie logiciel et administration réseaux; 20. Diplôme d'ingénieur de conception (bac+5), option : téléinformatique.",7,Marketing,name
"Licence en téléinformatique, option: génie logiciel et administration des réseaux; 2. Licence en télécommunication et réseaux; 3. Licence pro en télécommunication et réseaux; 4. Licence pro en génie électrique et énergies renouvelables 5. Licence en génie électrique et énergies renouvelables; 6. Licence en science de gestion, option: marketing et communication; 7. Licence en science de gestion, option: entrepreneuriat et management des projets; 8. Licence en science de gestion, option: transport- logistique; 9. Licence en science de gestion, option: gestion des ressources humaines; 10. Licence en finance-comptabilité; 11. Master en téléinformatique; 12. Master en télécommunications et réseaux; 13. Master en monétique et transactions sécurisées; 14. Master en sécurité des systèmes d'information; 15. Master en finance-comptabilité; 16. Master en gestion des ressources humaines. 1. Licence communication, informatique et multimédia, option : services informatiques et réseaux de communication ; 2. Licence communication, informatique et multimédia, option: conception et intégration des services et produits multimédia; 3. Licence communication, informatique et multimédia, option: animation de réseaux de communauté; 4. Licence en génie électrique et énergies renouvelables, option: systèmes électriques et énergies renouvelables; 5. Licence en télécommunication, option: réseaux sans fil et sécurité; 6. Licence en télécommunication, option: électronique des télécoms; 7. Licence en télécommunication, option: administration et sécurités des réseaux; 8. Licence en science de gestion, option: banque- assurance; 9. Licence en commerce international; 10. Licence en tourisme; 11. Licence en informatique; 12. Licence en informatique de gestion; 13. Licence en maintenance informatique ; 14. Master en systèmes électriques et énergies renouvelables; 15. Master en commerce international; 16. Master en tourisme; 17. Master en informatique; 18. Master en informatique de gestion; 19. Master en téléinformatique option génie logiciel et administration réseaux; 20. Diplôme d'ingénieur de conception (bac+5), option : téléinformatique.",8,Électronique,name
"Licence en téléinformatique, option: génie logiciel et administration des réseaux; 2. Licence en télécommunication et réseaux; 3. Licence pro en télécommunication et réseaux; 4. Licence pro en génie électrique et énergies renouvelables 5. Licence en génie électrique et énergies renouvelables; 6. Licence en science de gestion, option: marketing et communication; 7. Licence en science de gestion, option: entrepreneuriat et management des projets; 8. Licence en science de gestion, option: transport- logistique; 9. Licence en science de gestion, option: gestion des ressources humaines; 10. Licence en finance-comptabilité; 11. Master en téléinformatique; 12. Master en télécommunications et réseaux; 13. Master en monétique et transactions sécurisées; 14. Master en sécurité des systèmes d'information; 15. Master en finance-comptabilité; 16. Master en gestion des ressources humaines. 1. Licence communication, informatique et multimédia, option : services informatiques et réseaux de communication ; 2. Licence communication, informatique et multimédia, option: conception et intégration des services et produits multimédia; 3. Licence communication, informatique et multimédia, option: animation de réseaux de communauté; 4. Licence en génie électrique et énergies renouvelables, option: systèmes électriques et énergies renouvelables; 5. Licence en télécommunication, option: réseaux sans fil et sécurité; 6. Licence en télécommunication, option: électronique des télécoms; 7. Licence en télécommunication, option: administration et sécurités des réseaux; 8. Licence en science de gestion, option: banque- assurance; 9. Licence en commerce international; 10. Licence en tourisme; 11. Licence en informatique; 12. Licence en informatique de gestion; 13. Licence en maintenance informatique ; 14. Master en systèmes électriques et énergies renouvelables; 15. Master en commerce international; 16. Master en tourisme; 17. Master en informatique; 18. Master en informatique de gestion; 19. Master en téléinformatique option génie logiciel et administration réseaux; 20. Diplôme d'ingénieur de conception (bac+5), option : téléinformatique.",9,Génie Logiciel,name
"Licence en téléinformatique, option: génie logiciel et administration des réseaux; 2. Licence en télécommunication et réseaux; 3. Licence pro en télécommunication et réseaux; 4. Licence pro en génie électrique et énergies renouvelables 5. Licence en génie électrique et énergies renouvelables; 6. Licence en science de gestion, option: marketing et communication; 7. Licence en science de gestion, option: entrepreneuriat et management des projets; 8. Licence en science de gestion, option: transport- logistique; 9. Licence en science de gestion, option: gestion des ressources humaines; 10. Licence en finance-comptabilité; 11. Master en téléinformatique; 12. Master en télécommunications et réseaux; 13. Master en monétique et transactions sécurisées; 14. Master en sécurité des systèmes d'information; 15. Master en finance-comptabilité; 16. Master en gestion des ressources humaines. 1. Licence communication, informatique et multimédia, option : services informatiques et réseaux de communication ; 2. Licence communication, informatique et multimédia, option: conception et intégration des services et produits multimédia; 3. Licence communication, informatique et multimédia, option: animation de réseaux de communauté; 4. Licence en génie électrique et énergies renouvelables, option: systèmes électriques et énergies renouvelables; 5. Licence en télécommunication, option: réseaux sans fil et sécurité; 6. Licence en télécommunication, option: électronique des télécoms; 7. Licence en télécommunication, option: administration et sécurités des réseaux; 8. Licence en science de gestion, option: banque- assurance; 9. Licence en commerce international; 10. Licence en tourisme; 11. Licence en informatique; 12. Licence en informatique de gestion; 13. Licence en maintenance informatique ; 14. Master en systèmes électriques et énergies renouvelables; 15. Master en commerce international; 16. Master en tourisme; 17. Master en informatique; 18. Master en informatique de gestion; 19. Master en téléinformatique option génie logiciel et administration réseaux; 20. Diplôme d'ingénieur de conception (bac+5), option : téléinformatique.",12,EPT,name
"Licence en téléinformatique, option: génie logiciel et administration des réseaux; 2. Licence en télécommunication et réseaux; 3. Licence pro en télécommunication et réseaux; 4. Licence pro en génie électrique et énergies renouvelables 5. Licence en génie électrique et énergies renouvelables; 6. Licence en science de gestion, option: marketing et communication; 7. Licence en science de gestion, option: entrepreneuriat et management des projets; 8. Licence en science de gestion, option: transport- logistique; 9. Licence en science de gestion, option: gestion des ressources humaines; 10. Licence en finance-comptabilité; 11. Master en téléinformatique; 12. Master en télécommunications et réseaux; 13. Master en monétique et transactions sécurisées; 14. Master en sécurité des systèmes d'information; 15. Master en finance-comptabilité; 16. Master en gestion des ressources humaines. 1. Licence communication, informatique et multimédia, option : services informatiques et réseaux de communication ; 2. Licence communication, informatique et multimédia, option: conception et intégration des services et produits multimédia; 3. Licence communication, informatique et multimédia, option: animation de réseaux de communauté; 4. Licence en génie électrique et énergies renouvelables, option: systèmes électriques et énergies renouvelables; 5. Licence en télécommunication, option: réseaux sans fil et sécurité; 6. Licence en télécommunication, option: électronique des télécoms; 7. Licence en télécommunication, option: administration et sécurités des réseaux; 8. Licence en science de gestion, option: banque- assurance; 9. Licence en commerce international; 10. Licence en tourisme; 11. Licence en informatique; 12. Licence en informatique de gestion; 13. Licence en maintenance informatique ; 14. Master en systèmes électriques et énergies renouvelables; 15. Master en commerce international; 16. Master en tourisme; 17. Master en informatique; 18. Master en informatique de gestion; 19. Master en téléinformatique option génie logiciel et administration réseaux; 20. Diplôme d'ingénieur de conception (bac+5), option : téléinformatique.",15,Informatique de Gestion,name
"Licence en téléinformatique, option: génie logiciel et administration des réseaux; 2. Licence en télécommunication et réseaux; 3. Licence pro en télécommunication et réseaux; 4. Licence pro en génie électrique et énergies renouvelables 5. Licence en génie électrique et énergies renouvelables; 6. Licence en science de gestion, option: marketing et communication; 7. Licence en science de gestion, option: entrepreneuriat et management des projets; 8. Licence en science de gestion, option: transport- logistique; 9. Licence en science de gestion, option: gestion des ressources humaines; 10. Licence en finance-comptabilité; 11. Master en téléinformatique; 12. Master en télécommunications et réseaux; 13. Master en monétique et transactions sécurisées; 14. Master en sécurité des systèmes d'information; 15. Master en finance-comptabilité; 16. Master en gestion des ressources humaines. 1. Licence communication, informatique et multimédia, option : services informatiques et réseaux de communication ; 2. Licence communication, informatique et multimédia, option: conception et intégration des services et produits multimédia; 3. Licence communication, informatique et multimédia, option: animation de réseaux de communauté; 4. Licence en génie électrique et énergies renouvelables, option: systèmes électriques et énergies renouvelables; 5. Licence en télécommunication, option: réseaux sans fil et sécurité; 6. Licence en télécommunication, option: électronique des télécoms; 7. Licence en télécommunication, option: administration et sécurités des réseaux; 8. Licence en science de gestion, option: banque- assurance; 9. Licence en commerce international; 10. Licence en tourisme; 11. Licence en informatique; 12. Licence en informatique de gestion; 13. Licence en maintenance informatique ; 14. Master en systèmes électriques et énergies renouvelables; 15. Master en commerce international; 16. Master en tourisme; 17. Master en informatique; 18. Master en informatique de gestion; 19. Master en téléinformatique option génie logiciel et administration réseaux; 20. Diplôme d'ingénieur de conception (bac+5), option : téléinformatique.",64,Management,name
"Licence en téléinformatique, option: génie logiciel et administration des réseaux; 2. Licence en télécommunication et réseaux; 3. Licence pro en télécommunication et réseaux; 4. Licence pro en génie électrique et énergies renouvelables 5. Licence en génie électrique et énergies renouvelables; 6. Licence en science de gestion, option: marketing et communication; 7. Licence en science de gestion, option: entrepreneuriat et management des projets; 8. Licence en science de gestion, option: transport- logistique; 9. Licence en science de gestion, option: gestion des ressources humaines; 10. Licence en finance-comptabilité; 11. Master en téléinformatique; 12. Master en télécommunications et réseaux; 13. Master en monétique et transactions sécurisées; 14. Master en sécurité des systèmes d'information; 15. Master en finance-comptabilité; 16. Master en gestion des ressources humaines. 1. Licence communication, informatique et multimédia, option : services informatiques et réseaux de communication ; 2. Licence communication, informatique et multimédia, option: conception et intégration des services et produits multimédia; 3. Licence communication, informatique et multimédia, option: animation de réseaux de communauté; 4. Licence en génie électrique et énergies renouvelables, option: systèmes électriques et énergies renouvelables; 5. Licence en télécommunication, option: réseaux sans fil et sécurité; 6. Licence en télécommunication, option: électronique des télécoms; 7. Licence en télécommunication, option: administration et sécurités des réseaux; 8. Licence en science de gestion, option: banque- assurance; 9. Licence en commerce international; 10. Licence en tourisme; 11. Licence en informatique; 12. Licence en informatique de gestion; 13. Licence en maintenance informatique ; 14. Master en systèmes électriques et énergies renouvelables; 15. Master en commerce international; 16. Master en tourisme; 17. Master en informatique; 18. Master en informatique de gestion; 19. Master en téléinformatique option génie logiciel et administration réseaux; 20. Diplôme d'ingénieur de conception (bac+5), option : téléinformatique.",68,Gestion des ressources humaines,name
"Licence en téléinformatique, option: génie logiciel et administration des réseaux; 2. Licence en télécommunication et réseaux; 3. Licence pro en télécommunication et réseaux; 4. Licence pro en génie électrique et énergies renouvelables 5. Licence en génie électrique et énergies renouvelables; 6. Licence en science de gestion, option: marketing et communication; 7. Licence en science de gestion, option: entrepreneuriat et management des projets; 8. Licence en science de gestion, option: transport- logistique; 9. Licence en science de gestion, option: gestion des ressources humaines; 10. Licence en finance-comptabilité; 11. Master en téléinformatique; 12. Master en télécommunications et réseaux; 13. Master en monétique et transactions sécurisées; 14. Master en sécurité des systèmes d'information; 15. Master en finance-comptabilité; 16. Master en gestion des ressources humaines. 1. Licence communication, informatique et multimédia, option : services informatiques et réseaux de communication ; 2. Licence communication, informatique et multimédia, option: conception et intégration des services et produits multimédia; 3. Licence communication, informatique et multimédia, option: animation de réseaux de communauté; 4. Licence en génie électrique et énergies renouvelables, option: systèmes électriques et énergies renouvelables; 5. Licence en télécommunication, option: réseaux sans fil et sécurité; 6. Licence en télécommunication, option: électronique des télécoms; 7. Licence en télécommunication, option: administration et sécurités des réseaux; 8. Licence en science de gestion, option: banque- assurance; 9. Licence en commerce international; 10. Licence en tourisme; 11. Licence en informatique; 12. Licence en informatique de gestion; 13. Licence en maintenance informatique ; 14. Master en systèmes électriques et énergies renouvelables; 15. Master en commerce international; 16. Master en tourisme; 17. Master en informatique; 18. Master en informatique de gestion; 19. Master en téléinformatique option génie logiciel et administration réseaux; 20. Diplôme d'ingénieur de conception (bac+5), option : téléinformatique.",71,Marketing et communication,name
"Licence en téléinformatique, option: génie logiciel et administration des réseaux; 2. Licence en télécommunication et réseaux; 3. Licence pro en télécommunication et réseaux; 4. Licence pro en génie électrique et énergies renouvelables 5. Licence en génie électrique et énergies renouvelables; 6. Licence en science de gestion, option: marketing et communication; 7. Licence en science de gestion, option: entrepreneuriat et management des projets; 8. Licence en science de gestion, option: transport- logistique; 9. Licence en science de gestion, option: gestion des ressources humaines; 10. Licence en finance-comptabilité; 11. Master en téléinformatique; 12. Master en télécommunications et réseaux; 13. Master en monétique et transactions sécurisées; 14. Master en sécurité des systèmes d'information; 15. Master en finance-comptabilité; 16. Master en gestion des ressources humaines. 1. Licence communication, informatique et multimédia, option : services informatiques et réseaux de communication ; 2. Licence communication, informatique et multimédia, option: conception et intégration des services et produits multimédia; 3. Licence communication, informatique et multimédia, option: animation de réseaux de communauté; 4. Licence en génie électrique et énergies renouvelables, option: systèmes électriques et énergies renouvelables; 5. Licence en télécommunication, option: réseaux sans fil et sécurité; 6. Licence en télécommunication, option: électronique des télécoms; 7. Licence en télécommunication, option: administration et sécurités des réseaux; 8. Licence en science de gestion, option: banque- assurance; 9. Licence en commerce international; 10. Licence en tourisme; 11. Licence en informatique; 12. Licence en informatique de gestion; 13. Licence en maintenance informatique ; 14. Master en systèmes électriques et énergies renouvelables; 15. Master en commerce international; 16. Master en tourisme; 17. Master en informatique; 18. Master en informatique de gestion; 19. Master en téléinformatique option génie logiciel et administration réseaux; 20. Diplôme d'ingénieur de conception (bac+5), option : téléinformatique.",79,Commerce international,name
"Licence en téléinformatique, option: génie logiciel et administration des réseaux; 2. Licence en télécommunication et réseaux; 3. Licence pro en télécommunication et réseaux; 4. Licence pro en génie électrique et énergies renouvelables 5. Licence en génie électrique et énergies renouvelables; 6. Licence en science de gestion, option: marketing et communication; 7. Licence en science de gestion, option: entrepreneuriat et management des projets; 8. Licence en science de gestion, option: transport- logistique; 9. Licence en science de gestion, option: gestion des ressources humaines; 10. Licence en finance-comptabilité; 11. Master en téléinformatique; 12. Master en télécommunications et réseaux; 13. Master en monétique et transactions sécurisées; 14. Master en sécurité des systèmes d'information; 15. Master en finance-comptabilité; 16. Master en gestion des ressources humaines. 1. Licence communication, informatique et multimédia, option : services informatiques et réseaux de communication ; 2. Licence communication, informatique et multimédia, option: conception et intégration des services et produits multimédia; 3. Licence communication, informatique et multimédia, option: animation de réseaux de communauté; 4. Licence en génie électrique et énergies renouvelables, option: systèmes électriques et énergies renouvelables; 5. Licence en télécommunication, option: réseaux sans fil et sécurité; 6. Licence en télécommunication, option: électronique des télécoms; 7. Licence en télécommunication, option: administration et sécurités des réseaux; 8. Licence en science de gestion, option: banque- assurance; 9. Licence en commerce international; 10. Licence en tourisme; 11. Licence en informatique; 12. Licence en informatique de gestion; 13. Licence en maintenance informatique ; 14. Master en systèmes électriques et énergies renouvelables; 15. Master en commerce international; 16. Master en tourisme; 17. Master en informatique; 18. Master en informatique de gestion; 19. Master en téléinformatique option génie logiciel et administration réseaux; 20. Diplôme d'ingénieur de conception (bac+5), option : téléinformatique.",105,Comptabilité,name
"Licence en téléinformatique, option: génie logiciel et administration des réseaux; 2. Licence en télécommunication et réseaux; 3. Licence pro en télécommunication et réseaux; 4. Licence pro en génie électrique et énergies renouvelables 5. Licence en génie électrique et énergies renouvelables; 6. Licence en science de gestion, option: marketing et communication; 7. Licence en science de gestion, option: entrepreneuriat et management des projets; 8. Licence en science de gestion, option: transport- logistique; 9. Licence en science de gestion, option: gestion des ressources humaines; 10. Licence en finance-comptabilité; 11. Master en téléinformatique; 12. Master en télécommunications et réseaux; 13. Master en monétique et transactions sécurisées; 14. Master en sécurité des systèmes d'information; 15. Master en finance-comptabilité; 16. Master en gestion des ressources humaines. 1. Licence communication, informatique et multimédia, option : services informatiques et réseaux de communication ; 2. Licence communication, informatique et multimédia, option: conception et intégration des services et produits multimédia; 3. Licence communication, informatique et multimédia, option: animation de réseaux de communauté; 4. Licence en génie électrique et énergies renouvelables, option: systèmes électriques et énergies renouvelables; 5. Licence en télécommunication, option: réseaux sans fil et sécurité; 6. Licence en télécommunication, option: électronique des télécoms; 7. Licence en télécommunication, option: administration et sécurités des réseaux; 8. Licence en science de gestion, option: banque- assurance; 9. Licence en commerce international; 10. Licence en tourisme; 11. Licence en informatique; 12. Licence en informatique de gestion; 13. Licence en maintenance informatique ; 14. Master en systèmes électriques et énergies renouvelables; 15. Master en commerce international; 16. Master en tourisme; 17. Master en informatique; 18. Master en informatique de gestion; 19. Master en téléinformatique option génie logiciel et administration réseaux; 20. Diplôme d'ingénieur de conception (bac+5), option : téléinformatique.",116,Maintenance Informatique,name
"Licence en téléinformatique, option: génie logiciel et administration des réseaux; 2. Licence en télécommunication et réseaux; 3. Licence pro en télécommunication et réseaux; 4. Licence pro en génie électrique et énergies renouvelables 5. Licence en génie électrique et énergies renouvelables; 6. Licence en science de gestion, option: marketing et communication; 7. Licence en science de gestion, option: entrepreneuriat et management des projets; 8. Licence en science de gestion, option: transport- logistique; 9. Licence en science de gestion, option: gestion des ressources humaines; 10. Licence en finance-comptabilité; 11. Master en téléinformatique; 12. Master en télécommunications et réseaux; 13. Master en monétique et transactions sécurisées; 14. Master en sécurité des systèmes d'information; 15. Master en finance-comptabilité; 16. Master en gestion des ressources humaines. 1. Licence communication, informatique et multimédia, option : services informatiques et réseaux de communication ; 2. Licence communication, informatique et multimédia, option: conception et intégration des services et produits multimédia; 3. Licence communication, informatique et multimédia, option: animation de réseaux de communauté; 4. Licence en génie électrique et énergies renouvelables, option: systèmes électriques et énergies renouvelables; 5. Licence en télécommunication, option: réseaux sans fil et sécurité; 6. Licence en télécommunication, option: électronique des télécoms; 7. Licence en télécommunication, option: administration et sécurités des réseaux; 8. Licence en science de gestion, option: banque- assurance; 9. Licence en commerce international; 10. Licence en tourisme; 11. Licence en informatique; 12. Licence en informatique de gestion; 13. Licence en maintenance informatique ; 14. Master en systèmes électriques et énergies renouvelables; 15. Master en commerce international; 16. Master en tourisme; 17. Master en informatique; 18. Master en informatique de gestion; 19. Master en téléinformatique option génie logiciel et administration réseaux; 20. Diplôme d'ingénieur de conception (bac+5), option : téléinformatique.",121,Communication,name
"Licence en téléinformatique, option: génie logiciel et administration des réseaux; 2. Licence en télécommunication et réseaux; 3. Licence pro en télécommunication et réseaux; 4. Licence pro en génie électrique et énergies renouvelables 5. Licence en génie électrique et énergies renouvelables; 6. Licence en science de gestion, option: marketing et communication; 7. Licence en science de gestion, option: entrepreneuriat et management des projets; 8. Licence en science de gestion, option: transport- logistique; 9. Licence en science de gestion, option: gestion des ressources humaines; 10. Licence en finance-comptabilité; 11. Master en téléinformatique; 12. Master en télécommunications et réseaux; 13. Master en monétique et transactions sécurisées; 14. Master en sécurité des systèmes d'information; 15. Master en finance-comptabilité; 16. Master en gestion des ressources humaines. 1. Licence communication, informatique et multimédia, option : services informatiques et réseaux de communication ; 2. Licence communication, informatique et multimédia, option: conception et intégration des services et produits multimédia; 3. Licence communication, informatique et multimédia, option: animation de réseaux de communauté; 4. Licence en génie électrique et énergies renouvelables, option: systèmes électriques et énergies renouvelables; 5. Licence en télécommunication, option: réseaux sans fil et sécurité; 6. Licence en télécommunication, option: électronique des télécoms; 7. Licence en télécommunication, option: administration et sécurités des réseaux; 8. Licence en science de gestion, option: banque- assurance; 9. Licence en commerce international; 10. Licence en tourisme; 11. Licence en informatique; 12. Licence en informatique de gestion; 13. Licence en maintenance informatique ; 14. Master en systèmes électriques et énergies renouvelables; 15. Master en commerce international; 16. Master en tourisme; 17. Master en informatique; 18. Master en informatique de gestion; 19. Master en téléinformatique option génie logiciel et administration réseaux; 20. Diplôme d'ingénieur de conception (bac+5), option : téléinformatique.",156,Entrepreneuriat,name
"Licence en téléinformatique, option: génie logiciel et administration des réseaux; 2. Licence en télécommunication et réseaux; 3. Licence pro en télécommunication et réseaux; 4. Licence pro en génie électrique et énergies renouvelables 5. Licence en génie électrique et énergies renouvelables; 6. Licence en science de gestion, option: marketing et communication; 7. Licence en science de gestion, option: entrepreneuriat et management des projets; 8. Licence en science de gestion, option: transport- logistique; 9. Licence en science de gestion, option: gestion des ressources humaines; 10. Licence en finance-comptabilité; 11. Master en téléinformatique; 12. Master en télécommunications et réseaux; 13. Master en monétique et transactions sécurisées; 14. Master en sécurité des systèmes d'information; 15. Master en finance-comptabilité; 16. Master en gestion des ressources humaines. 1. Licence communication, informatique et multimédia, option : services informatiques et réseaux de communication ; 2. Licence communication, informatique et multimédia, option: conception et intégration des services et produits multimédia; 3. Licence communication, informatique et multimédia, option: animation de réseaux de communauté; 4. Licence en génie électrique et énergies renouvelables, option: systèmes électriques et énergies renouvelables; 5. Licence en télécommunication, option: réseaux sans fil et sécurité; 6. Licence en télécommunication, option: électronique des télécoms; 7. Licence en télécommunication, option: administration et sécurités des réseaux; 8. Licence en science de gestion, option: banque- assurance; 9. Licence en commerce international; 10. Licence en tourisme; 11. Licence en informatique; 12. Licence en informatique de gestion; 13. Licence en maintenance informatique ; 14. Master en systèmes électriques et énergies renouvelables; 15. Master en commerce international; 16. Master en tourisme; 17. Master en informatique; 18. Master en informatique de gestion; 19. Master en téléinformatique option génie logiciel et administration réseaux; 20. Diplôme d'ingénieur de conception (bac+5), option : téléinformatique.",162,Télécommunications,name
"Licence en management, option: management et organisation du Tourisme HA-2020 RepSEN/Ensup-prive/HA/064-2020 1. Diplôme d'Etat de Docteur en médecine; 2. Diplôme d'Etat de docteur en pharmacie. Programmes non couverts par l’Habilitation institutionnelle mais couverts par des agréments (provisoire(s), extension(s), définitif(s)) 1. Licence en interprétariat-traduction; 2. Licence en banque assurance; 3. Licence en audit-contrôle de gestion; 4. Licence en gestion des ressources humaines; 5. Licence en transport-logistique; 6. Licence en management du commerce international, marketing; 7. Licence en informatique de gestion; 8. Licence en assistanat de direction; 9. Licence en droit et fiscalité. 10. Master en interprétariat-traduction; 11. Master en banque assurance; 12. Master en management et organisation du tourisme; 13. Master en audit-contrôle de gestion; 14. Master en gestion des ressources humaines; 15. Master en transport-logistique; 16. Master en management du commerce international, marketing; 17. Master en informatique de gestion; 18. Master en assistanat de direction; 19. Master en droit et fiscalité. 1. Licence art des sciences; 2. Licence affaires; 3. Licence ingénierie; 4. Master art des Sciences; 5. Master affaires; 6. Master ingénierie.",1,Informatique,name
"Licence en management, option: management et organisation du Tourisme HA-2020 RepSEN/Ensup-prive/HA/064-2020 1. Diplôme d'Etat de Docteur en médecine; 2. Diplôme d'Etat de docteur en pharmacie. Programmes non couverts par l’Habilitation institutionnelle mais couverts par des agréments (provisoire(s), extension(s), définitif(s)) 1. Licence en interprétariat-traduction; 2. Licence en banque assurance; 3. Licence en audit-contrôle de gestion; 4. Licence en gestion des ressources humaines; 5. Licence en transport-logistique; 6. Licence en management du commerce international, marketing; 7. Licence en informatique de gestion; 8. Licence en assistanat de direction; 9. Licence en droit et fiscalité. 10. Master en interprétariat-traduction; 11. Master en banque assurance; 12. Master en management et organisation du tourisme; 13. Master en audit-contrôle de gestion; 14. Master en gestion des ressources humaines; 15. Master en transport-logistique; 16. Master en management du commerce international, marketing; 17. Master en informatique de gestion; 18. Master en assistanat de direction; 19. Master en droit et fiscalité. 1. Licence art des sciences; 2. Licence affaires; 3. Licence ingénierie; 4. Master art des Sciences; 5. Master affaires; 6. Master ingénierie.",3,Médecine,name
"Licence en management, option: management et organisation du Tourisme HA-2020 RepSEN/Ensup-prive/HA/064-2020 1. Diplôme d'Etat de Docteur en médecine; 2. Diplôme d'Etat de docteur en pharmacie. Programmes non couverts par l’Habilitation institutionnelle mais couverts par des agréments (provisoire(s), extension(s), définitif(s)) 1. Licence en interprétariat-traduction; 2. Licence en banque assurance; 3. Licence en audit-contrôle de gestion; 4. Licence en gestion des ressources humaines; 5. Licence en transport-logistique; 6. Licence en management du commerce international, marketing; 7. Licence en informatique de gestion; 8. Licence en assistanat de direction; 9. Licence en droit et fiscalité. 10. Master en interprétariat-traduction; 11. Master en banque assurance; 12. Master en management et organisation du tourisme; 13. Master en audit-contrôle de gestion; 14. Master en gestion des ressources humaines; 15. Master en transport-logistique; 16. Master en management du commerce international, marketing; 17. Master en informatique de gestion; 18. Master en assistanat de direction; 19. Master en droit et fiscalité. 1. Licence art des sciences; 2. Licence affaires; 3. Licence ingénierie; 4. Master art des Sciences; 5. Master affaires; 6. Master ingénierie.",4,Droit,name
"Licence en management, option: management et organisation du Tourisme HA-2020 RepSEN/Ensup-prive/HA/064-2020 1. Diplôme d'Etat de Docteur en médecine; 2. Diplôme d'Etat de docteur en pharmacie. Programmes non couverts par l’Habilitation institutionnelle mais couverts par des agréments (provisoire(s), extension(s), définitif(s)) 1. Licence en interprétariat-traduction; 2. Licence en banque assurance; 3. Licence en audit-contrôle de gestion; 4. Licence en gestion des ressources humaines; 5. Licence en transport-logistique; 6. Licence en management du commerce international, marketing; 7. Licence en informatique de gestion; 8. Licence en assistanat de direction; 9. Licence en droit et fiscalité. 10. Master en interprétariat-traduction; 11. Master en banque assurance; 12. Master en management et organisation du tourisme; 13. Master en audit-contrôle de gestion; 14. Master en gestion des ressources humaines; 15. Master en transport-logistique; 16. Master en management du commerce international, marketing; 17. Master en informatique de gestion; 18. Master en assistanat de direction; 19. Master en droit et fiscalité. 1. Licence art des sciences; 2. Licence affaires; 3. Licence ingénierie; 4. Master art des Sciences; 5. Master affaires; 6. Master ingénierie.",4,Médecin,name
"Licence en management, option: management et organisation du Tourisme HA-2020 RepSEN/Ensup-prive/HA/064-2020 1. Diplôme d'Etat de Docteur en médecine; 2. Diplôme d'Etat de docteur en pharmacie. Programmes non couverts par l’Habilitation institutionnelle mais couverts par des agréments (provisoire(s), extension(s), définitif(s)) 1. Licence en interprétariat-traduction; 2. Licence en banque assurance; 3. Licence en audit-contrôle de gestion; 4. Licence en gestion des ressources humaines; 5. Licence en transport-logistique; 6. Licence en management du commerce international, marketing; 7. Licence en informatique de gestion; 8. Licence en assistanat de direction; 9. Licence en droit et fiscalité. 10. Master en interprétariat-traduction; 11. Master en banque assurance; 12. Master en management et organisation du tourisme; 13. Master en audit-contrôle de gestion; 14. Master en gestion des ressources humaines; 15. Master en transport-logistique; 16. Master en management du commerce international, marketing; 17. Master en informatique de gestion; 18. Master en assistanat de direction; 19. Master en droit et fiscalité. 1. Licence art des sciences; 2. Licence affaires; 3. Licence ingénierie; 4. Master art des Sciences; 5. Master affaires; 6. Master ingénierie.",5,Gestion,name
"Licence en management, option: management et organisation du Tourisme HA-2020 RepSEN/Ensup-prive/HA/064-2020 1. Diplôme d'Etat de Docteur en médecine; 2. Diplôme d'Etat de docteur en pharmacie. Programmes non couverts par l’Habilitation institutionnelle mais couverts par des agréments (provisoire(s), extension(s), définitif(s)) 1. Licence en interprétariat-traduction; 2. Licence en banque assurance; 3. Licence en audit-contrôle de gestion; 4. Licence en gestion des ressources humaines; 5. Licence en transport-logistique; 6. Licence en management du commerce international, marketing; 7. Licence en informatique de gestion; 8. Licence en assistanat de direction; 9. Licence en droit et fiscalité. 10. Master en interprétariat-traduction; 11. Master en banque assurance; 12. Master en management et organisation du tourisme; 13. Master en audit-contrôle de gestion; 14. Master en gestion des ressources humaines; 15. Master en transport-logistique; 16. Master en management du commerce international, marketing; 17. Master en informatique de gestion; 18. Master en assistanat de direction; 19. Master en droit et fiscalité. 1. Licence art des sciences; 2. Licence affaires; 3. Licence ingénierie; 4. Master art des Sciences; 5. Master affaires; 6. Master ingénierie.",7,Marketing,name
"Licence en management, option: management et organisation du Tourisme HA-2020 RepSEN/Ensup-prive/HA/064-2020 1. Diplôme d'Etat de Docteur en médecine; 2. Diplôme d'Etat de docteur en pharmacie. Programmes non couverts par l’Habilitation institutionnelle mais couverts par des agréments (provisoire(s), extension(s), définitif(s)) 1. Licence en interprétariat-traduction; 2. Licence en banque assurance; 3. Licence en audit-contrôle de gestion; 4. Licence en gestion des ressources humaines; 5. Licence en transport-logistique; 6. Licence en management du commerce international, marketing; 7. Licence en informatique de gestion; 8. Licence en assistanat de direction; 9. Licence en droit et fiscalité. 10. Master en interprétariat-traduction; 11. Master en banque assurance; 12. Master en management et organisation du tourisme; 13. Master en audit-contrôle de gestion; 14. Master en gestion des ressources humaines; 15. Master en transport-logistique; 16. Master en management du commerce international, marketing; 17. Master en informatique de gestion; 18. Master en assistanat de direction; 19. Master en droit et fiscalité. 1. Licence art des sciences; 2. Licence affaires; 3. Licence ingénierie; 4. Master art des Sciences; 5. Master affaires; 6. Master ingénierie.",15,Informatique de Gestion,name
"Licence en management, option: management et organisation du Tourisme HA-2020 RepSEN/Ensup-prive/HA/064-2020 1. Diplôme d'Etat de Docteur en médecine; 2. Diplôme d'Etat de docteur en pharmacie. Programmes non couverts par l’Habilitation institutionnelle mais couverts par des agréments (provisoire(s), extension(s), définitif(s)) 1. Licence en interprétariat-traduction; 2. Licence en banque assurance; 3. Licence en audit-contrôle de gestion; 4. Licence en gestion des ressources humaines; 5. Licence en transport-logistique; 6. Licence en management du commerce international, marketing; 7. Licence en informatique de gestion; 8. Licence en assistanat de direction; 9. Licence en droit et fiscalité. 10. Master en interprétariat-traduction; 11. Master en banque assurance; 12. Master en management et organisation du tourisme; 13. Master en audit-contrôle de gestion; 14. Master en gestion des ressources humaines; 15. Master en transport-logistique; 16. Master en management du commerce international, marketing; 17. Master en informatique de gestion; 18. Master en assistanat de direction; 19. Master en droit et fiscalité. 1. Licence art des sciences; 2. Licence affaires; 3. Licence ingénierie; 4. Master art des Sciences; 5. Master affaires; 6. Master ingénierie.",18,Pharmacie,name
"Licence en management, option: management et organisation du Tourisme HA-2020 RepSEN/Ensup-prive/HA/064-2020 1. Diplôme d'Etat de Docteur en médecine; 2. Diplôme d'Etat de docteur en pharmacie. Programmes non couverts par l’Habilitation institutionnelle mais couverts par des agréments (provisoire(s), extension(s), définitif(s)) 1. Licence en interprétariat-traduction; 2. Licence en banque assurance; 3. Licence en audit-contrôle de gestion; 4. Licence en gestion des ressources humaines; 5. Licence en transport-logistique; 6. Licence en management du commerce international, marketing; 7. Licence en informatique de gestion; 8. Licence en assistanat de direction; 9. Licence en droit et fiscalité. 10. Master en interprétariat-traduction; 11. Master en banque assurance; 12. Master en management et organisation du tourisme; 13. Master en audit-contrôle de gestion; 14. Master en gestion des ressources humaines; 15. Master en transport-logistique; 16. Master en management du commerce international, marketing; 17. Master en informatique de gestion; 18. Master en assistanat de direction; 19. Master en droit et fiscalité. 1. Licence art des sciences; 2. Licence affaires; 3. Licence ingénierie; 4. Master art des Sciences; 5. Master affaires; 6. Master ingénierie.",64,Management,name
"Licence en management, option: management et organisation du Tourisme HA-2020 RepSEN/Ensup-prive/HA/064-2020 1. Diplôme d'Etat de Docteur en médecine; 2. Diplôme d'Etat de docteur en pharmacie. Programmes non couverts par l’Habilitation institutionnelle mais couverts par des agréments (provisoire(s), extension(s), définitif(s)) 1. Licence en interprétariat-traduction; 2. Licence en banque assurance; 3. Licence en audit-contrôle de gestion; 4. Licence en gestion des ressources humaines; 5. Licence en transport-logistique; 6. Licence en management du commerce international, marketing; 7. Licence en informatique de gestion; 8. Licence en assistanat de direction; 9. Licence en droit et fiscalité. 10. Master en interprétariat-traduction; 11. Master en banque assurance; 12. Master en management et organisation du tourisme; 13. Master en audit-contrôle de gestion; 14. Master en gestion des ressources humaines; 15. Master en transport-logistique; 16. Master en management du commerce international, marketing; 17. Master en informatique de gestion; 18. Master en assistanat de direction; 19. Master en droit et fiscalité. 1. Licence art des sciences; 2. Licence affaires; 3. Licence ingénierie; 4. Master art des Sciences; 5. Master affaires; 6. Master ingénierie.",68,Gestion des ressources humaines,name
"Licence en management, option: management et organisation du Tourisme HA-2020 RepSEN/Ensup-prive/HA/064-2020 1. Diplôme d'Etat de Docteur en médecine; 2. Diplôme d'Etat de docteur en pharmacie. Programmes non couverts par l’Habilitation institutionnelle mais couverts par des agréments (provisoire(s), extension(s), définitif(s)) 1. Licence en interprétariat-traduction; 2. Licence en banque assurance; 3. Licence en audit-contrôle de gestion; 4. Licence en gestion des ressources humaines; 5. Licence en transport-logistique; 6. Licence en management du commerce international, marketing; 7. Licence en informatique de gestion; 8. Licence en assistanat de direction; 9. Licence en droit et fiscalité. 10. Master en interprétariat-traduction; 11. Master en banque assurance; 12. Master en management et organisation du tourisme; 13. Master en audit-contrôle de gestion; 14. Master en gestion des ressources humaines; 15. Master en transport-logistique; 16. Master en management du commerce international, marketing; 17. Master en informatique de gestion; 18. Master en assistanat de direction; 19. Master en droit et fiscalité. 1. Licence art des sciences; 2. Licence affaires; 3. Licence ingénierie; 4. Master art des Sciences; 5. Master affaires; 6. Master ingénierie.",79,Commerce international,name
"Licence en management, option: management et organisation du Tourisme HA-2020 RepSEN/Ensup-prive/HA/064-2020 1. Diplôme d'Etat de Docteur en médecine; 2. Diplôme d'Etat de docteur en pharmacie. Programmes non couverts par l’Habilitation institutionnelle mais couverts par des agréments (provisoire(s), extension(s), définitif(s)) 1. Licence en interprétariat-traduction; 2. Licence en banque assurance; 3. Licence en audit-contrôle de gestion; 4. Licence en gestion des ressources humaines; 5. Licence en transport-logistique; 6. Licence en management du commerce international, marketing; 7. Licence en informatique de gestion; 8. Licence en assistanat de direction; 9. Licence en droit et fiscalité. 10. Master en interprétariat-traduction; 11. Master en banque assurance; 12. Master en management et organisation du tourisme; 13. Master en audit-contrôle de gestion; 14. Master en gestion des ressources humaines; 15. Master en transport-logistique; 16. Master en management du commerce international, marketing; 17. Master en informatique de gestion; 18. Master en assistanat de direction; 19. Master en droit et fiscalité. 1. Licence art des sciences; 2. Licence affaires; 3. Licence ingénierie; 4. Master art des Sciences; 5. Master affaires; 6. Master ingénierie.",117,Fiscalité,name
"Licence en management, option: management et organisation du Tourisme HA-2020 RepSEN/Ensup-prive/HA/064-2020 1. Diplôme d'Etat de Docteur en médecine; 2. Diplôme d'Etat de docteur en pharmacie. Programmes non couverts par l’Habilitation institutionnelle mais couverts par des agréments (provisoire(s), extension(s), définitif(s)) 1. Licence en interprétariat-traduction; 2. Licence en banque assurance; 3. Licence en audit-contrôle de gestion; 4. Licence en gestion des ressources humaines; 5. Licence en transport-logistique; 6. Licence en management du commerce international, marketing; 7. Licence en informatique de gestion; 8. Licence en assistanat de direction; 9. Licence en droit et fiscalité. 10. Master en interprétariat-traduction; 11. Master en banque assurance; 12. Master en management et organisation du tourisme; 13. Master en audit-contrôle de gestion; 14. Master en gestion des ressources humaines; 15. Master en transport-logistique; 16. Master en management du commerce international, marketing; 17. Master en informatique de gestion; 18. Master en assistanat de direction; 19. Master en droit et fiscalité. 1. Licence art des sciences; 2. Licence affaires; 3. Licence ingénierie; 4. Master art des Sciences; 5. Master affaires; 6. Master ingénierie.",138,Assistanat de Direction,name
"Licence en banque, finance, assurance; 2. Licence en gestion des ressources humaines; 3. Licence en commerce international; 4. Licence en audit et contrôle de gestion. HA-2019 RepSEN/Ensup-priv/HA/062-2019 1. Licence en administration économique et sociale; 2. Licence en banque - assurances- micro finances; 3. Licence en commerce international; 4. Licence en finance comptabilité; 5. Licence en gestion des entreprises; 6. Licence en gestion des ressources humaines. HA-2020 RepSEN/ensup-priv/HA/068-2020 1. Licence professionnelle en banque finance assurance ; 2. Licence professionnelle en gestion des entreprises et management des organisations ; 3. Licence professionnelle en management du 1. Licence en marketing, opérations et actions commerciales; 2. Licence en sciences et techniques comptables et financières; 3. Licence en gestion, option: informatique de gestion; 4. Licence en gestion production, logistique, achats, option: transport logistique; 5. Licence en droit, option: fiscalité; 6. Licence en droit des affaires; 7. Licence en management, option: management des entreprises; 8. Master en finance; 9. Master en gestion des ressources humaines; 10. Master en audit et contrôle de gestion; 11. Master droit des affaires; 12. Master droit, option: fiscalité; 13. Master marketing communication, option: marketing et communication; 14. Master en commerce international, option: commerce international; 15. Master en management, option: management et gestion des entreprises. 1. Licence en marketing-management; 2. Licence en marketing- communication; 3. Master en audit et contrôle de gestion; 4. Master en banque-finance-assurance; 5. Master en finance comptabilité; 6. Master en gestion des entreprises; 7. Master en gestion des projets; 8. Master en gestion des ressources humaines; 9. Master en marketing-management.",1,Informatique,name
"Licence en banque, finance, assurance; 2. Licence en gestion des ressources humaines; 3. Licence en commerce international; 4. Licence en audit et contrôle de gestion. HA-2019 RepSEN/Ensup-priv/HA/062-2019 1. Licence en administration économique et sociale; 2. Licence en banque - assurances- micro finances; 3. Licence en commerce international; 4. Licence en finance comptabilité; 5. Licence en gestion des entreprises; 6. Licence en gestion des ressources humaines. HA-2020 RepSEN/ensup-priv/HA/068-2020 1. Licence professionnelle en banque finance assurance ; 2. Licence professionnelle en gestion des entreprises et management des organisations ; 3. Licence professionnelle en management du 1. Licence en marketing, opérations et actions commerciales; 2. Licence en sciences et techniques comptables et financières; 3. Licence en gestion, option: informatique de gestion; 4. Licence en gestion production, logistique, achats, option: transport logistique; 5. Licence en droit, option: fiscalité; 6. Licence en droit des affaires; 7. Licence en management, option: management des entreprises; 8. Master en finance; 9. Master en gestion des ressources humaines; 10. Master en audit et contrôle de gestion; 11. Master droit des affaires; 12. Master droit, option: fiscalité; 13. Master marketing communication, option: marketing et communication; 14. Master en commerce international, option: commerce international; 15. Master en management, option: management et gestion des entreprises. 1. Licence en marketing-management; 2. Licence en marketing- communication; 3. Master en audit et contrôle de gestion; 4. Master en banque-finance-assurance; 5. Master en finance comptabilité; 6. Master en gestion des entreprises; 7. Master en gestion des projets; 8. Master en gestion des ressources humaines; 9. Master en marketing-management.",4,Droit,name
"Licence en banque, finance, assurance; 2. Licence en gestion des ressources humaines; 3. Licence en commerce international; 4. Licence en audit et contrôle de gestion. HA-2019 RepSEN/Ensup-priv/HA/062-2019 1. Licence en administration économique et sociale; 2. Licence en banque - assurances- micro finances; 3. Licence en commerce international; 4. Licence en finance comptabilité; 5. Licence en gestion des entreprises; 6. Licence en gestion des ressources humaines. HA-2020 RepSEN/ensup-priv/HA/068-2020 1. Licence professionnelle en banque finance assurance ; 2. Licence professionnelle en gestion des entreprises et management des organisations ; 3. Licence professionnelle en management du 1. Licence en marketing, opérations et actions commerciales; 2. Licence en sciences et techniques comptables et financières; 3. Licence en gestion, option: informatique de gestion; 4. Licence en gestion production, logistique, achats, option: transport logistique; 5. Licence en droit, option: fiscalité; 6. Licence en droit des affaires; 7. Licence en management, option: management des entreprises; 8. Master en finance; 9. Master en gestion des ressources humaines; 10. Master en audit et contrôle de gestion; 11. Master droit des affaires; 12. Master droit, option: fiscalité; 13. Master marketing communication, option: marketing et communication; 14. Master en commerce international, option: commerce international; 15. Master en management, option: management et gestion des entreprises. 1. Licence en marketing-management; 2. Licence en marketing- communication; 3. Master en audit et contrôle de gestion; 4. Master en banque-finance-assurance; 5. Master en finance comptabilité; 6. Master en gestion des entreprises; 7. Master en gestion des projets; 8. Master en gestion des ressources humaines; 9. Master en marketing-management.",5,Gestion,name
"Licence en banque, finance, assurance; 2. Licence en gestion des ressources humaines; 3. Licence en commerce international; 4. Licence en audit et contrôle de gestion. HA-2019 RepSEN/Ensup-priv/HA/062-2019 1. Licence en administration économique et sociale; 2. Licence en banque - assurances- micro finances; 3. Licence en commerce international; 4. Licence en finance comptabilité; 5. Licence en gestion des entreprises; 6. Licence en gestion des ressources humaines. HA-2020 RepSEN/ensup-priv/HA/068-2020 1. Licence professionnelle en banque finance assurance ; 2. Licence professionnelle en gestion des entreprises et management des organisations ; 3. Licence professionnelle en management du 1. Licence en marketing, opérations et actions commerciales; 2. Licence en sciences et techniques comptables et financières; 3. Licence en gestion, option: informatique de gestion; 4. Licence en gestion production, logistique, achats, option: transport logistique; 5. Licence en droit, option: fiscalité; 6. Licence en droit des affaires; 7. Licence en management, option: management des entreprises; 8. Master en finance; 9. Master en gestion des ressources humaines; 10. Master en audit et contrôle de gestion; 11. Master droit des affaires; 12. Master droit, option: fiscalité; 13. Master marketing communication, option: marketing et communication; 14. Master en commerce international, option: commerce international; 15. Master en management, option: management et gestion des entreprises. 1. Licence en marketing-management; 2. Licence en marketing- communication; 3. Master en audit et contrôle de gestion; 4. Master en banque-finance-assurance; 5. Master en finance comptabilité; 6. Master en gestion des entreprises; 7. Master en gestion des projets; 8. Master en gestion des ressources humaines; 9. Master en marketing-management.",6,Comptable,name
"Licence en banque, finance, assurance; 2. Licence en gestion des ressources humaines; 3. Licence en commerce international; 4. Licence en audit et contrôle de gestion. HA-2019 RepSEN/Ensup-priv/HA/062-2019 1. Licence en administration économique et sociale; 2. Licence en banque - assurances- micro finances; 3. Licence en commerce international; 4. Licence en finance comptabilité; 5. Licence en gestion des entreprises; 6. Licence en gestion des ressources humaines. HA-2020 RepSEN/ensup-priv/HA/068-2020 1. Licence professionnelle en banque finance assurance ; 2. Licence professionnelle en gestion des entreprises et management des organisations ; 3. Licence professionnelle en management du 1. Licence en marketing, opérations et actions commerciales; 2. Licence en sciences et techniques comptables et financières; 3. Licence en gestion, option: informatique de gestion; 4. Licence en gestion production, logistique, achats, option: transport logistique; 5. Licence en droit, option: fiscalité; 6. Licence en droit des affaires; 7. Licence en management, option: management des entreprises; 8. Master en finance; 9. Master en gestion des ressources humaines; 10. Master en audit et contrôle de gestion; 11. Master droit des affaires; 12. Master droit, option: fiscalité; 13. Master marketing communication, option: marketing et communication; 14. Master en commerce international, option: commerce international; 15. Master en management, option: management et gestion des entreprises. 1. Licence en marketing-management; 2. Licence en marketing- communication; 3. Master en audit et contrôle de gestion; 4. Master en banque-finance-assurance; 5. Master en finance comptabilité; 6. Master en gestion des entreprises; 7. Master en gestion des projets; 8. Master en gestion des ressources humaines; 9. Master en marketing-management.",7,Marketing,name
"Licence en banque, finance, assurance; 2. Licence en gestion des ressources humaines; 3. Licence en commerce international; 4. Licence en audit et contrôle de gestion. HA-2019 RepSEN/Ensup-priv/HA/062-2019 1. Licence en administration économique et sociale; 2. Licence en banque - assurances- micro finances; 3. Licence en commerce international; 4. Licence en finance comptabilité; 5. Licence en gestion des entreprises; 6. Licence en gestion des ressources humaines. HA-2020 RepSEN/ensup-priv/HA/068-2020 1. Licence professionnelle en banque finance assurance ; 2. Licence professionnelle en gestion des entreprises et management des organisations ; 3. Licence professionnelle en management du 1. Licence en marketing, opérations et actions commerciales; 2. Licence en sciences et techniques comptables et financières; 3. Licence en gestion, option: informatique de gestion; 4. Licence en gestion production, logistique, achats, option: transport logistique; 5. Licence en droit, option: fiscalité; 6. Licence en droit des affaires; 7. Licence en management, option: management des entreprises; 8. Master en finance; 9. Master en gestion des ressources humaines; 10. Master en audit et contrôle de gestion; 11. Master droit des affaires; 12. Master droit, option: fiscalité; 13. Master marketing communication, option: marketing et communication; 14. Master en commerce international, option: commerce international; 15. Master en management, option: management et gestion des entreprises. 1. Licence en marketing-management; 2. Licence en marketing- communication; 3. Master en audit et contrôle de gestion; 4. Master en banque-finance-assurance; 5. Master en finance comptabilité; 6. Master en gestion des entreprises; 7. Master en gestion des projets; 8. Master en gestion des ressources humaines; 9. Master en marketing-management.",15,Informatique de Gestion,name
"Licence en banque, finance, assurance; 2. Licence en gestion des ressources humaines; 3. Licence en commerce international; 4. Licence en audit et contrôle de gestion. HA-2019 RepSEN/Ensup-priv/HA/062-2019 1. Licence en administration économique et sociale; 2. Licence en banque - assurances- micro finances; 3. Licence en commerce international; 4. Licence en finance comptabilité; 5. Licence en gestion des entreprises; 6. Licence en gestion des ressources humaines. HA-2020 RepSEN/ensup-priv/HA/068-2020 1. Licence professionnelle en banque finance assurance ; 2. Licence professionnelle en gestion des entreprises et management des organisations ; 3. Licence professionnelle en management du 1. Licence en marketing, opérations et actions commerciales; 2. Licence en sciences et techniques comptables et financières; 3. Licence en gestion, option: informatique de gestion; 4. Licence en gestion production, logistique, achats, option: transport logistique; 5. Licence en droit, option: fiscalité; 6. Licence en droit des affaires; 7. Licence en management, option: management des entreprises; 8. Master en finance; 9. Master en gestion des ressources humaines; 10. Master en audit et contrôle de gestion; 11. Master droit des affaires; 12. Master droit, option: fiscalité; 13. Master marketing communication, option: marketing et communication; 14. Master en commerce international, option: commerce international; 15. Master en management, option: management et gestion des entreprises. 1. Licence en marketing-management; 2. Licence en marketing- communication; 3. Master en audit et contrôle de gestion; 4. Master en banque-finance-assurance; 5. Master en finance comptabilité; 6. Master en gestion des entreprises; 7. Master en gestion des projets; 8. Master en gestion des ressources humaines; 9. Master en marketing-management.",64,Management,name
"Licence en banque, finance, assurance; 2. Licence en gestion des ressources humaines; 3. Licence en commerce international; 4. Licence en audit et contrôle de gestion. HA-2019 RepSEN/Ensup-priv/HA/062-2019 1. Licence en administration économique et sociale; 2. Licence en banque - assurances- micro finances; 3. Licence en commerce international; 4. Licence en finance comptabilité; 5. Licence en gestion des entreprises; 6. Licence en gestion des ressources humaines. HA-2020 RepSEN/ensup-priv/HA/068-2020 1. Licence professionnelle en banque finance assurance ; 2. Licence professionnelle en gestion des entreprises et management des organisations ; 3. Licence professionnelle en management du 1. Licence en marketing, opérations et actions commerciales; 2. Licence en sciences et techniques comptables et financières; 3. Licence en gestion, option: informatique de gestion; 4. Licence en gestion production, logistique, achats, option: transport logistique; 5. Licence en droit, option: fiscalité; 6. Licence en droit des affaires; 7. Licence en management, option: management des entreprises; 8. Master en finance; 9. Master en gestion des ressources humaines; 10. Master en audit et contrôle de gestion; 11. Master droit des affaires; 12. Master droit, option: fiscalité; 13. Master marketing communication, option: marketing et communication; 14. Master en commerce international, option: commerce international; 15. Master en management, option: management et gestion des entreprises. 1. Licence en marketing-management; 2. Licence en marketing- communication; 3. Master en audit et contrôle de gestion; 4. Master en banque-finance-assurance; 5. Master en finance comptabilité; 6. Master en gestion des entreprises; 7. Master en gestion des projets; 8. Master en gestion des ressources humaines; 9. Master en marketing-management.",68,Gestion des ressources humaines,name
"Licence en banque, finance, assurance; 2. Licence en gestion des ressources humaines; 3. Licence en commerce international; 4. Licence en audit et contrôle de gestion. HA-2019 RepSEN/Ensup-priv/HA/062-2019 1. Licence en administration économique et sociale; 2. Licence en banque - assurances- micro finances; 3. Licence en commerce international; 4. Licence en finance comptabilité; 5. Licence en gestion des entreprises; 6. Licence en gestion des ressources humaines. HA-2020 RepSEN/ensup-priv/HA/068-2020 1. Licence professionnelle en banque finance assurance ; 2. Licence professionnelle en gestion des entreprises et management des organisations ; 3. Licence professionnelle en management du 1. Licence en marketing, opérations et actions commerciales; 2. Licence en sciences et techniques comptables et financières; 3. Licence en gestion, option: informatique de gestion; 4. Licence en gestion production, logistique, achats, option: transport logistique; 5. Licence en droit, option: fiscalité; 6. Licence en droit des affaires; 7. Licence en management, option: management des entreprises; 8. Master en finance; 9. Master en gestion des ressources humaines; 10. Master en audit et contrôle de gestion; 11. Master droit des affaires; 12. Master droit, option: fiscalité; 13. Master marketing communication, option: marketing et communication; 14. Master en commerce international, option: commerce international; 15. Master en management, option: management et gestion des entreprises. 1. Licence en marketing-management; 2. Licence en marketing- communication; 3. Master en audit et contrôle de gestion; 4. Master en banque-finance-assurance; 5. Master en finance comptabilité; 6. Master en gestion des entreprises; 7. Master en gestion des projets; 8. Master en gestion des ressources humaines; 9. Master en marketing-management.",71,Marketing et communication,name
"Licence en banque, finance, assurance; 2. Licence en gestion des ressources humaines; 3. Licence en commerce international; 4. Licence en audit et contrôle de gestion. HA-2019 RepSEN/Ensup-priv/HA/062-2019 1. Licence en administration économique et sociale; 2. Licence en banque - assurances- micro finances; 3. Licence en commerce international; 4. Licence en finance comptabilité; 5. Licence en gestion des entreprises; 6. Licence en gestion des ressources humaines. HA-2020 RepSEN/ensup-priv/HA/068-2020 1. Licence professionnelle en banque finance assurance ; 2. Licence professionnelle en gestion des entreprises et management des organisations ; 3. Licence professionnelle en management du 1. Licence en marketing, opérations et actions commerciales; 2. Licence en sciences et techniques comptables et financières; 3. Licence en gestion, option: informatique de gestion; 4. Licence en gestion production, logistique, achats, option: transport logistique; 5. Licence en droit, option: fiscalité; 6. Licence en droit des affaires; 7. Licence en management, option: management des entreprises; 8. Master en finance; 9. Master en gestion des ressources humaines; 10. Master en audit et contrôle de gestion; 11. Master droit des affaires; 12. Master droit, option: fiscalité; 13. Master marketing communication, option: marketing et communication; 14. Master en commerce international, option: commerce international; 15. Master en management, option: management et gestion des entreprises. 1. Licence en marketing-management; 2. Licence en marketing- communication; 3. Master en audit et contrôle de gestion; 4. Master en banque-finance-assurance; 5. Master en finance comptabilité; 6. Master en gestion des entreprises; 7. Master en gestion des projets; 8. Master en gestion des ressources humaines; 9. Master en marketing-management.",73,Droit des affaires,name
"Licence en banque, finance, assurance; 2. Licence en gestion des ressources humaines; 3. Licence en commerce international; 4. Licence en audit et contrôle de gestion. HA-2019 RepSEN/Ensup-priv/HA/062-2019 1. Licence en administration économique et sociale; 2. Licence en banque - assurances- micro finances; 3. Licence en commerce international; 4. Licence en finance comptabilité; 5. Licence en gestion des entreprises; 6. Licence en gestion des ressources humaines. HA-2020 RepSEN/ensup-priv/HA/068-2020 1. Licence professionnelle en banque finance assurance ; 2. Licence professionnelle en gestion des entreprises et management des organisations ; 3. Licence professionnelle en management du 1. Licence en marketing, opérations et actions commerciales; 2. Licence en sciences et techniques comptables et financières; 3. Licence en gestion, option: informatique de gestion; 4. Licence en gestion production, logistique, achats, option: transport logistique; 5. Licence en droit, option: fiscalité; 6. Licence en droit des affaires; 7. Licence en management, option: management des entreprises; 8. Master en finance; 9. Master en gestion des ressources humaines; 10. Master en audit et contrôle de gestion; 11. Master droit des affaires; 12. Master droit, option: fiscalité; 13. Master marketing communication, option: marketing et communication; 14. Master en commerce international, option: commerce international; 15. Master en management, option: management et gestion des entreprises. 1. Licence en marketing-management; 2. Licence en marketing- communication; 3. Master en audit et contrôle de gestion; 4. Master en banque-finance-assurance; 5. Master en finance comptabilité; 6. Master en gestion des entreprises; 7. Master en gestion des projets; 8. Master en gestion des ressources humaines; 9. Master en marketing-management.",78,Transport logistique,name
"Licence en banque, finance, assurance; 2. Licence en gestion des ressources humaines; 3. Licence en commerce international; 4. Licence en audit et contrôle de gestion. HA-2019 RepSEN/Ensup-priv/HA/062-2019 1. Licence en administration économique et sociale; 2. Licence en banque - assurances- micro finances; 3. Licence en commerce international; 4. Licence en finance comptabilité; 5. Licence en gestion des entreprises; 6. Licence en gestion des ressources humaines. HA-2020 RepSEN/ensup-priv/HA/068-2020 1. Licence professionnelle en banque finance assurance ; 2. Licence professionnelle en gestion des entreprises et management des organisations ; 3. Licence professionnelle en management du 1. Licence en marketing, opérations et actions commerciales; 2. Licence en sciences et techniques comptables et financières; 3. Licence en gestion, option: informatique de gestion; 4. Licence en gestion production, logistique, achats, option: transport logistique; 5. Licence en droit, option: fiscalité; 6. Licence en droit des affaires; 7. Licence en management, option: management des entreprises; 8. Master en finance; 9. Master en gestion des ressources humaines; 10. Master en audit et contrôle de gestion; 11. Master droit des affaires; 12. Master droit, option: fiscalité; 13. Master marketing communication, option: marketing et communication; 14. Master en commerce international, option: commerce international; 15. Master en management, option: management et gestion des entreprises. 1. Licence en marketing-management; 2. Licence en marketing- communication; 3. Master en audit et contrôle de gestion; 4. Master en banque-finance-assurance; 5. Master en finance comptabilité; 6. Master en gestion des entreprises; 7. Master en gestion des projets; 8. Master en gestion des ressources humaines; 9. Master en marketing-management.",79,Commerce international,name
"Licence en banque, finance, assurance; 2. Licence en gestion des ressources humaines; 3. Licence en commerce international; 4. Licence en audit et contrôle de gestion. HA-2019 RepSEN/Ensup-priv/HA/062-2019 1. Licence en administration économique et sociale; 2. Licence en banque - assurances- micro finances; 3. Licence en commerce international; 4. Licence en finance comptabilité; 5. Licence en gestion des entreprises; 6. Licence en gestion des ressources humaines. HA-2020 RepSEN/ensup-priv/HA/068-2020 1. Licence professionnelle en banque finance assurance ; 2. Licence professionnelle en gestion des entreprises et management des organisations ; 3. Licence professionnelle en management du 1. Licence en marketing, opérations et actions commerciales; 2. Licence en sciences et techniques comptables et financières; 3. Licence en gestion, option: informatique de gestion; 4. Licence en gestion production, logistique, achats, option: transport logistique; 5. Licence en droit, option: fiscalité; 6. Licence en droit des affaires; 7. Licence en management, option: management des entreprises; 8. Master en finance; 9. Master en gestion des ressources humaines; 10. Master en audit et contrôle de gestion; 11. Master droit des affaires; 12. Master droit, option: fiscalité; 13. Master marketing communication, option: marketing et communication; 14. Master en commerce international, option: commerce international; 15. Master en management, option: management et gestion des entreprises. 1. Licence en marketing-management; 2. Licence en marketing- communication; 3. Master en audit et contrôle de gestion; 4. Master en banque-finance-assurance; 5. Master en finance comptabilité; 6. Master en gestion des entreprises; 7. Master en gestion des projets; 8. Master en gestion des ressources humaines; 9. Master en marketing-management.",80,Management des organisations,name
"Licence en banque, finance, assurance; 2. Licence en gestion des ressources humaines; 3. Licence en commerce international; 4. Licence en audit et contrôle de gestion. HA-2019 RepSEN/Ensup-priv/HA/062-2019 1. Licence en administration économique et sociale; 2. Licence en banque - assurances- micro finances; 3. Licence en commerce international; 4. Licence en finance comptabilité; 5. Licence en gestion des entreprises; 6. Licence en gestion des ressources humaines. HA-2020 RepSEN/ensup-priv/HA/068-2020 1. Licence professionnelle en banque finance assurance ; 2. Licence professionnelle en gestion des entreprises et management des organisations ; 3. Licence professionnelle en management du 1. Licence en marketing, opérations et actions commerciales; 2. Licence en sciences et techniques comptables et financières; 3. Licence en gestion, option: informatique de gestion; 4. Licence en gestion production, logistique, achats, option: transport logistique; 5. Licence en droit, option: fiscalité; 6. Licence en droit des affaires; 7. Licence en management, option: management des entreprises; 8. Master en finance; 9. Master en gestion des ressources humaines; 10. Master en audit et contrôle de gestion; 11. Master droit des affaires; 12. Master droit, option: fiscalité; 13. Master marketing communication, option: marketing et communication; 14. Master en commerce international, option: commerce international; 15. Master en management, option: management et gestion des entreprises. 1. Licence en marketing-management; 2. Licence en marketing- communication; 3. Master en audit et contrôle de gestion; 4. Master en banque-finance-assurance; 5. Master en finance comptabilité; 6. Master en gestion des entreprises; 7. Master en gestion des projets; 8. Master en gestion des ressources humaines; 9. Master en marketing-management.",92,Management des entreprises,name
"Licence en banque, finance, assurance; 2. Licence en gestion des ressources humaines; 3. Licence en commerce international; 4. Licence en audit et contrôle de gestion. HA-2019 RepSEN/Ensup-priv/HA/062-2019 1. Licence en administration économique et sociale; 2. Licence en banque - assurances- micro finances; 3. Licence en commerce international; 4. Licence en finance comptabilité; 5. Licence en gestion des entreprises; 6. Licence en gestion des ressources humaines. HA-2020 RepSEN/ensup-priv/HA/068-2020 1. Licence professionnelle en banque finance assurance ; 2. Licence professionnelle en gestion des entreprises et management des organisations ; 3. Licence professionnelle en management du 1. Licence en marketing, opérations et actions commerciales; 2. Licence en sciences et techniques comptables et financières; 3. Licence en gestion, option: informatique de gestion; 4. Licence en gestion production, logistique, achats, option: transport logistique; 5. Licence en droit, option: fiscalité; 6. Licence en droit des affaires; 7. Licence en management, option: management des entreprises; 8. Master en finance; 9. Master en gestion des ressources humaines; 10. Master en audit et contrôle de gestion; 11. Master droit des affaires; 12. Master droit, option: fiscalité; 13. Master marketing communication, option: marketing et communication; 14. Master en commerce international, option: commerce international; 15. Master en management, option: management et gestion des entreprises. 1. Licence en marketing-management; 2. Licence en marketing- communication; 3. Master en audit et contrôle de gestion; 4. Master en banque-finance-assurance; 5. Master en finance comptabilité; 6. Master en gestion des entreprises; 7. Master en gestion des projets; 8. Master en gestion des ressources humaines; 9. Master en marketing-management.",97,Audit et Contrôle de Gestion,name
"Licence en banque, finance, assurance; 2. Licence en gestion des ressources humaines; 3. Licence en commerce international; 4. Licence en audit et contrôle de gestion. HA-2019 RepSEN/Ensup-priv/HA/062-2019 1. Licence en administration économique et sociale; 2. Licence en banque - assurances- micro finances; 3. Licence en commerce international; 4. Licence en finance comptabilité; 5. Licence en gestion des entreprises; 6. Licence en gestion des ressources humaines. HA-2020 RepSEN/ensup-priv/HA/068-2020 1. Licence professionnelle en banque finance assurance ; 2. Licence professionnelle en gestion des entreprises et management des organisations ; 3. Licence professionnelle en management du 1. Licence en marketing, opérations et actions commerciales; 2. Licence en sciences et techniques comptables et financières; 3. Licence en gestion, option: informatique de gestion; 4. Licence en gestion production, logistique, achats, option: transport logistique; 5. Licence en droit, option: fiscalité; 6. Licence en droit des affaires; 7. Licence en management, option: management des entreprises; 8. Master en finance; 9. Master en gestion des ressources humaines; 10. Master en audit et contrôle de gestion; 11. Master droit des affaires; 12. Master droit, option: fiscalité; 13. Master marketing communication, option: marketing et communication; 14. Master en commerce international, option: commerce international; 15. Master en management, option: management et gestion des entreprises. 1. Licence en marketing-management; 2. Licence en marketing- communication; 3. Master en audit et contrôle de gestion; 4. Master en banque-finance-assurance; 5. Master en finance comptabilité; 6. Master en gestion des entreprises; 7. Master en gestion des projets; 8. Master en gestion des ressources humaines; 9. Master en marketing-management.",105,Comptabilité,name
"Licence en banque, finance, assurance; 2. Licence en gestion des ressources humaines; 3. Licence en commerce international; 4. Licence en audit et contrôle de gestion. HA-2019 RepSEN/Ensup-priv/HA/062-2019 1. Licence en administration économique et sociale; 2. Licence en banque - assurances- micro finances; 3. Licence en commerce international; 4. Licence en finance comptabilité; 5. Licence en gestion des entreprises; 6. Licence en gestion des ressources humaines. HA-2020 RepSEN/ensup-priv/HA/068-2020 1. Licence professionnelle en banque finance assurance ; 2. Licence professionnelle en gestion des entreprises et management des organisations ; 3. Licence professionnelle en management du 1. Licence en marketing, opérations et actions commerciales; 2. Licence en sciences et techniques comptables et financières; 3. Licence en gestion, option: informatique de gestion; 4. Licence en gestion production, logistique, achats, option: transport logistique; 5. Licence en droit, option: fiscalité; 6. Licence en droit des affaires; 7. Licence en management, option: management des entreprises; 8. Master en finance; 9. Master en gestion des ressources humaines; 10. Master en audit et contrôle de gestion; 11. Master droit des affaires; 12. Master droit, option: fiscalité; 13. Master marketing communication, option: marketing et communication; 14. Master en commerce international, option: commerce international; 15. Master en management, option: management et gestion des entreprises. 1. Licence en marketing-management; 2. Licence en marketing- communication; 3. Master en audit et contrôle de gestion; 4. Master en banque-finance-assurance; 5. Master en finance comptabilité; 6. Master en gestion des entreprises; 7. Master en gestion des projets; 8. Master en gestion des ressources humaines; 9. Master en marketing-management.",117,Fiscalité,name
"Licence en banque, finance, assurance; 2. Licence en gestion des ressources humaines; 3. Licence en commerce international; 4. Licence en audit et contrôle de gestion. HA-2019 RepSEN/Ensup-priv/HA/062-2019 1. Licence en administration économique et sociale; 2. Licence en banque - assurances- micro finances; 3. Licence en commerce international; 4. Licence en finance comptabilité; 5. Licence en gestion des entreprises; 6. Licence en gestion des ressources humaines. HA-2020 RepSEN/ensup-priv/HA/068-2020 1. Licence professionnelle en banque finance assurance ; 2. Licence professionnelle en gestion des entreprises et management des organisations ; 3. Licence professionnelle en management du 1. Licence en marketing, opérations et actions commerciales; 2. Licence en sciences et techniques comptables et financières; 3. Licence en gestion, option: informatique de gestion; 4. Licence en gestion production, logistique, achats, option: transport logistique; 5. Licence en droit, option: fiscalité; 6. Licence en droit des affaires; 7. Licence en management, option: management des entreprises; 8. Master en finance; 9. Master en gestion des ressources humaines; 10. Master en audit et contrôle de gestion; 11. Master droit des affaires; 12. Master droit, option: fiscalité; 13. Master marketing communication, option: marketing et communication; 14. Master en commerce international, option: commerce international; 15. Master en management, option: management et gestion des entreprises. 1. Licence en marketing-management; 2. Licence en marketing- communication; 3. Master en audit et contrôle de gestion; 4. Master en banque-finance-assurance; 5. Master en finance comptabilité; 6. Master en gestion des entreprises; 7. Master en gestion des projets; 8. Master en gestion des ressources humaines; 9. Master en marketing-management.",121,Communication,name
"Licence en banque, finance, assurance; 2. Licence en gestion des ressources humaines; 3. Licence en commerce international; 4. Licence en audit et contrôle de gestion. HA-2019 RepSEN/Ensup-priv/HA/062-2019 1. Licence en administration économique et sociale; 2. Licence en banque - assurances- micro finances; 3. Licence en commerce international; 4. Licence en finance comptabilité; 5. Licence en gestion des entreprises; 6. Licence en gestion des ressources humaines. HA-2020 RepSEN/ensup-priv/HA/068-2020 1. Licence professionnelle en banque finance assurance ; 2. Licence professionnelle en gestion des entreprises et management des organisations ; 3. Licence professionnelle en management du 1. Licence en marketing, opérations et actions commerciales; 2. Licence en sciences et techniques comptables et financières; 3. Licence en gestion, option: informatique de gestion; 4. Licence en gestion production, logistique, achats, option: transport logistique; 5. Licence en droit, option: fiscalité; 6. Licence en droit des affaires; 7. Licence en management, option: management des entreprises; 8. Master en finance; 9. Master en gestion des ressources humaines; 10. Master en audit et contrôle de gestion; 11. Master droit des affaires; 12. Master droit, option: fiscalité; 13. Master marketing communication, option: marketing et communication; 14. Master en commerce international, option: commerce international; 15. Master en management, option: management et gestion des entreprises. 1. Licence en marketing-management; 2. Licence en marketing- communication; 3. Master en audit et contrôle de gestion; 4. Master en banque-finance-assurance; 5. Master en finance comptabilité; 6. Master en gestion des entreprises; 7. Master en gestion des projets; 8. Master en gestion des ressources humaines; 9. Master en marketing-management.",155,Commercial,name
"Licence professionnelle en management informatique appliqué à la gestion des entreprises ; 5. Licence professionnelle en Gestion des ressources humaines ; 6. Licence professionnelle en transport logistique ; 7. Licence professionnelle en économie et gestion, option : Analyse économique et gestion des entreprises ; 8. Licence professionnelle en économie et Gestion, option : analyse économique et modélisation ; 9. Licence professionnelle en économie et gestion, option: Licence politiques économiques et sociales. HA-2018 RepSEN/Ensup-priv/HA/040-2018 1. Licence en télécommunications. HA-2018 RepSEN/Ensup-priv/HA/065-2020 1. Licence en gestion de projets de développement; 2. Licence en gouvernance locale et développement territorial; 3. Licence en développement et gouvernance communautaire; 4. Licence en santé communautaire. HA-2018 RepSEN/Ensup-priv/HA/043-2018 1. Licence professionnelle en banque-finance- assurance ; 2. Licence professionnelle en système et technologie de l’information ; 3. Licence professionnelle en marketing communication ; 4. Licence professionnelle en comptabilité-finance ; 5. Licence professionnelle en réseaux et télécoms. 1. Licence en informatique; 2. Master télécommunications; 3. Master informatique. 1. Licence en gestion, option: Transport logistique; 2. Licence en gestion, option: Gestion des ressources humaines; 3. Licence en informatique, option: économie numérique et marketing digital; 4. Master en gestion, option: Management et gestion des institutions financières; 5. Master en gestion, option: gestion des projets et planification pour le développement; 6. Master en informatique, option: génie logiciel; 7. Master en informatique, option: sécurité informatique et réseaux.",1,Informatique,name
"Licence professionnelle en management informatique appliqué à la gestion des entreprises ; 5. Licence professionnelle en Gestion des ressources humaines ; 6. Licence professionnelle en transport logistique ; 7. Licence professionnelle en économie et gestion, option : Analyse économique et gestion des entreprises ; 8. Licence professionnelle en économie et Gestion, option : analyse économique et modélisation ; 9. Licence professionnelle en économie et gestion, option: Licence politiques économiques et sociales. HA-2018 RepSEN/Ensup-priv/HA/040-2018 1. Licence en télécommunications. HA-2018 RepSEN/Ensup-priv/HA/065-2020 1. Licence en gestion de projets de développement; 2. Licence en gouvernance locale et développement territorial; 3. Licence en développement et gouvernance communautaire; 4. Licence en santé communautaire. HA-2018 RepSEN/Ensup-priv/HA/043-2018 1. Licence professionnelle en banque-finance- assurance ; 2. Licence professionnelle en système et technologie de l’information ; 3. Licence professionnelle en marketing communication ; 4. Licence professionnelle en comptabilité-finance ; 5. Licence professionnelle en réseaux et télécoms. 1. Licence en informatique; 2. Master télécommunications; 3. Master informatique. 1. Licence en gestion, option: Transport logistique; 2. Licence en gestion, option: Gestion des ressources humaines; 3. Licence en informatique, option: économie numérique et marketing digital; 4. Master en gestion, option: Management et gestion des institutions financières; 5. Master en gestion, option: gestion des projets et planification pour le développement; 6. Master en informatique, option: génie logiciel; 7. Master en informatique, option: sécurité informatique et réseaux.",5,Gestion,name
"Licence professionnelle en management informatique appliqué à la gestion des entreprises ; 5. Licence professionnelle en Gestion des ressources humaines ; 6. Licence professionnelle en transport logistique ; 7. Licence professionnelle en économie et gestion, option : Analyse économique et gestion des entreprises ; 8. Licence professionnelle en économie et Gestion, option : analyse économique et modélisation ; 9. Licence professionnelle en économie et gestion, option: Licence politiques économiques et sociales. HA-2018 RepSEN/Ensup-priv/HA/040-2018 1. Licence en télécommunications. HA-2018 RepSEN/Ensup-priv/HA/065-2020 1. Licence en gestion de projets de développement; 2. Licence en gouvernance locale et développement territorial; 3. Licence en développement et gouvernance communautaire; 4. Licence en santé communautaire. HA-2018 RepSEN/Ensup-priv/HA/043-2018 1. Licence professionnelle en banque-finance- assurance ; 2. Licence professionnelle en système et technologie de l’information ; 3. Licence professionnelle en marketing communication ; 4. Licence professionnelle en comptabilité-finance ; 5. Licence professionnelle en réseaux et télécoms. 1. Licence en informatique; 2. Master télécommunications; 3. Master informatique. 1. Licence en gestion, option: Transport logistique; 2. Licence en gestion, option: Gestion des ressources humaines; 3. Licence en informatique, option: économie numérique et marketing digital; 4. Master en gestion, option: Management et gestion des institutions financières; 5. Master en gestion, option: gestion des projets et planification pour le développement; 6. Master en informatique, option: génie logiciel; 7. Master en informatique, option: sécurité informatique et réseaux.",7,Marketing,name
"Licence professionnelle en management informatique appliqué à la gestion des entreprises ; 5. Licence professionnelle en Gestion des ressources humaines ; 6. Licence professionnelle en transport logistique ; 7. Licence professionnelle en économie et gestion, option : Analyse économique et gestion des entreprises ; 8. Licence professionnelle en économie et Gestion, option : analyse économique et modélisation ; 9. Licence professionnelle en économie et gestion, option: Licence politiques économiques et sociales. HA-2018 RepSEN/Ensup-priv/HA/040-2018 1. Licence en télécommunications. HA-2018 RepSEN/Ensup-priv/HA/065-2020 1. Licence en gestion de projets de développement; 2. Licence en gouvernance locale et développement territorial; 3. Licence en développement et gouvernance communautaire; 4. Licence en santé communautaire. HA-2018 RepSEN/Ensup-priv/HA/043-2018 1. Licence professionnelle en banque-finance- assurance ; 2. Licence professionnelle en système et technologie de l’information ; 3. Licence professionnelle en marketing communication ; 4. Licence professionnelle en comptabilité-finance ; 5. Licence professionnelle en réseaux et télécoms. 1. Licence en informatique; 2. Master télécommunications; 3. Master informatique. 1. Licence en gestion, option: Transport logistique; 2. Licence en gestion, option: Gestion des ressources humaines; 3. Licence en informatique, option: économie numérique et marketing digital; 4. Master en gestion, option: Management et gestion des institutions financières; 5. Master en gestion, option: gestion des projets et planification pour le développement; 6. Master en informatique, option: génie logiciel; 7. Master en informatique, option: sécurité informatique et réseaux.",9,Génie Logiciel,name
"Licence professionnelle en management informatique appliqué à la gestion des entreprises ; 5. Licence professionnelle en Gestion des ressources humaines ; 6. Licence professionnelle en transport logistique ; 7. Licence professionnelle en économie et gestion, option : Analyse économique et gestion des entreprises ; 8. Licence professionnelle en économie et Gestion, option : analyse économique et modélisation ; 9. Licence professionnelle en économie et gestion, option: Licence politiques économiques et sociales. HA-2018 RepSEN/Ensup-priv/HA/040-2018 1. Licence en télécommunications. HA-2018 RepSEN/Ensup-priv/HA/065-2020 1. Licence en gestion de projets de développement; 2. Licence en gouvernance locale et développement territorial; 3. Licence en développement et gouvernance communautaire; 4. Licence en santé communautaire. HA-2018 RepSEN/Ensup-priv/HA/043-2018 1. Licence professionnelle en banque-finance- assurance ; 2. Licence professionnelle en système et technologie de l’information ; 3. Licence professionnelle en marketing communication ; 4. Licence professionnelle en comptabilité-finance ; 5. Licence professionnelle en réseaux et télécoms. 1. Licence en informatique; 2. Master télécommunications; 3. Master informatique. 1. Licence en gestion, option: Transport logistique; 2. Licence en gestion, option: Gestion des ressources humaines; 3. Licence en informatique, option: économie numérique et marketing digital; 4. Master en gestion, option: Management et gestion des institutions financières; 5. Master en gestion, option: gestion des projets et planification pour le développement; 6. Master en informatique, option: génie logiciel; 7. Master en informatique, option: sécurité informatique et réseaux.",64,Management,name
"Licence professionnelle en management informatique appliqué à la gestion des entreprises ; 5. Licence professionnelle en Gestion des ressources humaines ; 6. Licence professionnelle en transport logistique ; 7. Licence professionnelle en économie et gestion, option : Analyse économique et gestion des entreprises ; 8. Licence professionnelle en économie et Gestion, option : analyse économique et modélisation ; 9. Licence professionnelle en économie et gestion, option: Licence politiques économiques et sociales. HA-2018 RepSEN/Ensup-priv/HA/040-2018 1. Licence en télécommunications. HA-2018 RepSEN/Ensup-priv/HA/065-2020 1. Licence en gestion de projets de développement; 2. Licence en gouvernance locale et développement territorial; 3. Licence en développement et gouvernance communautaire; 4. Licence en santé communautaire. HA-2018 RepSEN/Ensup-priv/HA/043-2018 1. Licence professionnelle en banque-finance- assurance ; 2. Licence professionnelle en système et technologie de l’information ; 3. Licence professionnelle en marketing communication ; 4. Licence professionnelle en comptabilité-finance ; 5. Licence professionnelle en réseaux et télécoms. 1. Licence en informatique; 2. Master télécommunications; 3. Master informatique. 1. Licence en gestion, option: Transport logistique; 2. Licence en gestion, option: Gestion des ressources humaines; 3. Licence en informatique, option: économie numérique et marketing digital; 4. Master en gestion, option: Management et gestion des institutions financières; 5. Master en gestion, option: gestion des projets et planification pour le développement; 6. Master en informatique, option: génie logiciel; 7. Master en informatique, option: sécurité informatique et réseaux.",68,Gestion des ressources humaines,name
"Licence professionnelle en management informatique appliqué à la gestion des entreprises ; 5. Licence professionnelle en Gestion des ressources humaines ; 6. Licence professionnelle en transport logistique ; 7. Licence professionnelle en économie et gestion, option : Analyse économique et gestion des entreprises ; 8. Licence professionnelle en économie et Gestion, option : analyse économique et modélisation ; 9. Licence professionnelle en économie et gestion, option: Licence politiques économiques et sociales. HA-2018 RepSEN/Ensup-priv/HA/040-2018 1. Licence en télécommunications. HA-2018 RepSEN/Ensup-priv/HA/065-2020 1. Licence en gestion de projets de développement; 2. Licence en gouvernance locale et développement territorial; 3. Licence en développement et gouvernance communautaire; 4. Licence en santé communautaire. HA-2018 RepSEN/Ensup-priv/HA/043-2018 1. Licence professionnelle en banque-finance- assurance ; 2. Licence professionnelle en système et technologie de l’information ; 3. Licence professionnelle en marketing communication ; 4. Licence professionnelle en comptabilité-finance ; 5. Licence professionnelle en réseaux et télécoms. 1. Licence en informatique; 2. Master télécommunications; 3. Master informatique. 1. Licence en gestion, option: Transport logistique; 2. Licence en gestion, option: Gestion des ressources humaines; 3. Licence en informatique, option: économie numérique et marketing digital; 4. Master en gestion, option: Management et gestion des institutions financières; 5. Master en gestion, option: gestion des projets et planification pour le développement; 6. Master en informatique, option: génie logiciel; 7. Master en informatique, option: sécurité informatique et réseaux.",78,Transport logistique,name
"Licence professionnelle en management informatique appliqué à la gestion des entreprises ; 5. Licence professionnelle en Gestion des ressources humaines ; 6. Licence professionnelle en transport logistique ; 7. Licence professionnelle en économie et gestion, option : Analyse économique et gestion des entreprises ; 8. Licence professionnelle en économie et Gestion, option : analyse économique et modélisation ; 9. Licence professionnelle en économie et gestion, option: Licence politiques économiques et sociales. HA-2018 RepSEN/Ensup-priv/HA/040-2018 1. Licence en télécommunications. HA-2018 RepSEN/Ensup-priv/HA/065-2020 1. Licence en gestion de projets de développement; 2. Licence en gouvernance locale et développement territorial; 3. Licence en développement et gouvernance communautaire; 4. Licence en santé communautaire. HA-2018 RepSEN/Ensup-priv/HA/043-2018 1. Licence professionnelle en banque-finance- assurance ; 2. Licence professionnelle en système et technologie de l’information ; 3. Licence professionnelle en marketing communication ; 4. Licence professionnelle en comptabilité-finance ; 5. Licence professionnelle en réseaux et télécoms. 1. Licence en informatique; 2. Master télécommunications; 3. Master informatique. 1. Licence en gestion, option: Transport logistique; 2. Licence en gestion, option: Gestion des ressources humaines; 3. Licence en informatique, option: économie numérique et marketing digital; 4. Master en gestion, option: Management et gestion des institutions financières; 5. Master en gestion, option: gestion des projets et planification pour le développement; 6. Master en informatique, option: génie logiciel; 7. Master en informatique, option: sécurité informatique et réseaux.",99,Économie et Gestion,name
"Licence professionnelle en management informatique appliqué à la gestion des entreprises ; 5. Licence professionnelle en Gestion des ressources humaines ; 6. Licence professionnelle en transport logistique ; 7. Licence professionnelle en économie et gestion, option : Analyse économique et gestion des entreprises ; 8. Licence professionnelle en économie et Gestion, option : analyse économique et modélisation ; 9. Licence professionnelle en économie et gestion, option: Licence politiques économiques et sociales. HA-2018 RepSEN/Ensup-priv/HA/040-2018 1. Licence en télécommunications. HA-2018 RepSEN/Ensup-priv/HA/065-2020 1. Licence en gestion de projets de développement; 2. Licence en gouvernance locale et développement territorial; 3. Licence en développement et gouvernance communautaire; 4. Licence en santé communautaire. HA-2018 RepSEN/Ensup-priv/HA/043-2018 1. Licence professionnelle en banque-finance- assurance ; 2. Licence professionnelle en système et technologie de l’information ; 3. Licence professionnelle en marketing communication ; 4. Licence professionnelle en comptabilité-finance ; 5. Licence professionnelle en réseaux et télécoms. 1. Licence en informatique; 2. Master télécommunications; 3. Master informatique. 1. Licence en gestion, option: Transport logistique; 2. Licence en gestion, option: Gestion des ressources humaines; 3. Licence en informatique, option: économie numérique et marketing digital; 4. Master en gestion, option: Management et gestion des institutions financières; 5. Master en gestion, option: gestion des projets et planification pour le développement; 6. Master en informatique, option: génie logiciel; 7. Master en informatique, option: sécurité informatique et réseaux.",102,Gestion de Projets de Développement,name
"Licence professionnelle en management informatique appliqué à la gestion des entreprises ; 5. Licence professionnelle en Gestion des ressources humaines ; 6. Licence professionnelle en transport logistique ; 7. Licence professionnelle en économie et gestion, option : Analyse économique et gestion des entreprises ; 8. Licence professionnelle en économie et Gestion, option : analyse économique et modélisation ; 9. Licence professionnelle en économie et gestion, option: Licence politiques économiques et sociales. HA-2018 RepSEN/Ensup-priv/HA/040-2018 1. Licence en télécommunications. HA-2018 RepSEN/Ensup-priv/HA/065-2020 1. Licence en gestion de projets de développement; 2. Licence en gouvernance locale et développement territorial; 3. Licence en développement et gouvernance communautaire; 4. Licence en santé communautaire. HA-2018 RepSEN/Ensup-priv/HA/043-2018 1. Licence professionnelle en banque-finance- assurance ; 2. Licence professionnelle en système et technologie de l’information ; 3. Licence professionnelle en marketing communication ; 4. Licence professionnelle en comptabilité-finance ; 5. Licence professionnelle en réseaux et télécoms. 1. Licence en informatique; 2. Master télécommunications; 3. Master informatique. 1. Licence en gestion, option: Transport logistique; 2. Licence en gestion, option: Gestion des ressources humaines; 3. Licence en informatique, option: économie numérique et marketing digital; 4. Master en gestion, option: Management et gestion des institutions financières; 5. Master en gestion, option: gestion des projets et planification pour le développement; 6. Master en informatique, option: génie logiciel; 7. Master en informatique, option: sécurité informatique et réseaux.",103,Gouvernance Locale et Développement Territorial,name
"Licence professionnelle en management informatique appliqué à la gestion des entreprises ; 5. Licence professionnelle en Gestion des ressources humaines ; 6. Licence professionnelle en transport logistique ; 7. Licence professionnelle en économie et gestion, option : Analyse économique et gestion des entreprises ; 8. Licence professionnelle en économie et Gestion, option : analyse économique et modélisation ; 9. Licence professionnelle en économie et gestion, option: Licence politiques économiques et sociales. HA-2018 RepSEN/Ensup-priv/HA/040-2018 1. Licence en télécommunications. HA-2018 RepSEN/Ensup-priv/HA/065-2020 1. Licence en gestion de projets de développement; 2. Licence en gouvernance locale et développement territorial; 3. Licence en développement et gouvernance communautaire; 4. Licence en santé communautaire. HA-2018 RepSEN/Ensup-priv/HA/043-2018 1. Licence professionnelle en banque-finance- assurance ; 2. Licence professionnelle en système et technologie de l’information ; 3. Licence professionnelle en marketing communication ; 4. Licence professionnelle en comptabilité-finance ; 5. Licence professionnelle en réseaux et télécoms. 1. Licence en informatique; 2. Master télécommunications; 3. Master informatique. 1. Licence en gestion, option: Transport logistique; 2. Licence en gestion, option: Gestion des ressources humaines; 3. Licence en informatique, option: économie numérique et marketing digital; 4. Master en gestion, option: Management et gestion des institutions financières; 5. Master en gestion, option: gestion des projets et planification pour le développement; 6. Master en informatique, option: génie logiciel; 7. Master en informatique, option: sécurité informatique et réseaux.",105,Comptabilité,name
"Licence professionnelle en management informatique appliqué à la gestion des entreprises ; 5. Licence professionnelle en Gestion des ressources humaines ; 6. Licence professionnelle en transport logistique ; 7. Licence professionnelle en économie et gestion, option : Analyse économique et gestion des entreprises ; 8. Licence professionnelle en économie et Gestion, option : analyse économique et modélisation ; 9. Licence professionnelle en économie et gestion, option: Licence politiques économiques et sociales. HA-2018 RepSEN/Ensup-priv/HA/040-2018 1. Licence en télécommunications. HA-2018 RepSEN/Ensup-priv/HA/065-2020 1. Licence en gestion de projets de développement; 2. Licence en gouvernance locale et développement territorial; 3. Licence en développement et gouvernance communautaire; 4. Licence en santé communautaire. HA-2018 RepSEN/Ensup-priv/HA/043-2018 1. Licence professionnelle en banque-finance- assurance ; 2. Licence professionnelle en système et technologie de l’information ; 3. Licence professionnelle en marketing communication ; 4. Licence professionnelle en comptabilité-finance ; 5. Licence professionnelle en réseaux et télécoms. 1. Licence en informatique; 2. Master télécommunications; 3. Master informatique. 1. Licence en gestion, option: Transport logistique; 2. Licence en gestion, option: Gestion des ressources humaines; 3. Licence en informatique, option: économie numérique et marketing digital; 4. Master en gestion, option: Management et gestion des institutions financières; 5. Master en gestion, option: gestion des projets et planification pour le développement; 6. Master en informatique, option: génie logiciel; 7. Master en informatique, option: sécurité informatique et réseaux.",121,Communication,name
"Licence professionnelle en management informatique appliqué à la gestion des entreprises ; 5. Licence professionnelle en Gestion des ressources humaines ; 6. Licence professionnelle en transport logistique ; 7. Licence professionnelle en économie et gestion, option : Analyse économique et gestion des entreprises ; 8. Licence professionnelle en économie et Gestion, option : analyse économique et modélisation ; 9. Licence professionnelle en économie et gestion, option: Licence politiques économiques et sociales. HA-2018 RepSEN/Ensup-priv/HA/040-2018 1. Licence en télécommunications. HA-2018 RepSEN/Ensup-priv/HA/065-2020 1. Licence en gestion de projets de développement; 2. Licence en gouvernance locale et développement territorial; 3. Licence en développement et gouvernance communautaire; 4. Licence en santé communautaire. HA-2018 RepSEN/Ensup-priv/HA/043-2018 1. Licence professionnelle en banque-finance- assurance ; 2. Licence professionnelle en système et technologie de l’information ; 3. Licence professionnelle en marketing communication ; 4. Licence professionnelle en comptabilité-finance ; 5. Licence professionnelle en réseaux et télécoms. 1. Licence en informatique; 2. Master télécommunications; 3. Master informatique. 1. Licence en gestion, option: Transport logistique; 2. Licence en gestion, option: Gestion des ressources humaines; 3. Licence en informatique, option: économie numérique et marketing digital; 4. Master en gestion, option: Management et gestion des institutions financières; 5. Master en gestion, option: gestion des projets et planification pour le développement; 6. Master en informatique, option: génie logiciel; 7. Master en informatique, option: sécurité informatique et réseaux.",139,Marketing digital,name
"Licence professionnelle en management informatique appliqué à la gestion des entreprises ; 5. Licence professionnelle en Gestion des ressources humaines ; 6. Licence professionnelle en transport logistique ; 7. Licence professionnelle en économie et gestion, option : Analyse économique et gestion des entreprises ; 8. Licence professionnelle en économie et Gestion, option : analyse économique et modélisation ; 9. Licence professionnelle en économie et gestion, option: Licence politiques économiques et sociales. HA-2018 RepSEN/Ensup-priv/HA/040-2018 1. Licence en télécommunications. HA-2018 RepSEN/Ensup-priv/HA/065-2020 1. Licence en gestion de projets de développement; 2. Licence en gouvernance locale et développement territorial; 3. Licence en développement et gouvernance communautaire; 4. Licence en santé communautaire. HA-2018 RepSEN/Ensup-priv/HA/043-2018 1. Licence professionnelle en banque-finance- assurance ; 2. Licence professionnelle en système et technologie de l’information ; 3. Licence professionnelle en marketing communication ; 4. Licence professionnelle en comptabilité-finance ; 5. Licence professionnelle en réseaux et télécoms. 1. Licence en informatique; 2. Master télécommunications; 3. Master informatique. 1. Licence en gestion, option: Transport logistique; 2. Licence en gestion, option: Gestion des ressources humaines; 3. Licence en informatique, option: économie numérique et marketing digital; 4. Master en gestion, option: Management et gestion des institutions financières; 5. Master en gestion, option: gestion des projets et planification pour le développement; 6. Master en informatique, option: génie logiciel; 7. Master en informatique, option: sécurité informatique et réseaux.",162,Télécommunications,name
"Licence en sciences de gestion; 2. Licence en droit des affaires. HA-2021 RepSEN/Ensup-priv/HA/085-2021 1. Licence en comptabilité gestion; 2. Licence en marketing; 3. Licence en communication d'entreprise; 4. Licence en banque / finance; 5. Licence en transport logistique; 6. Licence en commerce international; 7. Licence gestion des ressources humaines; 8. Licence en gestion de projets; 9. Licence en audit et contrôle de gestion; 10. Licence en réseaux informatique. 11 Master en comptabilité gestion; 12. Master en marketing; 13. Master en communication d'entreprise; 14. Master en banque / finance; 15. Master en transport logistique; 16. Master en commerce international; 17. Master gestion des ressources humaines; 18. Master en gestion de projets; 19. Master en audit et contrôle de gestion; 20. Master en réseaux informatiques. HA-2017 RepSEN/Ensup-priv/HA/011-2017 1. Licence banque, assurance, finance, option: assurance; 2. Licence en actuariat; 3. Licence en gestion: gestion du patrimoine; 4. Licence comptabilité contrôle audit, option: 1. Licence en transport, Logistique et transit; 2. Licence en informatique, option: cybersécurité et système d'information; 3. Master en droit, option: droit des affaires; 4. Master en droit, option: passation des marchés publics; 5. Master en gestion, option: audit et contrôle de gestion; 6. Master en gestion, option: management des ressources humaines. 1. Master comptabilité, audit et contrôle de gestion; 2. Master actuariat.",1,Informatique,name
"Licence en sciences de gestion; 2. Licence en droit des affaires. HA-2021 RepSEN/Ensup-priv/HA/085-2021 1. Licence en comptabilité gestion; 2. Licence en marketing; 3. Licence en communication d'entreprise; 4. Licence en banque / finance; 5. Licence en transport logistique; 6. Licence en commerce international; 7. Licence gestion des ressources humaines; 8. Licence en gestion de projets; 9. Licence en audit et contrôle de gestion; 10. Licence en réseaux informatique. 11 Master en comptabilité gestion; 12. Master en marketing; 13. Master en communication d'entreprise; 14. Master en banque / finance; 15. Master en transport logistique; 16. Master en commerce international; 17. Master gestion des ressources humaines; 18. Master en gestion de projets; 19. Master en audit et contrôle de gestion; 20. Master en réseaux informatiques. HA-2017 RepSEN/Ensup-priv/HA/011-2017 1. Licence banque, assurance, finance, option: assurance; 2. Licence en actuariat; 3. Licence en gestion: gestion du patrimoine; 4. Licence comptabilité contrôle audit, option: 1. Licence en transport, Logistique et transit; 2. Licence en informatique, option: cybersécurité et système d'information; 3. Master en droit, option: droit des affaires; 4. Master en droit, option: passation des marchés publics; 5. Master en gestion, option: audit et contrôle de gestion; 6. Master en gestion, option: management des ressources humaines. 1. Master comptabilité, audit et contrôle de gestion; 2. Master actuariat.",4,Droit,name
"Licence en sciences de gestion; 2. Licence en droit des affaires. HA-2021 RepSEN/Ensup-priv/HA/085-2021 1. Licence en comptabilité gestion; 2. Licence en marketing; 3. Licence en communication d'entreprise; 4. Licence en banque / finance; 5. Licence en transport logistique; 6. Licence en commerce international; 7. Licence gestion des ressources humaines; 8. Licence en gestion de projets; 9. Licence en audit et contrôle de gestion; 10. Licence en réseaux informatique. 11 Master en comptabilité gestion; 12. Master en marketing; 13. Master en communication d'entreprise; 14. Master en banque / finance; 15. Master en transport logistique; 16. Master en commerce international; 17. Master gestion des ressources humaines; 18. Master en gestion de projets; 19. Master en audit et contrôle de gestion; 20. Master en réseaux informatiques. HA-2017 RepSEN/Ensup-priv/HA/011-2017 1. Licence banque, assurance, finance, option: assurance; 2. Licence en actuariat; 3. Licence en gestion: gestion du patrimoine; 4. Licence comptabilité contrôle audit, option: 1. Licence en transport, Logistique et transit; 2. Licence en informatique, option: cybersécurité et système d'information; 3. Master en droit, option: droit des affaires; 4. Master en droit, option: passation des marchés publics; 5. Master en gestion, option: audit et contrôle de gestion; 6. Master en gestion, option: management des ressources humaines. 1. Master comptabilité, audit et contrôle de gestion; 2. Master actuariat.",5,Gestion,name
"Licence en sciences de gestion; 2. Licence en droit des affaires. HA-2021 RepSEN/Ensup-priv/HA/085-2021 1. Licence en comptabilité gestion; 2. Licence en marketing; 3. Licence en communication d'entreprise; 4. Licence en banque / finance; 5. Licence en transport logistique; 6. Licence en commerce international; 7. Licence gestion des ressources humaines; 8. Licence en gestion de projets; 9. Licence en audit et contrôle de gestion; 10. Licence en réseaux informatique. 11 Master en comptabilité gestion; 12. Master en marketing; 13. Master en communication d'entreprise; 14. Master en banque / finance; 15. Master en transport logistique; 16. Master en commerce international; 17. Master gestion des ressources humaines; 18. Master en gestion de projets; 19. Master en audit et contrôle de gestion; 20. Master en réseaux informatiques. HA-2017 RepSEN/Ensup-priv/HA/011-2017 1. Licence banque, assurance, finance, option: assurance; 2. Licence en actuariat; 3. Licence en gestion: gestion du patrimoine; 4. Licence comptabilité contrôle audit, option: 1. Licence en transport, Logistique et transit; 2. Licence en informatique, option: cybersécurité et système d'information; 3. Master en droit, option: droit des affaires; 4. Master en droit, option: passation des marchés publics; 5. Master en gestion, option: audit et contrôle de gestion; 6. Master en gestion, option: management des ressources humaines. 1. Master comptabilité, audit et contrôle de gestion; 2. Master actuariat.",7,Marketing,name
"Licence en sciences de gestion; 2. Licence en droit des affaires. HA-2021 RepSEN/Ensup-priv/HA/085-2021 1. Licence en comptabilité gestion; 2. Licence en marketing; 3. Licence en communication d'entreprise; 4. Licence en banque / finance; 5. Licence en transport logistique; 6. Licence en commerce international; 7. Licence gestion des ressources humaines; 8. Licence en gestion de projets; 9. Licence en audit et contrôle de gestion; 10. Licence en réseaux informatique. 11 Master en comptabilité gestion; 12. Master en marketing; 13. Master en communication d'entreprise; 14. Master en banque / finance; 15. Master en transport logistique; 16. Master en commerce international; 17. Master gestion des ressources humaines; 18. Master en gestion de projets; 19. Master en audit et contrôle de gestion; 20. Master en réseaux informatiques. HA-2017 RepSEN/Ensup-priv/HA/011-2017 1. Licence banque, assurance, finance, option: assurance; 2. Licence en actuariat; 3. Licence en gestion: gestion du patrimoine; 4. Licence comptabilité contrôle audit, option: 1. Licence en transport, Logistique et transit; 2. Licence en informatique, option: cybersécurité et système d'information; 3. Master en droit, option: droit des affaires; 4. Master en droit, option: passation des marchés publics; 5. Master en gestion, option: audit et contrôle de gestion; 6. Master en gestion, option: management des ressources humaines. 1. Master comptabilité, audit et contrôle de gestion; 2. Master actuariat.",11,Cybersécurité,name
"Licence en sciences de gestion; 2. Licence en droit des affaires. HA-2021 RepSEN/Ensup-priv/HA/085-2021 1. Licence en comptabilité gestion; 2. Licence en marketing; 3. Licence en communication d'entreprise; 4. Licence en banque / finance; 5. Licence en transport logistique; 6. Licence en commerce international; 7. Licence gestion des ressources humaines; 8. Licence en gestion de projets; 9. Licence en audit et contrôle de gestion; 10. Licence en réseaux informatique. 11 Master en comptabilité gestion; 12. Master en marketing; 13. Master en communication d'entreprise; 14. Master en banque / finance; 15. Master en transport logistique; 16. Master en commerce international; 17. Master gestion des ressources humaines; 18. Master en gestion de projets; 19. Master en audit et contrôle de gestion; 20. Master en réseaux informatiques. HA-2017 RepSEN/Ensup-priv/HA/011-2017 1. Licence banque, assurance, finance, option: assurance; 2. Licence en actuariat; 3. Licence en gestion: gestion du patrimoine; 4. Licence comptabilité contrôle audit, option: 1. Licence en transport, Logistique et transit; 2. Licence en informatique, option: cybersécurité et système d'information; 3. Master en droit, option: droit des affaires; 4. Master en droit, option: passation des marchés publics; 5. Master en gestion, option: audit et contrôle de gestion; 6. Master en gestion, option: management des ressources humaines. 1. Master comptabilité, audit et contrôle de gestion; 2. Master actuariat.",64,Management,name
"Licence en sciences de gestion; 2. Licence en droit des affaires. HA-2021 RepSEN/Ensup-priv/HA/085-2021 1. Licence en comptabilité gestion; 2. Licence en marketing; 3. Licence en communication d'entreprise; 4. Licence en banque / finance; 5. Licence en transport logistique; 6. Licence en commerce international; 7. Licence gestion des ressources humaines; 8. Licence en gestion de projets; 9. Licence en audit et contrôle de gestion; 10. Licence en réseaux informatique. 11 Master en comptabilité gestion; 12. Master en marketing; 13. Master en communication d'entreprise; 14. Master en banque / finance; 15. Master en transport logistique; 16. Master en commerce international; 17. Master gestion des ressources humaines; 18. Master en gestion de projets; 19. Master en audit et contrôle de gestion; 20. Master en réseaux informatiques. HA-2017 RepSEN/Ensup-priv/HA/011-2017 1. Licence banque, assurance, finance, option: assurance; 2. Licence en actuariat; 3. Licence en gestion: gestion du patrimoine; 4. Licence comptabilité contrôle audit, option: 1. Licence en transport, Logistique et transit; 2. Licence en informatique, option: cybersécurité et système d'information; 3. Master en droit, option: droit des affaires; 4. Master en droit, option: passation des marchés publics; 5. Master en gestion, option: audit et contrôle de gestion; 6. Master en gestion, option: management des ressources humaines. 1. Master comptabilité, audit et contrôle de gestion; 2. Master actuariat.",68,Gestion des ressources humaines,name
"Licence en sciences de gestion; 2. Licence en droit des affaires. HA-2021 RepSEN/Ensup-priv/HA/085-2021 1. Licence en comptabilité gestion; 2. Licence en marketing; 3. Licence en communication d'entreprise; 4. Licence en banque / finance; 5. Licence en transport logistique; 6. Licence en commerce international; 7. Licence gestion des ressources humaines; 8. Licence en gestion de projets; 9. Licence en audit et contrôle de gestion; 10. Licence en réseaux informatique. 11 Master en comptabilité gestion; 12. Master en marketing; 13. Master en communication d'entreprise; 14. Master en banque / finance; 15. Master en transport logistique; 16. Master en commerce international; 17. Master gestion des ressources humaines; 18. Master en gestion de projets; 19. Master en audit et contrôle de gestion; 20. Master en réseaux informatiques. HA-2017 RepSEN/Ensup-priv/HA/011-2017 1. Licence banque, assurance, finance, option: assurance; 2. Licence en actuariat; 3. Licence en gestion: gestion du patrimoine; 4. Licence comptabilité contrôle audit, option: 1. Licence en transport, Logistique et transit; 2. Licence en informatique, option: cybersécurité et système d'information; 3. Master en droit, option: droit des affaires; 4. Master en droit, option: passation des marchés publics; 5. Master en gestion, option: audit et contrôle de gestion; 6. Master en gestion, option: management des ressources humaines. 1. Master comptabilité, audit et contrôle de gestion; 2. Master actuariat.",73,Droit des affaires,name
"Licence en sciences de gestion; 2. Licence en droit des affaires. HA-2021 RepSEN/Ensup-priv/HA/085-2021 1. Licence en comptabilité gestion; 2. Licence en marketing; 3. Licence en communication d'entreprise; 4. Licence en banque / finance; 5. Licence en transport logistique; 6. Licence en commerce international; 7. Licence gestion des ressources humaines; 8. Licence en gestion de projets; 9. Licence en audit et contrôle de gestion; 10. Licence en réseaux informatique. 11 Master en comptabilité gestion; 12. Master en marketing; 13. Master en communication d'entreprise; 14. Master en banque / finance; 15. Master en transport logistique; 16. Master en commerce international; 17. Master gestion des ressources humaines; 18. Master en gestion de projets; 19. Master en audit et contrôle de gestion; 20. Master en réseaux informatiques. HA-2017 RepSEN/Ensup-priv/HA/011-2017 1. Licence banque, assurance, finance, option: assurance; 2. Licence en actuariat; 3. Licence en gestion: gestion du patrimoine; 4. Licence comptabilité contrôle audit, option: 1. Licence en transport, Logistique et transit; 2. Licence en informatique, option: cybersécurité et système d'information; 3. Master en droit, option: droit des affaires; 4. Master en droit, option: passation des marchés publics; 5. Master en gestion, option: audit et contrôle de gestion; 6. Master en gestion, option: management des ressources humaines. 1. Master comptabilité, audit et contrôle de gestion; 2. Master actuariat.",77,"Banque, Assurance, Finance",name
"Licence en sciences de gestion; 2. Licence en droit des affaires. HA-2021 RepSEN/Ensup-priv/HA/085-2021 1. Licence en comptabilité gestion; 2. Licence en marketing; 3. Licence en communication d'entreprise; 4. Licence en banque / finance; 5. Licence en transport logistique; 6. Licence en commerce international; 7. Licence gestion des ressources humaines; 8. Licence en gestion de projets; 9. Licence en audit et contrôle de gestion; 10. Licence en réseaux informatique. 11 Master en comptabilité gestion; 12. Master en marketing; 13. Master en communication d'entreprise; 14. Master en banque / finance; 15. Master en transport logistique; 16. Master en commerce international; 17. Master gestion des ressources humaines; 18. Master en gestion de projets; 19. Master en audit et contrôle de gestion; 20. Master en réseaux informatiques. HA-2017 RepSEN/Ensup-priv/HA/011-2017 1. Licence banque, assurance, finance, option: assurance; 2. Licence en actuariat; 3. Licence en gestion: gestion du patrimoine; 4. Licence comptabilité contrôle audit, option: 1. Licence en transport, Logistique et transit; 2. Licence en informatique, option: cybersécurité et système d'information; 3. Master en droit, option: droit des affaires; 4. Master en droit, option: passation des marchés publics; 5. Master en gestion, option: audit et contrôle de gestion; 6. Master en gestion, option: management des ressources humaines. 1. Master comptabilité, audit et contrôle de gestion; 2. Master actuariat.",78,Transport logistique,name
"Licence en sciences de gestion; 2. Licence en droit des affaires. HA-2021 RepSEN/Ensup-priv/HA/085-2021 1. Licence en comptabilité gestion; 2. Licence en marketing; 3. Licence en communication d'entreprise; 4. Licence en banque / finance; 5. Licence en transport logistique; 6. Licence en commerce international; 7. Licence gestion des ressources humaines; 8. Licence en gestion de projets; 9. Licence en audit et contrôle de gestion; 10. Licence en réseaux informatique. 11 Master en comptabilité gestion; 12. Master en marketing; 13. Master en communication d'entreprise; 14. Master en banque / finance; 15. Master en transport logistique; 16. Master en commerce international; 17. Master gestion des ressources humaines; 18. Master en gestion de projets; 19. Master en audit et contrôle de gestion; 20. Master en réseaux informatiques. HA-2017 RepSEN/Ensup-priv/HA/011-2017 1. Licence banque, assurance, finance, option: assurance; 2. Licence en actuariat; 3. Licence en gestion: gestion du patrimoine; 4. Licence comptabilité contrôle audit, option: 1. Licence en transport, Logistique et transit; 2. Licence en informatique, option: cybersécurité et système d'information; 3. Master en droit, option: droit des affaires; 4. Master en droit, option: passation des marchés publics; 5. Master en gestion, option: audit et contrôle de gestion; 6. Master en gestion, option: management des ressources humaines. 1. Master comptabilité, audit et contrôle de gestion; 2. Master actuariat.",79,Commerce international,name
"Licence en sciences de gestion; 2. Licence en droit des affaires. HA-2021 RepSEN/Ensup-priv/HA/085-2021 1. Licence en comptabilité gestion; 2. Licence en marketing; 3. Licence en communication d'entreprise; 4. Licence en banque / finance; 5. Licence en transport logistique; 6. Licence en commerce international; 7. Licence gestion des ressources humaines; 8. Licence en gestion de projets; 9. Licence en audit et contrôle de gestion; 10. Licence en réseaux informatique. 11 Master en comptabilité gestion; 12. Master en marketing; 13. Master en communication d'entreprise; 14. Master en banque / finance; 15. Master en transport logistique; 16. Master en commerce international; 17. Master gestion des ressources humaines; 18. Master en gestion de projets; 19. Master en audit et contrôle de gestion; 20. Master en réseaux informatiques. HA-2017 RepSEN/Ensup-priv/HA/011-2017 1. Licence banque, assurance, finance, option: assurance; 2. Licence en actuariat; 3. Licence en gestion: gestion du patrimoine; 4. Licence comptabilité contrôle audit, option: 1. Licence en transport, Logistique et transit; 2. Licence en informatique, option: cybersécurité et système d'information; 3. Master en droit, option: droit des affaires; 4. Master en droit, option: passation des marchés publics; 5. Master en gestion, option: audit et contrôle de gestion; 6. Master en gestion, option: management des ressources humaines. 1. Master comptabilité, audit et contrôle de gestion; 2. Master actuariat.",97,Audit et Contrôle de Gestion,name
"Licence en sciences de gestion; 2. Licence en droit des affaires. HA-2021 RepSEN/Ensup-priv/HA/085-2021 1. Licence en comptabilité gestion; 2. Licence en marketing; 3. Licence en communication d'entreprise; 4. Licence en banque / finance; 5. Licence en transport logistique; 6. Licence en commerce international; 7. Licence gestion des ressources humaines; 8. Licence en gestion de projets; 9. Licence en audit et contrôle de gestion; 10. Licence en réseaux informatique. 11 Master en comptabilité gestion; 12. Master en marketing; 13. Master en communication d'entreprise; 14. Master en banque / finance; 15. Master en transport logistique; 16. Master en commerce international; 17. Master gestion des ressources humaines; 18. Master en gestion de projets; 19. Master en audit et contrôle de gestion; 20. Master en réseaux informatiques. HA-2017 RepSEN/Ensup-priv/HA/011-2017 1. Licence banque, assurance, finance, option: assurance; 2. Licence en actuariat; 3. Licence en gestion: gestion du patrimoine; 4. Licence comptabilité contrôle audit, option: 1. Licence en transport, Logistique et transit; 2. Licence en informatique, option: cybersécurité et système d'information; 3. Master en droit, option: droit des affaires; 4. Master en droit, option: passation des marchés publics; 5. Master en gestion, option: audit et contrôle de gestion; 6. Master en gestion, option: management des ressources humaines. 1. Master comptabilité, audit et contrôle de gestion; 2. Master actuariat.",105,Comptabilité,name
"Licence en sciences de gestion; 2. Licence en droit des affaires. HA-2021 RepSEN/Ensup-priv/HA/085-2021 1. Licence en comptabilité gestion; 2. Licence en marketing; 3. Licence en communication d'entreprise; 4. Licence en banque / finance; 5. Licence en transport logistique; 6. Licence en commerce international; 7. Licence gestion des ressources humaines; 8. Licence en gestion de projets; 9. Licence en audit et contrôle de gestion; 10. Licence en réseaux informatique. 11 Master en comptabilité gestion; 12. Master en marketing; 13. Master en communication d'entreprise; 14. Master en banque / finance; 15. Master en transport logistique; 16. Master en commerce international; 17. Master gestion des ressources humaines; 18. Master en gestion de projets; 19. Master en audit et contrôle de gestion; 20. Master en réseaux informatiques. HA-2017 RepSEN/Ensup-priv/HA/011-2017 1. Licence banque, assurance, finance, option: assurance; 2. Licence en actuariat; 3. Licence en gestion: gestion du patrimoine; 4. Licence comptabilité contrôle audit, option: 1. Licence en transport, Logistique et transit; 2. Licence en informatique, option: cybersécurité et système d'information; 3. Master en droit, option: droit des affaires; 4. Master en droit, option: passation des marchés publics; 5. Master en gestion, option: audit et contrôle de gestion; 6. Master en gestion, option: management des ressources humaines. 1. Master comptabilité, audit et contrôle de gestion; 2. Master actuariat.",107,Réseaux Informatiques,name
"Licence en sciences de gestion; 2. Licence en droit des affaires. HA-2021 RepSEN/Ensup-priv/HA/085-2021 1. Licence en comptabilité gestion; 2. Licence en marketing; 3. Licence en communication d'entreprise; 4. Licence en banque / finance; 5. Licence en transport logistique; 6. Licence en commerce international; 7. Licence gestion des ressources humaines; 8. Licence en gestion de projets; 9. Licence en audit et contrôle de gestion; 10. Licence en réseaux informatique. 11 Master en comptabilité gestion; 12. Master en marketing; 13. Master en communication d'entreprise; 14. Master en banque / finance; 15. Master en transport logistique; 16. Master en commerce international; 17. Master gestion des ressources humaines; 18. Master en gestion de projets; 19. Master en audit et contrôle de gestion; 20. Master en réseaux informatiques. HA-2017 RepSEN/Ensup-priv/HA/011-2017 1. Licence banque, assurance, finance, option: assurance; 2. Licence en actuariat; 3. Licence en gestion: gestion du patrimoine; 4. Licence comptabilité contrôle audit, option: 1. Licence en transport, Logistique et transit; 2. Licence en informatique, option: cybersécurité et système d'information; 3. Master en droit, option: droit des affaires; 4. Master en droit, option: passation des marchés publics; 5. Master en gestion, option: audit et contrôle de gestion; 6. Master en gestion, option: management des ressources humaines. 1. Master comptabilité, audit et contrôle de gestion; 2. Master actuariat.",108,Actuariat,name
"Licence en sciences de gestion; 2. Licence en droit des affaires. HA-2021 RepSEN/Ensup-priv/HA/085-2021 1. Licence en comptabilité gestion; 2. Licence en marketing; 3. Licence en communication d'entreprise; 4. Licence en banque / finance; 5. Licence en transport logistique; 6. Licence en commerce international; 7. Licence gestion des ressources humaines; 8. Licence en gestion de projets; 9. Licence en audit et contrôle de gestion; 10. Licence en réseaux informatique. 11 Master en comptabilité gestion; 12. Master en marketing; 13. Master en communication d'entreprise; 14. Master en banque / finance; 15. Master en transport logistique; 16. Master en commerce international; 17. Master gestion des ressources humaines; 18. Master en gestion de projets; 19. Master en audit et contrôle de gestion; 20. Master en réseaux informatiques. HA-2017 RepSEN/Ensup-priv/HA/011-2017 1. Licence banque, assurance, finance, option: assurance; 2. Licence en actuariat; 3. Licence en gestion: gestion du patrimoine; 4. Licence comptabilité contrôle audit, option: 1. Licence en transport, Logistique et transit; 2. Licence en informatique, option: cybersécurité et système d'information; 3. Master en droit, option: droit des affaires; 4. Master en droit, option: passation des marchés publics; 5. Master en gestion, option: audit et contrôle de gestion; 6. Master en gestion, option: management des ressources humaines. 1. Master comptabilité, audit et contrôle de gestion; 2. Master actuariat.",120,Passation des Marchés,name
"Licence en sciences de gestion; 2. Licence en droit des affaires. HA-2021 RepSEN/Ensup-priv/HA/085-2021 1. Licence en comptabilité gestion; 2. Licence en marketing; 3. Licence en communication d'entreprise; 4. Licence en banque / finance; 5. Licence en transport logistique; 6. Licence en commerce international; 7. Licence gestion des ressources humaines; 8. Licence en gestion de projets; 9. Licence en audit et contrôle de gestion; 10. Licence en réseaux informatique. 11 Master en comptabilité gestion; 12. Master en marketing; 13. Master en communication d'entreprise; 14. Master en banque / finance; 15. Master en transport logistique; 16. Master en commerce international; 17. Master gestion des ressources humaines; 18. Master en gestion de projets; 19. Master en audit et contrôle de gestion; 20. Master en réseaux informatiques. HA-2017 RepSEN/Ensup-priv/HA/011-2017 1. Licence banque, assurance, finance, option: assurance; 2. Licence en actuariat; 3. Licence en gestion: gestion du patrimoine; 4. Licence comptabilité contrôle audit, option: 1. Licence en transport, Logistique et transit; 2. Licence en informatique, option: cybersécurité et système d'information; 3. Master en droit, option: droit des affaires; 4. Master en droit, option: passation des marchés publics; 5. Master en gestion, option: audit et contrôle de gestion; 6. Master en gestion, option: management des ressources humaines. 1. Master comptabilité, audit et contrôle de gestion; 2. Master actuariat.",121,Communication,name
"Licence en sciences de gestion; 2. Licence en droit des affaires. HA-2021 RepSEN/Ensup-priv/HA/085-2021 1. Licence en comptabilité gestion; 2. Licence en marketing; 3. Licence en communication d'entreprise; 4. Licence en banque / finance; 5. Licence en transport logistique; 6. Licence en commerce international; 7. Licence gestion des ressources humaines; 8. Licence en gestion de projets; 9. Licence en audit et contrôle de gestion; 10. Licence en réseaux informatique. 11 Master en comptabilité gestion; 12. Master en marketing; 13. Master en communication d'entreprise; 14. Master en banque / finance; 15. Master en transport logistique; 16. Master en commerce international; 17. Master gestion des ressources humaines; 18. Master en gestion de projets; 19. Master en audit et contrôle de gestion; 20. Master en réseaux informatiques. HA-2017 RepSEN/Ensup-priv/HA/011-2017 1. Licence banque, assurance, finance, option: assurance; 2. Licence en actuariat; 3. Licence en gestion: gestion du patrimoine; 4. Licence comptabilité contrôle audit, option: 1. Licence en transport, Logistique et transit; 2. Licence en informatique, option: cybersécurité et système d'information; 3. Master en droit, option: droit des affaires; 4. Master en droit, option: passation des marchés publics; 5. Master en gestion, option: audit et contrôle de gestion; 6. Master en gestion, option: management des ressources humaines. 1. Master comptabilité, audit et contrôle de gestion; 2. Master actuariat.",151,Sciences de gestion,name
"Licence en sciences de gestion; 2. Licence en droit des affaires. HA-2021 RepSEN/Ensup-priv/HA/085-2021 1. Licence en comptabilité gestion; 2. Licence en marketing; 3. Licence en communication d'entreprise; 4. Licence en banque / finance; 5. Licence en transport logistique; 6. Licence en commerce international; 7. Licence gestion des ressources humaines; 8. Licence en gestion de projets; 9. Licence en audit et contrôle de gestion; 10. Licence en réseaux informatique. 11 Master en comptabilité gestion; 12. Master en marketing; 13. Master en communication d'entreprise; 14. Master en banque / finance; 15. Master en transport logistique; 16. Master en commerce international; 17. Master gestion des ressources humaines; 18. Master en gestion de projets; 19. Master en audit et contrôle de gestion; 20. Master en réseaux informatiques. HA-2017 RepSEN/Ensup-priv/HA/011-2017 1. Licence banque, assurance, finance, option: assurance; 2. Licence en actuariat; 3. Licence en gestion: gestion du patrimoine; 4. Licence comptabilité contrôle audit, option: 1. Licence en transport, Logistique et transit; 2. Licence en informatique, option: cybersécurité et système d'information; 3. Master en droit, option: droit des affaires; 4. Master en droit, option: passation des marchés publics; 5. Master en gestion, option: audit et contrôle de gestion; 6. Master en gestion, option: management des ressources humaines. 1. Master comptabilité, audit et contrôle de gestion; 2. Master actuariat.",166,Logistique et Transit,name
"Master banque, assurance, finance, option: assurance. HA-2018 RepSEN/Ensup-priv/HA/047-2018 1. Licence professionnelle de professeur de mathématiques; 2. Licence professionnelle de professeur de physique/chimie; 3. Licence professionnelle de professeur de sciences de la vie et de la terre; 4. Licence professionnelle de professeur de français; 5. Licence professionnelle de professeur d'histoire et géographie; 6. Licence professionnelle de professeur d'anglais; 7. Licence professionnelle de professeur d'espagnol; 8. Licence professionnelle de professeur de philosophie; 9. Licence professionnelle de professeur d'éducation physique et sportive HA-2021 RepSEN/Ensup-priv/HA/081-2021 1. Licence qualité- sécurité- environnement; 2. Licence mesures physiques; 3. Master en qualité- sécurité- environnement. HA-2020 RepSen/Ensup-priv/HA/067-2020 1. Licence comptabilité-audit; 2. Licence comptabilité-contrôle-audit; 3. Licence finance-contrôle de gestion; 4. Licence marketing; 5. Licence gestion des ressources humaines; 6. Licence banque et assurance; 7. Licence technique de commerce international; 8. Licence logistique et transport international. 1. Licence professionnelle de professeur d'arable; 2. Licence professionnelle de professeur d'allemand; 3. Licence professionnelle de professeur de portugais; 1. Licence hygiène- sécurité- environnement; 2. Licence eau- environnement- assainissement. 1. Master en droit public; 2. Master en droit privé; 3. Master en informatique, option: sécurité des systèmes informatiques; 4. Master en génie logiciel; 5. Master en télécommunication, option: systèmes de télécommunications et réseaux informatiques.",1,Informatique,name
"Master banque, assurance, finance, option: assurance. HA-2018 RepSEN/Ensup-priv/HA/047-2018 1. Licence professionnelle de professeur de mathématiques; 2. Licence professionnelle de professeur de physique/chimie; 3. Licence professionnelle de professeur de sciences de la vie et de la terre; 4. Licence professionnelle de professeur de français; 5. Licence professionnelle de professeur d'histoire et géographie; 6. Licence professionnelle de professeur d'anglais; 7. Licence professionnelle de professeur d'espagnol; 8. Licence professionnelle de professeur de philosophie; 9. Licence professionnelle de professeur d'éducation physique et sportive HA-2021 RepSEN/Ensup-priv/HA/081-2021 1. Licence qualité- sécurité- environnement; 2. Licence mesures physiques; 3. Master en qualité- sécurité- environnement. HA-2020 RepSen/Ensup-priv/HA/067-2020 1. Licence comptabilité-audit; 2. Licence comptabilité-contrôle-audit; 3. Licence finance-contrôle de gestion; 4. Licence marketing; 5. Licence gestion des ressources humaines; 6. Licence banque et assurance; 7. Licence technique de commerce international; 8. Licence logistique et transport international. 1. Licence professionnelle de professeur d'arable; 2. Licence professionnelle de professeur d'allemand; 3. Licence professionnelle de professeur de portugais; 1. Licence hygiène- sécurité- environnement; 2. Licence eau- environnement- assainissement. 1. Master en droit public; 2. Master en droit privé; 3. Master en informatique, option: sécurité des systèmes informatiques; 4. Master en génie logiciel; 5. Master en télécommunication, option: systèmes de télécommunications et réseaux informatiques.",4,Droit,name
"Master banque, assurance, finance, option: assurance. HA-2018 RepSEN/Ensup-priv/HA/047-2018 1. Licence professionnelle de professeur de mathématiques; 2. Licence professionnelle de professeur de physique/chimie; 3. Licence professionnelle de professeur de sciences de la vie et de la terre; 4. Licence professionnelle de professeur de français; 5. Licence professionnelle de professeur d'histoire et géographie; 6. Licence professionnelle de professeur d'anglais; 7. Licence professionnelle de professeur d'espagnol; 8. Licence professionnelle de professeur de philosophie; 9. Licence professionnelle de professeur d'éducation physique et sportive HA-2021 RepSEN/Ensup-priv/HA/081-2021 1. Licence qualité- sécurité- environnement; 2. Licence mesures physiques; 3. Master en qualité- sécurité- environnement. HA-2020 RepSen/Ensup-priv/HA/067-2020 1. Licence comptabilité-audit; 2. Licence comptabilité-contrôle-audit; 3. Licence finance-contrôle de gestion; 4. Licence marketing; 5. Licence gestion des ressources humaines; 6. Licence banque et assurance; 7. Licence technique de commerce international; 8. Licence logistique et transport international. 1. Licence professionnelle de professeur d'arable; 2. Licence professionnelle de professeur d'allemand; 3. Licence professionnelle de professeur de portugais; 1. Licence hygiène- sécurité- environnement; 2. Licence eau- environnement- assainissement. 1. Master en droit public; 2. Master en droit privé; 3. Master en informatique, option: sécurité des systèmes informatiques; 4. Master en génie logiciel; 5. Master en télécommunication, option: systèmes de télécommunications et réseaux informatiques.",4,ESP,name
"Master banque, assurance, finance, option: assurance. HA-2018 RepSEN/Ensup-priv/HA/047-2018 1. Licence professionnelle de professeur de mathématiques; 2. Licence professionnelle de professeur de physique/chimie; 3. Licence professionnelle de professeur de sciences de la vie et de la terre; 4. Licence professionnelle de professeur de français; 5. Licence professionnelle de professeur d'histoire et géographie; 6. Licence professionnelle de professeur d'anglais; 7. Licence professionnelle de professeur d'espagnol; 8. Licence professionnelle de professeur de philosophie; 9. Licence professionnelle de professeur d'éducation physique et sportive HA-2021 RepSEN/Ensup-priv/HA/081-2021 1. Licence qualité- sécurité- environnement; 2. Licence mesures physiques; 3. Master en qualité- sécurité- environnement. HA-2020 RepSen/Ensup-priv/HA/067-2020 1. Licence comptabilité-audit; 2. Licence comptabilité-contrôle-audit; 3. Licence finance-contrôle de gestion; 4. Licence marketing; 5. Licence gestion des ressources humaines; 6. Licence banque et assurance; 7. Licence technique de commerce international; 8. Licence logistique et transport international. 1. Licence professionnelle de professeur d'arable; 2. Licence professionnelle de professeur d'allemand; 3. Licence professionnelle de professeur de portugais; 1. Licence hygiène- sécurité- environnement; 2. Licence eau- environnement- assainissement. 1. Master en droit public; 2. Master en droit privé; 3. Master en informatique, option: sécurité des systèmes informatiques; 4. Master en génie logiciel; 5. Master en télécommunication, option: systèmes de télécommunications et réseaux informatiques.",5,Gestion,name
"Master banque, assurance, finance, option: assurance. HA-2018 RepSEN/Ensup-priv/HA/047-2018 1. Licence professionnelle de professeur de mathématiques; 2. Licence professionnelle de professeur de physique/chimie; 3. Licence professionnelle de professeur de sciences de la vie et de la terre; 4. Licence professionnelle de professeur de français; 5. Licence professionnelle de professeur d'histoire et géographie; 6. Licence professionnelle de professeur d'anglais; 7. Licence professionnelle de professeur d'espagnol; 8. Licence professionnelle de professeur de philosophie; 9. Licence professionnelle de professeur d'éducation physique et sportive HA-2021 RepSEN/Ensup-priv/HA/081-2021 1. Licence qualité- sécurité- environnement; 2. Licence mesures physiques; 3. Master en qualité- sécurité- environnement. HA-2020 RepSen/Ensup-priv/HA/067-2020 1. Licence comptabilité-audit; 2. Licence comptabilité-contrôle-audit; 3. Licence finance-contrôle de gestion; 4. Licence marketing; 5. Licence gestion des ressources humaines; 6. Licence banque et assurance; 7. Licence technique de commerce international; 8. Licence logistique et transport international. 1. Licence professionnelle de professeur d'arable; 2. Licence professionnelle de professeur d'allemand; 3. Licence professionnelle de professeur de portugais; 1. Licence hygiène- sécurité- environnement; 2. Licence eau- environnement- assainissement. 1. Master en droit public; 2. Master en droit privé; 3. Master en informatique, option: sécurité des systèmes informatiques; 4. Master en génie logiciel; 5. Master en télécommunication, option: systèmes de télécommunications et réseaux informatiques.",7,Marketing,name
"Master banque, assurance, finance, option: assurance. HA-2018 RepSEN/Ensup-priv/HA/047-2018 1. Licence professionnelle de professeur de mathématiques; 2. Licence professionnelle de professeur de physique/chimie; 3. Licence professionnelle de professeur de sciences de la vie et de la terre; 4. Licence professionnelle de professeur de français; 5. Licence professionnelle de professeur d'histoire et géographie; 6. Licence professionnelle de professeur d'anglais; 7. Licence professionnelle de professeur d'espagnol; 8. Licence professionnelle de professeur de philosophie; 9. Licence professionnelle de professeur d'éducation physique et sportive HA-2021 RepSEN/Ensup-priv/HA/081-2021 1. Licence qualité- sécurité- environnement; 2. Licence mesures physiques; 3. Master en qualité- sécurité- environnement. HA-2020 RepSen/Ensup-priv/HA/067-2020 1. Licence comptabilité-audit; 2. Licence comptabilité-contrôle-audit; 3. Licence finance-contrôle de gestion; 4. Licence marketing; 5. Licence gestion des ressources humaines; 6. Licence banque et assurance; 7. Licence technique de commerce international; 8. Licence logistique et transport international. 1. Licence professionnelle de professeur d'arable; 2. Licence professionnelle de professeur d'allemand; 3. Licence professionnelle de professeur de portugais; 1. Licence hygiène- sécurité- environnement; 2. Licence eau- environnement- assainissement. 1. Master en droit public; 2. Master en droit privé; 3. Master en informatique, option: sécurité des systèmes informatiques; 4. Master en génie logiciel; 5. Master en télécommunication, option: systèmes de télécommunications et réseaux informatiques.",9,Génie Logiciel,name
"Master banque, assurance, finance, option: assurance. HA-2018 RepSEN/Ensup-priv/HA/047-2018 1. Licence professionnelle de professeur de mathématiques; 2. Licence professionnelle de professeur de physique/chimie; 3. Licence professionnelle de professeur de sciences de la vie et de la terre; 4. Licence professionnelle de professeur de français; 5. Licence professionnelle de professeur d'histoire et géographie; 6. Licence professionnelle de professeur d'anglais; 7. Licence professionnelle de professeur d'espagnol; 8. Licence professionnelle de professeur de philosophie; 9. Licence professionnelle de professeur d'éducation physique et sportive HA-2021 RepSEN/Ensup-priv/HA/081-2021 1. Licence qualité- sécurité- environnement; 2. Licence mesures physiques; 3. Master en qualité- sécurité- environnement. HA-2020 RepSen/Ensup-priv/HA/067-2020 1. Licence comptabilité-audit; 2. Licence comptabilité-contrôle-audit; 3. Licence finance-contrôle de gestion; 4. Licence marketing; 5. Licence gestion des ressources humaines; 6. Licence banque et assurance; 7. Licence technique de commerce international; 8. Licence logistique et transport international. 1. Licence professionnelle de professeur d'arable; 2. Licence professionnelle de professeur d'allemand; 3. Licence professionnelle de professeur de portugais; 1. Licence hygiène- sécurité- environnement; 2. Licence eau- environnement- assainissement. 1. Master en droit public; 2. Master en droit privé; 3. Master en informatique, option: sécurité des systèmes informatiques; 4. Master en génie logiciel; 5. Master en télécommunication, option: systèmes de télécommunications et réseaux informatiques.",68,Gestion des ressources humaines,name
"Master banque, assurance, finance, option: assurance. HA-2018 RepSEN/Ensup-priv/HA/047-2018 1. Licence professionnelle de professeur de mathématiques; 2. Licence professionnelle de professeur de physique/chimie; 3. Licence professionnelle de professeur de sciences de la vie et de la terre; 4. Licence professionnelle de professeur de français; 5. Licence professionnelle de professeur d'histoire et géographie; 6. Licence professionnelle de professeur d'anglais; 7. Licence professionnelle de professeur d'espagnol; 8. Licence professionnelle de professeur de philosophie; 9. Licence professionnelle de professeur d'éducation physique et sportive HA-2021 RepSEN/Ensup-priv/HA/081-2021 1. Licence qualité- sécurité- environnement; 2. Licence mesures physiques; 3. Master en qualité- sécurité- environnement. HA-2020 RepSen/Ensup-priv/HA/067-2020 1. Licence comptabilité-audit; 2. Licence comptabilité-contrôle-audit; 3. Licence finance-contrôle de gestion; 4. Licence marketing; 5. Licence gestion des ressources humaines; 6. Licence banque et assurance; 7. Licence technique de commerce international; 8. Licence logistique et transport international. 1. Licence professionnelle de professeur d'arable; 2. Licence professionnelle de professeur d'allemand; 3. Licence professionnelle de professeur de portugais; 1. Licence hygiène- sécurité- environnement; 2. Licence eau- environnement- assainissement. 1. Master en droit public; 2. Master en droit privé; 3. Master en informatique, option: sécurité des systèmes informatiques; 4. Master en génie logiciel; 5. Master en télécommunication, option: systèmes de télécommunications et réseaux informatiques.",77,"Banque, Assurance, Finance",name
"Master banque, assurance, finance, option: assurance. HA-2018 RepSEN/Ensup-priv/HA/047-2018 1. Licence professionnelle de professeur de mathématiques; 2. Licence professionnelle de professeur de physique/chimie; 3. Licence professionnelle de professeur de sciences de la vie et de la terre; 4. Licence professionnelle de professeur de français; 5. Licence professionnelle de professeur d'histoire et géographie; 6. Licence professionnelle de professeur d'anglais; 7. Licence professionnelle de professeur d'espagnol; 8. Licence professionnelle de professeur de philosophie; 9. Licence professionnelle de professeur d'éducation physique et sportive HA-2021 RepSEN/Ensup-priv/HA/081-2021 1. Licence qualité- sécurité- environnement; 2. Licence mesures physiques; 3. Master en qualité- sécurité- environnement. HA-2020 RepSen/Ensup-priv/HA/067-2020 1. Licence comptabilité-audit; 2. Licence comptabilité-contrôle-audit; 3. Licence finance-contrôle de gestion; 4. Licence marketing; 5. Licence gestion des ressources humaines; 6. Licence banque et assurance; 7. Licence technique de commerce international; 8. Licence logistique et transport international. 1. Licence professionnelle de professeur d'arable; 2. Licence professionnelle de professeur d'allemand; 3. Licence professionnelle de professeur de portugais; 1. Licence hygiène- sécurité- environnement; 2. Licence eau- environnement- assainissement. 1. Master en droit public; 2. Master en droit privé; 3. Master en informatique, option: sécurité des systèmes informatiques; 4. Master en génie logiciel; 5. Master en télécommunication, option: systèmes de télécommunications et réseaux informatiques.",79,Commerce international,name
"Master banque, assurance, finance, option: assurance. HA-2018 RepSEN/Ensup-priv/HA/047-2018 1. Licence professionnelle de professeur de mathématiques; 2. Licence professionnelle de professeur de physique/chimie; 3. Licence professionnelle de professeur de sciences de la vie et de la terre; 4. Licence professionnelle de professeur de français; 5. Licence professionnelle de professeur d'histoire et géographie; 6. Licence professionnelle de professeur d'anglais; 7. Licence professionnelle de professeur d'espagnol; 8. Licence professionnelle de professeur de philosophie; 9. Licence professionnelle de professeur d'éducation physique et sportive HA-2021 RepSEN/Ensup-priv/HA/081-2021 1. Licence qualité- sécurité- environnement; 2. Licence mesures physiques; 3. Master en qualité- sécurité- environnement. HA-2020 RepSen/Ensup-priv/HA/067-2020 1. Licence comptabilité-audit; 2. Licence comptabilité-contrôle-audit; 3. Licence finance-contrôle de gestion; 4. Licence marketing; 5. Licence gestion des ressources humaines; 6. Licence banque et assurance; 7. Licence technique de commerce international; 8. Licence logistique et transport international. 1. Licence professionnelle de professeur d'arable; 2. Licence professionnelle de professeur d'allemand; 3. Licence professionnelle de professeur de portugais; 1. Licence hygiène- sécurité- environnement; 2. Licence eau- environnement- assainissement. 1. Master en droit public; 2. Master en droit privé; 3. Master en informatique, option: sécurité des systèmes informatiques; 4. Master en génie logiciel; 5. Master en télécommunication, option: systèmes de télécommunications et réseaux informatiques.",105,Comptabilité,name
"Master banque, assurance, finance, option: assurance. HA-2018 RepSEN/Ensup-priv/HA/047-2018 1. Licence professionnelle de professeur de mathématiques; 2. Licence professionnelle de professeur de physique/chimie; 3. Licence professionnelle de professeur de sciences de la vie et de la terre; 4. Licence professionnelle de professeur de français; 5. Licence professionnelle de professeur d'histoire et géographie; 6. Licence professionnelle de professeur d'anglais; 7. Licence professionnelle de professeur d'espagnol; 8. Licence professionnelle de professeur de philosophie; 9. Licence professionnelle de professeur d'éducation physique et sportive HA-2021 RepSEN/Ensup-priv/HA/081-2021 1. Licence qualité- sécurité- environnement; 2. Licence mesures physiques; 3. Master en qualité- sécurité- environnement. HA-2020 RepSen/Ensup-priv/HA/067-2020 1. Licence comptabilité-audit; 2. Licence comptabilité-contrôle-audit; 3. Licence finance-contrôle de gestion; 4. Licence marketing; 5. Licence gestion des ressources humaines; 6. Licence banque et assurance; 7. Licence technique de commerce international; 8. Licence logistique et transport international. 1. Licence professionnelle de professeur d'arable; 2. Licence professionnelle de professeur d'allemand; 3. Licence professionnelle de professeur de portugais; 1. Licence hygiène- sécurité- environnement; 2. Licence eau- environnement- assainissement. 1. Master en droit public; 2. Master en droit privé; 3. Master en informatique, option: sécurité des systèmes informatiques; 4. Master en génie logiciel; 5. Master en télécommunication, option: systèmes de télécommunications et réseaux informatiques.",107,Réseaux Informatiques,name
"Master banque, assurance, finance, option: assurance. HA-2018 RepSEN/Ensup-priv/HA/047-2018 1. Licence professionnelle de professeur de mathématiques; 2. Licence professionnelle de professeur de physique/chimie; 3. Licence professionnelle de professeur de sciences de la vie et de la terre; 4. Licence professionnelle de professeur de français; 5. Licence professionnelle de professeur d'histoire et géographie; 6. Licence professionnelle de professeur d'anglais; 7. Licence professionnelle de professeur d'espagnol; 8. Licence professionnelle de professeur de philosophie; 9. Licence professionnelle de professeur d'éducation physique et sportive HA-2021 RepSEN/Ensup-priv/HA/081-2021 1. Licence qualité- sécurité- environnement; 2. Licence mesures physiques; 3. Master en qualité- sécurité- environnement. HA-2020 RepSen/Ensup-priv/HA/067-2020 1. Licence comptabilité-audit; 2. Licence comptabilité-contrôle-audit; 3. Licence finance-contrôle de gestion; 4. Licence marketing; 5. Licence gestion des ressources humaines; 6. Licence banque et assurance; 7. Licence technique de commerce international; 8. Licence logistique et transport international. 1. Licence professionnelle de professeur d'arable; 2. Licence professionnelle de professeur d'allemand; 3. Licence professionnelle de professeur de portugais; 1. Licence hygiène- sécurité- environnement; 2. Licence eau- environnement- assainissement. 1. Master en droit public; 2. Master en droit privé; 3. Master en informatique, option: sécurité des systèmes informatiques; 4. Master en génie logiciel; 5. Master en télécommunication, option: systèmes de télécommunications et réseaux informatiques.",121,Communication,name
"Master banque, assurance, finance, option: assurance. HA-2018 RepSEN/Ensup-priv/HA/047-2018 1. Licence professionnelle de professeur de mathématiques; 2. Licence professionnelle de professeur de physique/chimie; 3. Licence professionnelle de professeur de sciences de la vie et de la terre; 4. Licence professionnelle de professeur de français; 5. Licence professionnelle de professeur d'histoire et géographie; 6. Licence professionnelle de professeur d'anglais; 7. Licence professionnelle de professeur d'espagnol; 8. Licence professionnelle de professeur de philosophie; 9. Licence professionnelle de professeur d'éducation physique et sportive HA-2021 RepSEN/Ensup-priv/HA/081-2021 1. Licence qualité- sécurité- environnement; 2. Licence mesures physiques; 3. Master en qualité- sécurité- environnement. HA-2020 RepSen/Ensup-priv/HA/067-2020 1. Licence comptabilité-audit; 2. Licence comptabilité-contrôle-audit; 3. Licence finance-contrôle de gestion; 4. Licence marketing; 5. Licence gestion des ressources humaines; 6. Licence banque et assurance; 7. Licence technique de commerce international; 8. Licence logistique et transport international. 1. Licence professionnelle de professeur d'arable; 2. Licence professionnelle de professeur d'allemand; 3. Licence professionnelle de professeur de portugais; 1. Licence hygiène- sécurité- environnement; 2. Licence eau- environnement- assainissement. 1. Master en droit public; 2. Master en droit privé; 3. Master en informatique, option: sécurité des systèmes informatiques; 4. Master en génie logiciel; 5. Master en télécommunication, option: systèmes de télécommunications et réseaux informatiques.",128,Droit public,name
"Master banque, assurance, finance, option: assurance. HA-2018 RepSEN/Ensup-priv/HA/047-2018 1. Licence professionnelle de professeur de mathématiques; 2. Licence professionnelle de professeur de physique/chimie; 3. Licence professionnelle de professeur de sciences de la vie et de la terre; 4. Licence professionnelle de professeur de français; 5. Licence professionnelle de professeur d'histoire et géographie; 6. Licence professionnelle de professeur d'anglais; 7. Licence professionnelle de professeur d'espagnol; 8. Licence professionnelle de professeur de philosophie; 9. Licence professionnelle de professeur d'éducation physique et sportive HA-2021 RepSEN/Ensup-priv/HA/081-2021 1. Licence qualité- sécurité- environnement; 2. Licence mesures physiques; 3. Master en qualité- sécurité- environnement. HA-2020 RepSen/Ensup-priv/HA/067-2020 1. Licence comptabilité-audit; 2. Licence comptabilité-contrôle-audit; 3. Licence finance-contrôle de gestion; 4. Licence marketing; 5. Licence gestion des ressources humaines; 6. Licence banque et assurance; 7. Licence technique de commerce international; 8. Licence logistique et transport international. 1. Licence professionnelle de professeur d'arable; 2. Licence professionnelle de professeur d'allemand; 3. Licence professionnelle de professeur de portugais; 1. Licence hygiène- sécurité- environnement; 2. Licence eau- environnement- assainissement. 1. Master en droit public; 2. Master en droit privé; 3. Master en informatique, option: sécurité des systèmes informatiques; 4. Master en génie logiciel; 5. Master en télécommunication, option: systèmes de télécommunications et réseaux informatiques.",129,Droit privé,name
"Master banque, assurance, finance, option: assurance. HA-2018 RepSEN/Ensup-priv/HA/047-2018 1. Licence professionnelle de professeur de mathématiques; 2. Licence professionnelle de professeur de physique/chimie; 3. Licence professionnelle de professeur de sciences de la vie et de la terre; 4. Licence professionnelle de professeur de français; 5. Licence professionnelle de professeur d'histoire et géographie; 6. Licence professionnelle de professeur d'anglais; 7. Licence professionnelle de professeur d'espagnol; 8. Licence professionnelle de professeur de philosophie; 9. Licence professionnelle de professeur d'éducation physique et sportive HA-2021 RepSEN/Ensup-priv/HA/081-2021 1. Licence qualité- sécurité- environnement; 2. Licence mesures physiques; 3. Master en qualité- sécurité- environnement. HA-2020 RepSen/Ensup-priv/HA/067-2020 1. Licence comptabilité-audit; 2. Licence comptabilité-contrôle-audit; 3. Licence finance-contrôle de gestion; 4. Licence marketing; 5. Licence gestion des ressources humaines; 6. Licence banque et assurance; 7. Licence technique de commerce international; 8. Licence logistique et transport international. 1. Licence professionnelle de professeur d'arable; 2. Licence professionnelle de professeur d'allemand; 3. Licence professionnelle de professeur de portugais; 1. Licence hygiène- sécurité- environnement; 2. Licence eau- environnement- assainissement. 1. Master en droit public; 2. Master en droit privé; 3. Master en informatique, option: sécurité des systèmes informatiques; 4. Master en génie logiciel; 5. Master en télécommunication, option: systèmes de télécommunications et réseaux informatiques.",153,Mathématiques,name
"Master banque, assurance, finance, option: assurance. HA-2018 RepSEN/Ensup-priv/HA/047-2018 1. Licence professionnelle de professeur de mathématiques; 2. Licence professionnelle de professeur de physique/chimie; 3. Licence professionnelle de professeur de sciences de la vie et de la terre; 4. Licence professionnelle de professeur de français; 5. Licence professionnelle de professeur d'histoire et géographie; 6. Licence professionnelle de professeur d'anglais; 7. Licence professionnelle de professeur d'espagnol; 8. Licence professionnelle de professeur de philosophie; 9. Licence professionnelle de professeur d'éducation physique et sportive HA-2021 RepSEN/Ensup-priv/HA/081-2021 1. Licence qualité- sécurité- environnement; 2. Licence mesures physiques; 3. Master en qualité- sécurité- environnement. HA-2020 RepSen/Ensup-priv/HA/067-2020 1. Licence comptabilité-audit; 2. Licence comptabilité-contrôle-audit; 3. Licence finance-contrôle de gestion; 4. Licence marketing; 5. Licence gestion des ressources humaines; 6. Licence banque et assurance; 7. Licence technique de commerce international; 8. Licence logistique et transport international. 1. Licence professionnelle de professeur d'arable; 2. Licence professionnelle de professeur d'allemand; 3. Licence professionnelle de professeur de portugais; 1. Licence hygiène- sécurité- environnement; 2. Licence eau- environnement- assainissement. 1. Master en droit public; 2. Master en droit privé; 3. Master en informatique, option: sécurité des systèmes informatiques; 4. Master en génie logiciel; 5. Master en télécommunication, option: systèmes de télécommunications et réseaux informatiques.",162,Télécommunications,name
"Master banque, assurance, finance, option: assurance. HA-2018 RepSEN/Ensup-priv/HA/047-2018 1. Licence professionnelle de professeur de mathématiques; 2. Licence professionnelle de professeur de physique/chimie; 3. Licence professionnelle de professeur de sciences de la vie et de la terre; 4. Licence professionnelle de professeur de français; 5. Licence professionnelle de professeur d'histoire et géographie; 6. Licence professionnelle de professeur d'anglais; 7. Licence professionnelle de professeur d'espagnol; 8. Licence professionnelle de professeur de philosophie; 9. Licence professionnelle de professeur d'éducation physique et sportive HA-2021 RepSEN/Ensup-priv/HA/081-2021 1. Licence qualité- sécurité- environnement; 2. Licence mesures physiques; 3. Master en qualité- sécurité- environnement. HA-2020 RepSen/Ensup-priv/HA/067-2020 1. Licence comptabilité-audit; 2. Licence comptabilité-contrôle-audit; 3. Licence finance-contrôle de gestion; 4. Licence marketing; 5. Licence gestion des ressources humaines; 6. Licence banque et assurance; 7. Licence technique de commerce international; 8. Licence logistique et transport international. 1. Licence professionnelle de professeur d'arable; 2. Licence professionnelle de professeur d'allemand; 3. Licence professionnelle de professeur de portugais; 1. Licence hygiène- sécurité- environnement; 2. Licence eau- environnement- assainissement. 1. Master en droit public; 2. Master en droit privé; 3. Master en informatique, option: sécurité des systèmes informatiques; 4. Master en génie logiciel; 5. Master en télécommunication, option: systèmes de télécommunications et réseaux informatiques.",167,Professeur de Mathématiques,name
"Master banque, assurance, finance, option: assurance. HA-2018 RepSEN/Ensup-priv/HA/047-2018 1. Licence professionnelle de professeur de mathématiques; 2. Licence professionnelle de professeur de physique/chimie; 3. Licence professionnelle de professeur de sciences de la vie et de la terre; 4. Licence professionnelle de professeur de français; 5. Licence professionnelle de professeur d'histoire et géographie; 6. Licence professionnelle de professeur d'anglais; 7. Licence professionnelle de professeur d'espagnol; 8. Licence professionnelle de professeur de philosophie; 9. Licence professionnelle de professeur d'éducation physique et sportive HA-2021 RepSEN/Ensup-priv/HA/081-2021 1. Licence qualité- sécurité- environnement; 2. Licence mesures physiques; 3. Master en qualité- sécurité- environnement. HA-2020 RepSen/Ensup-priv/HA/067-2020 1. Licence comptabilité-audit; 2. Licence comptabilité-contrôle-audit; 3. Licence finance-contrôle de gestion; 4. Licence marketing; 5. Licence gestion des ressources humaines; 6. Licence banque et assurance; 7. Licence technique de commerce international; 8. Licence logistique et transport international. 1. Licence professionnelle de professeur d'arable; 2. Licence professionnelle de professeur d'allemand; 3. Licence professionnelle de professeur de portugais; 1. Licence hygiène- sécurité- environnement; 2. Licence eau- environnement- assainissement. 1. Master en droit public; 2. Master en droit privé; 3. Master en informatique, option: sécurité des systèmes informatiques; 4. Master en génie logiciel; 5. Master en télécommunication, option: systèmes de télécommunications et réseaux informatiques.",169,Professeur de Sciences de la Vie et de la Terre,name
"Master banque, assurance, finance, option: assurance. HA-2018 RepSEN/Ensup-priv/HA/047-2018 1. Licence professionnelle de professeur de mathématiques; 2. Licence professionnelle de professeur de physique/chimie; 3. Licence professionnelle de professeur de sciences de la vie et de la terre; 4. Licence professionnelle de professeur de français; 5. Licence professionnelle de professeur d'histoire et géographie; 6. Licence professionnelle de professeur d'anglais; 7. Licence professionnelle de professeur d'espagnol; 8. Licence professionnelle de professeur de philosophie; 9. Licence professionnelle de professeur d'éducation physique et sportive HA-2021 RepSEN/Ensup-priv/HA/081-2021 1. Licence qualité- sécurité- environnement; 2. Licence mesures physiques; 3. Master en qualité- sécurité- environnement. HA-2020 RepSen/Ensup-priv/HA/067-2020 1. Licence comptabilité-audit; 2. Licence comptabilité-contrôle-audit; 3. Licence finance-contrôle de gestion; 4. Licence marketing; 5. Licence gestion des ressources humaines; 6. Licence banque et assurance; 7. Licence technique de commerce international; 8. Licence logistique et transport international. 1. Licence professionnelle de professeur d'arable; 2. Licence professionnelle de professeur d'allemand; 3. Licence professionnelle de professeur de portugais; 1. Licence hygiène- sécurité- environnement; 2. Licence eau- environnement- assainissement. 1. Master en droit public; 2. Master en droit privé; 3. Master en informatique, option: sécurité des systèmes informatiques; 4. Master en génie logiciel; 5. Master en télécommunication, option: systèmes de télécommunications et réseaux informatiques.",170,Professeur de Français,name
"Master banque, assurance, finance, option: assurance. HA-2018 RepSEN/Ensup-priv/HA/047-2018 1. Licence professionnelle de professeur de mathématiques; 2. Licence professionnelle de professeur de physique/chimie; 3. Licence professionnelle de professeur de sciences de la vie et de la terre; 4. Licence professionnelle de professeur de français; 5. Licence professionnelle de professeur d'histoire et géographie; 6. Licence professionnelle de professeur d'anglais; 7. Licence professionnelle de professeur d'espagnol; 8. Licence professionnelle de professeur de philosophie; 9. Licence professionnelle de professeur d'éducation physique et sportive HA-2021 RepSEN/Ensup-priv/HA/081-2021 1. Licence qualité- sécurité- environnement; 2. Licence mesures physiques; 3. Master en qualité- sécurité- environnement. HA-2020 RepSen/Ensup-priv/HA/067-2020 1. Licence comptabilité-audit; 2. Licence comptabilité-contrôle-audit; 3. Licence finance-contrôle de gestion; 4. Licence marketing; 5. Licence gestion des ressources humaines; 6. Licence banque et assurance; 7. Licence technique de commerce international; 8. Licence logistique et transport international. 1. Licence professionnelle de professeur d'arable; 2. Licence professionnelle de professeur d'allemand; 3. Licence professionnelle de professeur de portugais; 1. Licence hygiène- sécurité- environnement; 2. Licence eau- environnement- assainissement. 1. Master en droit public; 2. Master en droit privé; 3. Master en informatique, option: sécurité des systèmes informatiques; 4. Master en génie logiciel; 5. Master en télécommunication, option: systèmes de télécommunications et réseaux informatiques.",174,Professeur de Philosophie,name
"Licence finance comptabilité; 2. Licence commerce international; 3. Licence banque, finance et assurance; 4. Licence transport-logistique; 5. Licence en marketing et communication; 6. Licence en gestion des ressources humaines; 7. Licence en assistance de gestion des entreprises PMI-PME; 8. Licence en administration des réseaux et télécoms. HA-2018 RepSEN/Ensup-priv/HA/051-2018 1. Licence en commerce international; 2. Licence en administration et gestion des entreprises; 3. Licence en transport logistique; 4. Licence en finance, banque, assurance; 5. Licence en gestion des ressources humaines; 6. Licence en finance-comptabilité; 7. Master en audit-comptable-Financier et fiscal; 8. Master en gestion des ressources humaines. HA-2021 RepSEN/Ensup-priv/HA/072-2021 1. Licence en administration des affaires; 2. Licence en finance, banque et assurance; 3. Licence en commerce international et marketing; 4. Licence en microfinance et étude de projet; 5. Licence en ressources humaines; 6. Licence en transport logistique; 7. Licence en audit et contrôle de gestion; 8. Licence en électronique industrielle; 9. Licence en informatique industrielle; 10. Licence en informatique-électronique industrielle; 11. Licence en informatique de gestion; 12. Licence en froid et climatisation; 13. Licence en électrotechnique; 14. Licence en électromécanique; 1. Licence en information-communication, option: sciences et technique de l'information; 2. Licence en télécommunication, option: réseaux et télécommunication; 3. Licence en génie civil, option: génie civil; 4. Licence en marketing-communication, option: marketing-communication.",1,Informatique,name
"Licence finance comptabilité; 2. Licence commerce international; 3. Licence banque, finance et assurance; 4. Licence transport-logistique; 5. Licence en marketing et communication; 6. Licence en gestion des ressources humaines; 7. Licence en assistance de gestion des entreprises PMI-PME; 8. Licence en administration des réseaux et télécoms. HA-2018 RepSEN/Ensup-priv/HA/051-2018 1. Licence en commerce international; 2. Licence en administration et gestion des entreprises; 3. Licence en transport logistique; 4. Licence en finance, banque, assurance; 5. Licence en gestion des ressources humaines; 6. Licence en finance-comptabilité; 7. Master en audit-comptable-Financier et fiscal; 8. Master en gestion des ressources humaines. HA-2021 RepSEN/Ensup-priv/HA/072-2021 1. Licence en administration des affaires; 2. Licence en finance, banque et assurance; 3. Licence en commerce international et marketing; 4. Licence en microfinance et étude de projet; 5. Licence en ressources humaines; 6. Licence en transport logistique; 7. Licence en audit et contrôle de gestion; 8. Licence en électronique industrielle; 9. Licence en informatique industrielle; 10. Licence en informatique-électronique industrielle; 11. Licence en informatique de gestion; 12. Licence en froid et climatisation; 13. Licence en électrotechnique; 14. Licence en électromécanique; 1. Licence en information-communication, option: sciences et technique de l'information; 2. Licence en télécommunication, option: réseaux et télécommunication; 3. Licence en génie civil, option: génie civil; 4. Licence en marketing-communication, option: marketing-communication.",2,Génie Civil,name
"Licence finance comptabilité; 2. Licence commerce international; 3. Licence banque, finance et assurance; 4. Licence transport-logistique; 5. Licence en marketing et communication; 6. Licence en gestion des ressources humaines; 7. Licence en assistance de gestion des entreprises PMI-PME; 8. Licence en administration des réseaux et télécoms. HA-2018 RepSEN/Ensup-priv/HA/051-2018 1. Licence en commerce international; 2. Licence en administration et gestion des entreprises; 3. Licence en transport logistique; 4. Licence en finance, banque, assurance; 5. Licence en gestion des ressources humaines; 6. Licence en finance-comptabilité; 7. Master en audit-comptable-Financier et fiscal; 8. Master en gestion des ressources humaines. HA-2021 RepSEN/Ensup-priv/HA/072-2021 1. Licence en administration des affaires; 2. Licence en finance, banque et assurance; 3. Licence en commerce international et marketing; 4. Licence en microfinance et étude de projet; 5. Licence en ressources humaines; 6. Licence en transport logistique; 7. Licence en audit et contrôle de gestion; 8. Licence en électronique industrielle; 9. Licence en informatique industrielle; 10. Licence en informatique-électronique industrielle; 11. Licence en informatique de gestion; 12. Licence en froid et climatisation; 13. Licence en électrotechnique; 14. Licence en électromécanique; 1. Licence en information-communication, option: sciences et technique de l'information; 2. Licence en télécommunication, option: réseaux et télécommunication; 3. Licence en génie civil, option: génie civil; 4. Licence en marketing-communication, option: marketing-communication.",5,Gestion,name
"Licence finance comptabilité; 2. Licence commerce international; 3. Licence banque, finance et assurance; 4. Licence transport-logistique; 5. Licence en marketing et communication; 6. Licence en gestion des ressources humaines; 7. Licence en assistance de gestion des entreprises PMI-PME; 8. Licence en administration des réseaux et télécoms. HA-2018 RepSEN/Ensup-priv/HA/051-2018 1. Licence en commerce international; 2. Licence en administration et gestion des entreprises; 3. Licence en transport logistique; 4. Licence en finance, banque, assurance; 5. Licence en gestion des ressources humaines; 6. Licence en finance-comptabilité; 7. Master en audit-comptable-Financier et fiscal; 8. Master en gestion des ressources humaines. HA-2021 RepSEN/Ensup-priv/HA/072-2021 1. Licence en administration des affaires; 2. Licence en finance, banque et assurance; 3. Licence en commerce international et marketing; 4. Licence en microfinance et étude de projet; 5. Licence en ressources humaines; 6. Licence en transport logistique; 7. Licence en audit et contrôle de gestion; 8. Licence en électronique industrielle; 9. Licence en informatique industrielle; 10. Licence en informatique-électronique industrielle; 11. Licence en informatique de gestion; 12. Licence en froid et climatisation; 13. Licence en électrotechnique; 14. Licence en électromécanique; 1. Licence en information-communication, option: sciences et technique de l'information; 2. Licence en télécommunication, option: réseaux et télécommunication; 3. Licence en génie civil, option: génie civil; 4. Licence en marketing-communication, option: marketing-communication.",6,Comptable,name
"Licence finance comptabilité; 2. Licence commerce international; 3. Licence banque, finance et assurance; 4. Licence transport-logistique; 5. Licence en marketing et communication; 6. Licence en gestion des ressources humaines; 7. Licence en assistance de gestion des entreprises PMI-PME; 8. Licence en administration des réseaux et télécoms. HA-2018 RepSEN/Ensup-priv/HA/051-2018 1. Licence en commerce international; 2. Licence en administration et gestion des entreprises; 3. Licence en transport logistique; 4. Licence en finance, banque, assurance; 5. Licence en gestion des ressources humaines; 6. Licence en finance-comptabilité; 7. Master en audit-comptable-Financier et fiscal; 8. Master en gestion des ressources humaines. HA-2021 RepSEN/Ensup-priv/HA/072-2021 1. Licence en administration des affaires; 2. Licence en finance, banque et assurance; 3. Licence en commerce international et marketing; 4. Licence en microfinance et étude de projet; 5. Licence en ressources humaines; 6. Licence en transport logistique; 7. Licence en audit et contrôle de gestion; 8. Licence en électronique industrielle; 9. Licence en informatique industrielle; 10. Licence en informatique-électronique industrielle; 11. Licence en informatique de gestion; 12. Licence en froid et climatisation; 13. Licence en électrotechnique; 14. Licence en électromécanique; 1. Licence en information-communication, option: sciences et technique de l'information; 2. Licence en télécommunication, option: réseaux et télécommunication; 3. Licence en génie civil, option: génie civil; 4. Licence en marketing-communication, option: marketing-communication.",7,Marketing,name
"Licence finance comptabilité; 2. Licence commerce international; 3. Licence banque, finance et assurance; 4. Licence transport-logistique; 5. Licence en marketing et communication; 6. Licence en gestion des ressources humaines; 7. Licence en assistance de gestion des entreprises PMI-PME; 8. Licence en administration des réseaux et télécoms. HA-2018 RepSEN/Ensup-priv/HA/051-2018 1. Licence en commerce international; 2. Licence en administration et gestion des entreprises; 3. Licence en transport logistique; 4. Licence en finance, banque, assurance; 5. Licence en gestion des ressources humaines; 6. Licence en finance-comptabilité; 7. Master en audit-comptable-Financier et fiscal; 8. Master en gestion des ressources humaines. HA-2021 RepSEN/Ensup-priv/HA/072-2021 1. Licence en administration des affaires; 2. Licence en finance, banque et assurance; 3. Licence en commerce international et marketing; 4. Licence en microfinance et étude de projet; 5. Licence en ressources humaines; 6. Licence en transport logistique; 7. Licence en audit et contrôle de gestion; 8. Licence en électronique industrielle; 9. Licence en informatique industrielle; 10. Licence en informatique-électronique industrielle; 11. Licence en informatique de gestion; 12. Licence en froid et climatisation; 13. Licence en électrotechnique; 14. Licence en électromécanique; 1. Licence en information-communication, option: sciences et technique de l'information; 2. Licence en télécommunication, option: réseaux et télécommunication; 3. Licence en génie civil, option: génie civil; 4. Licence en marketing-communication, option: marketing-communication.",8,Électronique,name
"Licence finance comptabilité; 2. Licence commerce international; 3. Licence banque, finance et assurance; 4. Licence transport-logistique; 5. Licence en marketing et communication; 6. Licence en gestion des ressources humaines; 7. Licence en assistance de gestion des entreprises PMI-PME; 8. Licence en administration des réseaux et télécoms. HA-2018 RepSEN/Ensup-priv/HA/051-2018 1. Licence en commerce international; 2. Licence en administration et gestion des entreprises; 3. Licence en transport logistique; 4. Licence en finance, banque, assurance; 5. Licence en gestion des ressources humaines; 6. Licence en finance-comptabilité; 7. Master en audit-comptable-Financier et fiscal; 8. Master en gestion des ressources humaines. HA-2021 RepSEN/Ensup-priv/HA/072-2021 1. Licence en administration des affaires; 2. Licence en finance, banque et assurance; 3. Licence en commerce international et marketing; 4. Licence en microfinance et étude de projet; 5. Licence en ressources humaines; 6. Licence en transport logistique; 7. Licence en audit et contrôle de gestion; 8. Licence en électronique industrielle; 9. Licence en informatique industrielle; 10. Licence en informatique-électronique industrielle; 11. Licence en informatique de gestion; 12. Licence en froid et climatisation; 13. Licence en électrotechnique; 14. Licence en électromécanique; 1. Licence en information-communication, option: sciences et technique de l'information; 2. Licence en télécommunication, option: réseaux et télécommunication; 3. Licence en génie civil, option: génie civil; 4. Licence en marketing-communication, option: marketing-communication.",15,Informatique de Gestion,name
"Licence finance comptabilité; 2. Licence commerce international; 3. Licence banque, finance et assurance; 4. Licence transport-logistique; 5. Licence en marketing et communication; 6. Licence en gestion des ressources humaines; 7. Licence en assistance de gestion des entreprises PMI-PME; 8. Licence en administration des réseaux et télécoms. HA-2018 RepSEN/Ensup-priv/HA/051-2018 1. Licence en commerce international; 2. Licence en administration et gestion des entreprises; 3. Licence en transport logistique; 4. Licence en finance, banque, assurance; 5. Licence en gestion des ressources humaines; 6. Licence en finance-comptabilité; 7. Master en audit-comptable-Financier et fiscal; 8. Master en gestion des ressources humaines. HA-2021 RepSEN/Ensup-priv/HA/072-2021 1. Licence en administration des affaires; 2. Licence en finance, banque et assurance; 3. Licence en commerce international et marketing; 4. Licence en microfinance et étude de projet; 5. Licence en ressources humaines; 6. Licence en transport logistique; 7. Licence en audit et contrôle de gestion; 8. Licence en électronique industrielle; 9. Licence en informatique industrielle; 10. Licence en informatique-électronique industrielle; 11. Licence en informatique de gestion; 12. Licence en froid et climatisation; 13. Licence en électrotechnique; 14. Licence en électromécanique; 1. Licence en information-communication, option: sciences et technique de l'information; 2. Licence en télécommunication, option: réseaux et télécommunication; 3. Licence en génie civil, option: génie civil; 4. Licence en marketing-communication, option: marketing-communication.",68,Gestion des ressources humaines,name
"Licence finance comptabilité; 2. Licence commerce international; 3. Licence banque, finance et assurance; 4. Licence transport-logistique; 5. Licence en marketing et communication; 6. Licence en gestion des ressources humaines; 7. Licence en assistance de gestion des entreprises PMI-PME; 8. Licence en administration des réseaux et télécoms. HA-2018 RepSEN/Ensup-priv/HA/051-2018 1. Licence en commerce international; 2. Licence en administration et gestion des entreprises; 3. Licence en transport logistique; 4. Licence en finance, banque, assurance; 5. Licence en gestion des ressources humaines; 6. Licence en finance-comptabilité; 7. Master en audit-comptable-Financier et fiscal; 8. Master en gestion des ressources humaines. HA-2021 RepSEN/Ensup-priv/HA/072-2021 1. Licence en administration des affaires; 2. Licence en finance, banque et assurance; 3. Licence en commerce international et marketing; 4. Licence en microfinance et étude de projet; 5. Licence en ressources humaines; 6. Licence en transport logistique; 7. Licence en audit et contrôle de gestion; 8. Licence en électronique industrielle; 9. Licence en informatique industrielle; 10. Licence en informatique-électronique industrielle; 11. Licence en informatique de gestion; 12. Licence en froid et climatisation; 13. Licence en électrotechnique; 14. Licence en électromécanique; 1. Licence en information-communication, option: sciences et technique de l'information; 2. Licence en télécommunication, option: réseaux et télécommunication; 3. Licence en génie civil, option: génie civil; 4. Licence en marketing-communication, option: marketing-communication.",71,Marketing et communication,name
"Licence finance comptabilité; 2. Licence commerce international; 3. Licence banque, finance et assurance; 4. Licence transport-logistique; 5. Licence en marketing et communication; 6. Licence en gestion des ressources humaines; 7. Licence en assistance de gestion des entreprises PMI-PME; 8. Licence en administration des réseaux et télécoms. HA-2018 RepSEN/Ensup-priv/HA/051-2018 1. Licence en commerce international; 2. Licence en administration et gestion des entreprises; 3. Licence en transport logistique; 4. Licence en finance, banque, assurance; 5. Licence en gestion des ressources humaines; 6. Licence en finance-comptabilité; 7. Master en audit-comptable-Financier et fiscal; 8. Master en gestion des ressources humaines. HA-2021 RepSEN/Ensup-priv/HA/072-2021 1. Licence en administration des affaires; 2. Licence en finance, banque et assurance; 3. Licence en commerce international et marketing; 4. Licence en microfinance et étude de projet; 5. Licence en ressources humaines; 6. Licence en transport logistique; 7. Licence en audit et contrôle de gestion; 8. Licence en électronique industrielle; 9. Licence en informatique industrielle; 10. Licence en informatique-électronique industrielle; 11. Licence en informatique de gestion; 12. Licence en froid et climatisation; 13. Licence en électrotechnique; 14. Licence en électromécanique; 1. Licence en information-communication, option: sciences et technique de l'information; 2. Licence en télécommunication, option: réseaux et télécommunication; 3. Licence en génie civil, option: génie civil; 4. Licence en marketing-communication, option: marketing-communication.",78,Transport logistique,name
"Licence finance comptabilité; 2. Licence commerce international; 3. Licence banque, finance et assurance; 4. Licence transport-logistique; 5. Licence en marketing et communication; 6. Licence en gestion des ressources humaines; 7. Licence en assistance de gestion des entreprises PMI-PME; 8. Licence en administration des réseaux et télécoms. HA-2018 RepSEN/Ensup-priv/HA/051-2018 1. Licence en commerce international; 2. Licence en administration et gestion des entreprises; 3. Licence en transport logistique; 4. Licence en finance, banque, assurance; 5. Licence en gestion des ressources humaines; 6. Licence en finance-comptabilité; 7. Master en audit-comptable-Financier et fiscal; 8. Master en gestion des ressources humaines. HA-2021 RepSEN/Ensup-priv/HA/072-2021 1. Licence en administration des affaires; 2. Licence en finance, banque et assurance; 3. Licence en commerce international et marketing; 4. Licence en microfinance et étude de projet; 5. Licence en ressources humaines; 6. Licence en transport logistique; 7. Licence en audit et contrôle de gestion; 8. Licence en électronique industrielle; 9. Licence en informatique industrielle; 10. Licence en informatique-électronique industrielle; 11. Licence en informatique de gestion; 12. Licence en froid et climatisation; 13. Licence en électrotechnique; 14. Licence en électromécanique; 1. Licence en information-communication, option: sciences et technique de l'information; 2. Licence en télécommunication, option: réseaux et télécommunication; 3. Licence en génie civil, option: génie civil; 4. Licence en marketing-communication, option: marketing-communication.",79,Commerce international,name
"Licence finance comptabilité; 2. Licence commerce international; 3. Licence banque, finance et assurance; 4. Licence transport-logistique; 5. Licence en marketing et communication; 6. Licence en gestion des ressources humaines; 7. Licence en assistance de gestion des entreprises PMI-PME; 8. Licence en administration des réseaux et télécoms. HA-2018 RepSEN/Ensup-priv/HA/051-2018 1. Licence en commerce international; 2. Licence en administration et gestion des entreprises; 3. Licence en transport logistique; 4. Licence en finance, banque, assurance; 5. Licence en gestion des ressources humaines; 6. Licence en finance-comptabilité; 7. Master en audit-comptable-Financier et fiscal; 8. Master en gestion des ressources humaines. HA-2021 RepSEN/Ensup-priv/HA/072-2021 1. Licence en administration des affaires; 2. Licence en finance, banque et assurance; 3. Licence en commerce international et marketing; 4. Licence en microfinance et étude de projet; 5. Licence en ressources humaines; 6. Licence en transport logistique; 7. Licence en audit et contrôle de gestion; 8. Licence en électronique industrielle; 9. Licence en informatique industrielle; 10. Licence en informatique-électronique industrielle; 11. Licence en informatique de gestion; 12. Licence en froid et climatisation; 13. Licence en électrotechnique; 14. Licence en électromécanique; 1. Licence en information-communication, option: sciences et technique de l'information; 2. Licence en télécommunication, option: réseaux et télécommunication; 3. Licence en génie civil, option: génie civil; 4. Licence en marketing-communication, option: marketing-communication.",81,Électrotechnique,name
"Licence finance comptabilité; 2. Licence commerce international; 3. Licence banque, finance et assurance; 4. Licence transport-logistique; 5. Licence en marketing et communication; 6. Licence en gestion des ressources humaines; 7. Licence en assistance de gestion des entreprises PMI-PME; 8. Licence en administration des réseaux et télécoms. HA-2018 RepSEN/Ensup-priv/HA/051-2018 1. Licence en commerce international; 2. Licence en administration et gestion des entreprises; 3. Licence en transport logistique; 4. Licence en finance, banque, assurance; 5. Licence en gestion des ressources humaines; 6. Licence en finance-comptabilité; 7. Master en audit-comptable-Financier et fiscal; 8. Master en gestion des ressources humaines. HA-2021 RepSEN/Ensup-priv/HA/072-2021 1. Licence en administration des affaires; 2. Licence en finance, banque et assurance; 3. Licence en commerce international et marketing; 4. Licence en microfinance et étude de projet; 5. Licence en ressources humaines; 6. Licence en transport logistique; 7. Licence en audit et contrôle de gestion; 8. Licence en électronique industrielle; 9. Licence en informatique industrielle; 10. Licence en informatique-électronique industrielle; 11. Licence en informatique de gestion; 12. Licence en froid et climatisation; 13. Licence en électrotechnique; 14. Licence en électromécanique; 1. Licence en information-communication, option: sciences et technique de l'information; 2. Licence en télécommunication, option: réseaux et télécommunication; 3. Licence en génie civil, option: génie civil; 4. Licence en marketing-communication, option: marketing-communication.",88,Informatique industrielle,name
"Licence finance comptabilité; 2. Licence commerce international; 3. Licence banque, finance et assurance; 4. Licence transport-logistique; 5. Licence en marketing et communication; 6. Licence en gestion des ressources humaines; 7. Licence en assistance de gestion des entreprises PMI-PME; 8. Licence en administration des réseaux et télécoms. HA-2018 RepSEN/Ensup-priv/HA/051-2018 1. Licence en commerce international; 2. Licence en administration et gestion des entreprises; 3. Licence en transport logistique; 4. Licence en finance, banque, assurance; 5. Licence en gestion des ressources humaines; 6. Licence en finance-comptabilité; 7. Master en audit-comptable-Financier et fiscal; 8. Master en gestion des ressources humaines. HA-2021 RepSEN/Ensup-priv/HA/072-2021 1. Licence en administration des affaires; 2. Licence en finance, banque et assurance; 3. Licence en commerce international et marketing; 4. Licence en microfinance et étude de projet; 5. Licence en ressources humaines; 6. Licence en transport logistique; 7. Licence en audit et contrôle de gestion; 8. Licence en électronique industrielle; 9. Licence en informatique industrielle; 10. Licence en informatique-électronique industrielle; 11. Licence en informatique de gestion; 12. Licence en froid et climatisation; 13. Licence en électrotechnique; 14. Licence en électromécanique; 1. Licence en information-communication, option: sciences et technique de l'information; 2. Licence en télécommunication, option: réseaux et télécommunication; 3. Licence en génie civil, option: génie civil; 4. Licence en marketing-communication, option: marketing-communication.",97,Audit et Contrôle de Gestion,name
"Licence finance comptabilité; 2. Licence commerce international; 3. Licence banque, finance et assurance; 4. Licence transport-logistique; 5. Licence en marketing et communication; 6. Licence en gestion des ressources humaines; 7. Licence en assistance de gestion des entreprises PMI-PME; 8. Licence en administration des réseaux et télécoms. HA-2018 RepSEN/Ensup-priv/HA/051-2018 1. Licence en commerce international; 2. Licence en administration et gestion des entreprises; 3. Licence en transport logistique; 4. Licence en finance, banque, assurance; 5. Licence en gestion des ressources humaines; 6. Licence en finance-comptabilité; 7. Master en audit-comptable-Financier et fiscal; 8. Master en gestion des ressources humaines. HA-2021 RepSEN/Ensup-priv/HA/072-2021 1. Licence en administration des affaires; 2. Licence en finance, banque et assurance; 3. Licence en commerce international et marketing; 4. Licence en microfinance et étude de projet; 5. Licence en ressources humaines; 6. Licence en transport logistique; 7. Licence en audit et contrôle de gestion; 8. Licence en électronique industrielle; 9. Licence en informatique industrielle; 10. Licence en informatique-électronique industrielle; 11. Licence en informatique de gestion; 12. Licence en froid et climatisation; 13. Licence en électrotechnique; 14. Licence en électromécanique; 1. Licence en information-communication, option: sciences et technique de l'information; 2. Licence en télécommunication, option: réseaux et télécommunication; 3. Licence en génie civil, option: génie civil; 4. Licence en marketing-communication, option: marketing-communication.",105,Comptabilité,name
"Licence finance comptabilité; 2. Licence commerce international; 3. Licence banque, finance et assurance; 4. Licence transport-logistique; 5. Licence en marketing et communication; 6. Licence en gestion des ressources humaines; 7. Licence en assistance de gestion des entreprises PMI-PME; 8. Licence en administration des réseaux et télécoms. HA-2018 RepSEN/Ensup-priv/HA/051-2018 1. Licence en commerce international; 2. Licence en administration et gestion des entreprises; 3. Licence en transport logistique; 4. Licence en finance, banque, assurance; 5. Licence en gestion des ressources humaines; 6. Licence en finance-comptabilité; 7. Master en audit-comptable-Financier et fiscal; 8. Master en gestion des ressources humaines. HA-2021 RepSEN/Ensup-priv/HA/072-2021 1. Licence en administration des affaires; 2. Licence en finance, banque et assurance; 3. Licence en commerce international et marketing; 4. Licence en microfinance et étude de projet; 5. Licence en ressources humaines; 6. Licence en transport logistique; 7. Licence en audit et contrôle de gestion; 8. Licence en électronique industrielle; 9. Licence en informatique industrielle; 10. Licence en informatique-électronique industrielle; 11. Licence en informatique de gestion; 12. Licence en froid et climatisation; 13. Licence en électrotechnique; 14. Licence en électromécanique; 1. Licence en information-communication, option: sciences et technique de l'information; 2. Licence en télécommunication, option: réseaux et télécommunication; 3. Licence en génie civil, option: génie civil; 4. Licence en marketing-communication, option: marketing-communication.",109,Administration et Gestion des Entreprises,name
"Licence finance comptabilité; 2. Licence commerce international; 3. Licence banque, finance et assurance; 4. Licence transport-logistique; 5. Licence en marketing et communication; 6. Licence en gestion des ressources humaines; 7. Licence en assistance de gestion des entreprises PMI-PME; 8. Licence en administration des réseaux et télécoms. HA-2018 RepSEN/Ensup-priv/HA/051-2018 1. Licence en commerce international; 2. Licence en administration et gestion des entreprises; 3. Licence en transport logistique; 4. Licence en finance, banque, assurance; 5. Licence en gestion des ressources humaines; 6. Licence en finance-comptabilité; 7. Master en audit-comptable-Financier et fiscal; 8. Master en gestion des ressources humaines. HA-2021 RepSEN/Ensup-priv/HA/072-2021 1. Licence en administration des affaires; 2. Licence en finance, banque et assurance; 3. Licence en commerce international et marketing; 4. Licence en microfinance et étude de projet; 5. Licence en ressources humaines; 6. Licence en transport logistique; 7. Licence en audit et contrôle de gestion; 8. Licence en électronique industrielle; 9. Licence en informatique industrielle; 10. Licence en informatique-électronique industrielle; 11. Licence en informatique de gestion; 12. Licence en froid et climatisation; 13. Licence en électrotechnique; 14. Licence en électromécanique; 1. Licence en information-communication, option: sciences et technique de l'information; 2. Licence en télécommunication, option: réseaux et télécommunication; 3. Licence en génie civil, option: génie civil; 4. Licence en marketing-communication, option: marketing-communication.",112,Administration des Affaires,name
"Licence finance comptabilité; 2. Licence commerce international; 3. Licence banque, finance et assurance; 4. Licence transport-logistique; 5. Licence en marketing et communication; 6. Licence en gestion des ressources humaines; 7. Licence en assistance de gestion des entreprises PMI-PME; 8. Licence en administration des réseaux et télécoms. HA-2018 RepSEN/Ensup-priv/HA/051-2018 1. Licence en commerce international; 2. Licence en administration et gestion des entreprises; 3. Licence en transport logistique; 4. Licence en finance, banque, assurance; 5. Licence en gestion des ressources humaines; 6. Licence en finance-comptabilité; 7. Master en audit-comptable-Financier et fiscal; 8. Master en gestion des ressources humaines. HA-2021 RepSEN/Ensup-priv/HA/072-2021 1. Licence en administration des affaires; 2. Licence en finance, banque et assurance; 3. Licence en commerce international et marketing; 4. Licence en microfinance et étude de projet; 5. Licence en ressources humaines; 6. Licence en transport logistique; 7. Licence en audit et contrôle de gestion; 8. Licence en électronique industrielle; 9. Licence en informatique industrielle; 10. Licence en informatique-électronique industrielle; 11. Licence en informatique de gestion; 12. Licence en froid et climatisation; 13. Licence en électrotechnique; 14. Licence en électromécanique; 1. Licence en information-communication, option: sciences et technique de l'information; 2. Licence en télécommunication, option: réseaux et télécommunication; 3. Licence en génie civil, option: génie civil; 4. Licence en marketing-communication, option: marketing-communication.",121,Communication,name
"Licence finance comptabilité; 2. Licence commerce international; 3. Licence banque, finance et assurance; 4. Licence transport-logistique; 5. Licence en marketing et communication; 6. Licence en gestion des ressources humaines; 7. Licence en assistance de gestion des entreprises PMI-PME; 8. Licence en administration des réseaux et télécoms. HA-2018 RepSEN/Ensup-priv/HA/051-2018 1. Licence en commerce international; 2. Licence en administration et gestion des entreprises; 3. Licence en transport logistique; 4. Licence en finance, banque, assurance; 5. Licence en gestion des ressources humaines; 6. Licence en finance-comptabilité; 7. Master en audit-comptable-Financier et fiscal; 8. Master en gestion des ressources humaines. HA-2021 RepSEN/Ensup-priv/HA/072-2021 1. Licence en administration des affaires; 2. Licence en finance, banque et assurance; 3. Licence en commerce international et marketing; 4. Licence en microfinance et étude de projet; 5. Licence en ressources humaines; 6. Licence en transport logistique; 7. Licence en audit et contrôle de gestion; 8. Licence en électronique industrielle; 9. Licence en informatique industrielle; 10. Licence en informatique-électronique industrielle; 11. Licence en informatique de gestion; 12. Licence en froid et climatisation; 13. Licence en électrotechnique; 14. Licence en électromécanique; 1. Licence en information-communication, option: sciences et technique de l'information; 2. Licence en télécommunication, option: réseaux et télécommunication; 3. Licence en génie civil, option: génie civil; 4. Licence en marketing-communication, option: marketing-communication.",131,Microfinance,name
"Licence en électrotechnique, électromécanique, froid et climatisation; 16. Licence en génie civil. 17. Master en administration des affaires; 18. Master en banque et ingénierie financière; 19. Master en commerce international et marketing; 20. Master en ingénierie de projets internationaux; 21. Master en administration des ressources humaines; 22. Master en audit et contrôle de gestion; 23. Master en transport logistique; 24. Master en électrotechnique. 25. Diplôme d'ingénieur de conception (DIC, Bac+5) en électronique industrielle; 26. Diplôme d'ingénieur de conception (DIC, Bac+5) en informatique industrielle; 27. Diplôme d'ingénieur de conception (DIC, Bac+5) en informatique et électronique Industrielle; 28. Diplôme d'ingénieur de conception (DIC, Bac+5) en informatique de gestion; 29. Diplôme d'ingénieur de conception (DIC, Bac+5) en froid et climatisation; 30. Diplôme d'ingénieur de conception (DIC, Bac+5) en électrotechnique, électromécanique, froid et climatisation; 31. Diplôme d'ingénieur de conception (DIC, Bac+5) en génie civil. HA-2017 RepSEN/Ensup-priv/HA/016-2017 1. Licence génie civil; 2. Licence architecture. HA-2018 RepSEN/Ensup-priv/HA/055-2018 1. Licence en sécurité des systèmes informatiques de l'entreprise; 2. Licence en réseaux et systèmes d'information de l'entreprise. 1. Licence professionnelle en travaux publics; 2. Licence professionnelle en management. 1. Licence management, option: management du tourisme et de l'hôtellerie; 2. Licence marketing-communication, option: marketing-communication; 3. Master monnaie, banque, finance, assurance, option: banque-finance.",1,Informatique,name
"Licence en électrotechnique, électromécanique, froid et climatisation; 16. Licence en génie civil. 17. Master en administration des affaires; 18. Master en banque et ingénierie financière; 19. Master en commerce international et marketing; 20. Master en ingénierie de projets internationaux; 21. Master en administration des ressources humaines; 22. Master en audit et contrôle de gestion; 23. Master en transport logistique; 24. Master en électrotechnique. 25. Diplôme d'ingénieur de conception (DIC, Bac+5) en électronique industrielle; 26. Diplôme d'ingénieur de conception (DIC, Bac+5) en informatique industrielle; 27. Diplôme d'ingénieur de conception (DIC, Bac+5) en informatique et électronique Industrielle; 28. Diplôme d'ingénieur de conception (DIC, Bac+5) en informatique de gestion; 29. Diplôme d'ingénieur de conception (DIC, Bac+5) en froid et climatisation; 30. Diplôme d'ingénieur de conception (DIC, Bac+5) en électrotechnique, électromécanique, froid et climatisation; 31. Diplôme d'ingénieur de conception (DIC, Bac+5) en génie civil. HA-2017 RepSEN/Ensup-priv/HA/016-2017 1. Licence génie civil; 2. Licence architecture. HA-2018 RepSEN/Ensup-priv/HA/055-2018 1. Licence en sécurité des systèmes informatiques de l'entreprise; 2. Licence en réseaux et systèmes d'information de l'entreprise. 1. Licence professionnelle en travaux publics; 2. Licence professionnelle en management. 1. Licence management, option: management du tourisme et de l'hôtellerie; 2. Licence marketing-communication, option: marketing-communication; 3. Master monnaie, banque, finance, assurance, option: banque-finance.",2,Génie Civil,name
"Licence en électrotechnique, électromécanique, froid et climatisation; 16. Licence en génie civil. 17. Master en administration des affaires; 18. Master en banque et ingénierie financière; 19. Master en commerce international et marketing; 20. Master en ingénierie de projets internationaux; 21. Master en administration des ressources humaines; 22. Master en audit et contrôle de gestion; 23. Master en transport logistique; 24. Master en électrotechnique. 25. Diplôme d'ingénieur de conception (DIC, Bac+5) en électronique industrielle; 26. Diplôme d'ingénieur de conception (DIC, Bac+5) en informatique industrielle; 27. Diplôme d'ingénieur de conception (DIC, Bac+5) en informatique et électronique Industrielle; 28. Diplôme d'ingénieur de conception (DIC, Bac+5) en informatique de gestion; 29. Diplôme d'ingénieur de conception (DIC, Bac+5) en froid et climatisation; 30. Diplôme d'ingénieur de conception (DIC, Bac+5) en électrotechnique, électromécanique, froid et climatisation; 31. Diplôme d'ingénieur de conception (DIC, Bac+5) en génie civil. HA-2017 RepSEN/Ensup-priv/HA/016-2017 1. Licence génie civil; 2. Licence architecture. HA-2018 RepSEN/Ensup-priv/HA/055-2018 1. Licence en sécurité des systèmes informatiques de l'entreprise; 2. Licence en réseaux et systèmes d'information de l'entreprise. 1. Licence professionnelle en travaux publics; 2. Licence professionnelle en management. 1. Licence management, option: management du tourisme et de l'hôtellerie; 2. Licence marketing-communication, option: marketing-communication; 3. Master monnaie, banque, finance, assurance, option: banque-finance.",5,Gestion,name
"Licence en électrotechnique, électromécanique, froid et climatisation; 16. Licence en génie civil. 17. Master en administration des affaires; 18. Master en banque et ingénierie financière; 19. Master en commerce international et marketing; 20. Master en ingénierie de projets internationaux; 21. Master en administration des ressources humaines; 22. Master en audit et contrôle de gestion; 23. Master en transport logistique; 24. Master en électrotechnique. 25. Diplôme d'ingénieur de conception (DIC, Bac+5) en électronique industrielle; 26. Diplôme d'ingénieur de conception (DIC, Bac+5) en informatique industrielle; 27. Diplôme d'ingénieur de conception (DIC, Bac+5) en informatique et électronique Industrielle; 28. Diplôme d'ingénieur de conception (DIC, Bac+5) en informatique de gestion; 29. Diplôme d'ingénieur de conception (DIC, Bac+5) en froid et climatisation; 30. Diplôme d'ingénieur de conception (DIC, Bac+5) en électrotechnique, électromécanique, froid et climatisation; 31. Diplôme d'ingénieur de conception (DIC, Bac+5) en génie civil. HA-2017 RepSEN/Ensup-priv/HA/016-2017 1. Licence génie civil; 2. Licence architecture. HA-2018 RepSEN/Ensup-priv/HA/055-2018 1. Licence en sécurité des systèmes informatiques de l'entreprise; 2. Licence en réseaux et systèmes d'information de l'entreprise. 1. Licence professionnelle en travaux publics; 2. Licence professionnelle en management. 1. Licence management, option: management du tourisme et de l'hôtellerie; 2. Licence marketing-communication, option: marketing-communication; 3. Master monnaie, banque, finance, assurance, option: banque-finance.",7,Marketing,name
"Licence en électrotechnique, électromécanique, froid et climatisation; 16. Licence en génie civil. 17. Master en administration des affaires; 18. Master en banque et ingénierie financière; 19. Master en commerce international et marketing; 20. Master en ingénierie de projets internationaux; 21. Master en administration des ressources humaines; 22. Master en audit et contrôle de gestion; 23. Master en transport logistique; 24. Master en électrotechnique. 25. Diplôme d'ingénieur de conception (DIC, Bac+5) en électronique industrielle; 26. Diplôme d'ingénieur de conception (DIC, Bac+5) en informatique industrielle; 27. Diplôme d'ingénieur de conception (DIC, Bac+5) en informatique et électronique Industrielle; 28. Diplôme d'ingénieur de conception (DIC, Bac+5) en informatique de gestion; 29. Diplôme d'ingénieur de conception (DIC, Bac+5) en froid et climatisation; 30. Diplôme d'ingénieur de conception (DIC, Bac+5) en électrotechnique, électromécanique, froid et climatisation; 31. Diplôme d'ingénieur de conception (DIC, Bac+5) en génie civil. HA-2017 RepSEN/Ensup-priv/HA/016-2017 1. Licence génie civil; 2. Licence architecture. HA-2018 RepSEN/Ensup-priv/HA/055-2018 1. Licence en sécurité des systèmes informatiques de l'entreprise; 2. Licence en réseaux et systèmes d'information de l'entreprise. 1. Licence professionnelle en travaux publics; 2. Licence professionnelle en management. 1. Licence management, option: management du tourisme et de l'hôtellerie; 2. Licence marketing-communication, option: marketing-communication; 3. Master monnaie, banque, finance, assurance, option: banque-finance.",8,Électronique,name
"Licence en électrotechnique, électromécanique, froid et climatisation; 16. Licence en génie civil. 17. Master en administration des affaires; 18. Master en banque et ingénierie financière; 19. Master en commerce international et marketing; 20. Master en ingénierie de projets internationaux; 21. Master en administration des ressources humaines; 22. Master en audit et contrôle de gestion; 23. Master en transport logistique; 24. Master en électrotechnique. 25. Diplôme d'ingénieur de conception (DIC, Bac+5) en électronique industrielle; 26. Diplôme d'ingénieur de conception (DIC, Bac+5) en informatique industrielle; 27. Diplôme d'ingénieur de conception (DIC, Bac+5) en informatique et électronique Industrielle; 28. Diplôme d'ingénieur de conception (DIC, Bac+5) en informatique de gestion; 29. Diplôme d'ingénieur de conception (DIC, Bac+5) en froid et climatisation; 30. Diplôme d'ingénieur de conception (DIC, Bac+5) en électrotechnique, électromécanique, froid et climatisation; 31. Diplôme d'ingénieur de conception (DIC, Bac+5) en génie civil. HA-2017 RepSEN/Ensup-priv/HA/016-2017 1. Licence génie civil; 2. Licence architecture. HA-2018 RepSEN/Ensup-priv/HA/055-2018 1. Licence en sécurité des systèmes informatiques de l'entreprise; 2. Licence en réseaux et systèmes d'information de l'entreprise. 1. Licence professionnelle en travaux publics; 2. Licence professionnelle en management. 1. Licence management, option: management du tourisme et de l'hôtellerie; 2. Licence marketing-communication, option: marketing-communication; 3. Master monnaie, banque, finance, assurance, option: banque-finance.",12,EPT,name
"Licence en électrotechnique, électromécanique, froid et climatisation; 16. Licence en génie civil. 17. Master en administration des affaires; 18. Master en banque et ingénierie financière; 19. Master en commerce international et marketing; 20. Master en ingénierie de projets internationaux; 21. Master en administration des ressources humaines; 22. Master en audit et contrôle de gestion; 23. Master en transport logistique; 24. Master en électrotechnique. 25. Diplôme d'ingénieur de conception (DIC, Bac+5) en électronique industrielle; 26. Diplôme d'ingénieur de conception (DIC, Bac+5) en informatique industrielle; 27. Diplôme d'ingénieur de conception (DIC, Bac+5) en informatique et électronique Industrielle; 28. Diplôme d'ingénieur de conception (DIC, Bac+5) en informatique de gestion; 29. Diplôme d'ingénieur de conception (DIC, Bac+5) en froid et climatisation; 30. Diplôme d'ingénieur de conception (DIC, Bac+5) en électrotechnique, électromécanique, froid et climatisation; 31. Diplôme d'ingénieur de conception (DIC, Bac+5) en génie civil. HA-2017 RepSEN/Ensup-priv/HA/016-2017 1. Licence génie civil; 2. Licence architecture. HA-2018 RepSEN/Ensup-priv/HA/055-2018 1. Licence en sécurité des systèmes informatiques de l'entreprise; 2. Licence en réseaux et systèmes d'information de l'entreprise. 1. Licence professionnelle en travaux publics; 2. Licence professionnelle en management. 1. Licence management, option: management du tourisme et de l'hôtellerie; 2. Licence marketing-communication, option: marketing-communication; 3. Master monnaie, banque, finance, assurance, option: banque-finance.",15,Informatique de Gestion,name
"Licence en électrotechnique, électromécanique, froid et climatisation; 16. Licence en génie civil. 17. Master en administration des affaires; 18. Master en banque et ingénierie financière; 19. Master en commerce international et marketing; 20. Master en ingénierie de projets internationaux; 21. Master en administration des ressources humaines; 22. Master en audit et contrôle de gestion; 23. Master en transport logistique; 24. Master en électrotechnique. 25. Diplôme d'ingénieur de conception (DIC, Bac+5) en électronique industrielle; 26. Diplôme d'ingénieur de conception (DIC, Bac+5) en informatique industrielle; 27. Diplôme d'ingénieur de conception (DIC, Bac+5) en informatique et électronique Industrielle; 28. Diplôme d'ingénieur de conception (DIC, Bac+5) en informatique de gestion; 29. Diplôme d'ingénieur de conception (DIC, Bac+5) en froid et climatisation; 30. Diplôme d'ingénieur de conception (DIC, Bac+5) en électrotechnique, électromécanique, froid et climatisation; 31. Diplôme d'ingénieur de conception (DIC, Bac+5) en génie civil. HA-2017 RepSEN/Ensup-priv/HA/016-2017 1. Licence génie civil; 2. Licence architecture. HA-2018 RepSEN/Ensup-priv/HA/055-2018 1. Licence en sécurité des systèmes informatiques de l'entreprise; 2. Licence en réseaux et systèmes d'information de l'entreprise. 1. Licence professionnelle en travaux publics; 2. Licence professionnelle en management. 1. Licence management, option: management du tourisme et de l'hôtellerie; 2. Licence marketing-communication, option: marketing-communication; 3. Master monnaie, banque, finance, assurance, option: banque-finance.",64,Management,name
"Licence en électrotechnique, électromécanique, froid et climatisation; 16. Licence en génie civil. 17. Master en administration des affaires; 18. Master en banque et ingénierie financière; 19. Master en commerce international et marketing; 20. Master en ingénierie de projets internationaux; 21. Master en administration des ressources humaines; 22. Master en audit et contrôle de gestion; 23. Master en transport logistique; 24. Master en électrotechnique. 25. Diplôme d'ingénieur de conception (DIC, Bac+5) en électronique industrielle; 26. Diplôme d'ingénieur de conception (DIC, Bac+5) en informatique industrielle; 27. Diplôme d'ingénieur de conception (DIC, Bac+5) en informatique et électronique Industrielle; 28. Diplôme d'ingénieur de conception (DIC, Bac+5) en informatique de gestion; 29. Diplôme d'ingénieur de conception (DIC, Bac+5) en froid et climatisation; 30. Diplôme d'ingénieur de conception (DIC, Bac+5) en électrotechnique, électromécanique, froid et climatisation; 31. Diplôme d'ingénieur de conception (DIC, Bac+5) en génie civil. HA-2017 RepSEN/Ensup-priv/HA/016-2017 1. Licence génie civil; 2. Licence architecture. HA-2018 RepSEN/Ensup-priv/HA/055-2018 1. Licence en sécurité des systèmes informatiques de l'entreprise; 2. Licence en réseaux et systèmes d'information de l'entreprise. 1. Licence professionnelle en travaux publics; 2. Licence professionnelle en management. 1. Licence management, option: management du tourisme et de l'hôtellerie; 2. Licence marketing-communication, option: marketing-communication; 3. Master monnaie, banque, finance, assurance, option: banque-finance.",78,Transport logistique,name
"Licence en électrotechnique, électromécanique, froid et climatisation; 16. Licence en génie civil. 17. Master en administration des affaires; 18. Master en banque et ingénierie financière; 19. Master en commerce international et marketing; 20. Master en ingénierie de projets internationaux; 21. Master en administration des ressources humaines; 22. Master en audit et contrôle de gestion; 23. Master en transport logistique; 24. Master en électrotechnique. 25. Diplôme d'ingénieur de conception (DIC, Bac+5) en électronique industrielle; 26. Diplôme d'ingénieur de conception (DIC, Bac+5) en informatique industrielle; 27. Diplôme d'ingénieur de conception (DIC, Bac+5) en informatique et électronique Industrielle; 28. Diplôme d'ingénieur de conception (DIC, Bac+5) en informatique de gestion; 29. Diplôme d'ingénieur de conception (DIC, Bac+5) en froid et climatisation; 30. Diplôme d'ingénieur de conception (DIC, Bac+5) en électrotechnique, électromécanique, froid et climatisation; 31. Diplôme d'ingénieur de conception (DIC, Bac+5) en génie civil. HA-2017 RepSEN/Ensup-priv/HA/016-2017 1. Licence génie civil; 2. Licence architecture. HA-2018 RepSEN/Ensup-priv/HA/055-2018 1. Licence en sécurité des systèmes informatiques de l'entreprise; 2. Licence en réseaux et systèmes d'information de l'entreprise. 1. Licence professionnelle en travaux publics; 2. Licence professionnelle en management. 1. Licence management, option: management du tourisme et de l'hôtellerie; 2. Licence marketing-communication, option: marketing-communication; 3. Master monnaie, banque, finance, assurance, option: banque-finance.",79,Commerce international,name
"Licence en électrotechnique, électromécanique, froid et climatisation; 16. Licence en génie civil. 17. Master en administration des affaires; 18. Master en banque et ingénierie financière; 19. Master en commerce international et marketing; 20. Master en ingénierie de projets internationaux; 21. Master en administration des ressources humaines; 22. Master en audit et contrôle de gestion; 23. Master en transport logistique; 24. Master en électrotechnique. 25. Diplôme d'ingénieur de conception (DIC, Bac+5) en électronique industrielle; 26. Diplôme d'ingénieur de conception (DIC, Bac+5) en informatique industrielle; 27. Diplôme d'ingénieur de conception (DIC, Bac+5) en informatique et électronique Industrielle; 28. Diplôme d'ingénieur de conception (DIC, Bac+5) en informatique de gestion; 29. Diplôme d'ingénieur de conception (DIC, Bac+5) en froid et climatisation; 30. Diplôme d'ingénieur de conception (DIC, Bac+5) en électrotechnique, électromécanique, froid et climatisation; 31. Diplôme d'ingénieur de conception (DIC, Bac+5) en génie civil. HA-2017 RepSEN/Ensup-priv/HA/016-2017 1. Licence génie civil; 2. Licence architecture. HA-2018 RepSEN/Ensup-priv/HA/055-2018 1. Licence en sécurité des systèmes informatiques de l'entreprise; 2. Licence en réseaux et systèmes d'information de l'entreprise. 1. Licence professionnelle en travaux publics; 2. Licence professionnelle en management. 1. Licence management, option: management du tourisme et de l'hôtellerie; 2. Licence marketing-communication, option: marketing-communication; 3. Master monnaie, banque, finance, assurance, option: banque-finance.",81,Électrotechnique,name
"Licence en électrotechnique, électromécanique, froid et climatisation; 16. Licence en génie civil. 17. Master en administration des affaires; 18. Master en banque et ingénierie financière; 19. Master en commerce international et marketing; 20. Master en ingénierie de projets internationaux; 21. Master en administration des ressources humaines; 22. Master en audit et contrôle de gestion; 23. Master en transport logistique; 24. Master en électrotechnique. 25. Diplôme d'ingénieur de conception (DIC, Bac+5) en électronique industrielle; 26. Diplôme d'ingénieur de conception (DIC, Bac+5) en informatique industrielle; 27. Diplôme d'ingénieur de conception (DIC, Bac+5) en informatique et électronique Industrielle; 28. Diplôme d'ingénieur de conception (DIC, Bac+5) en informatique de gestion; 29. Diplôme d'ingénieur de conception (DIC, Bac+5) en froid et climatisation; 30. Diplôme d'ingénieur de conception (DIC, Bac+5) en électrotechnique, électromécanique, froid et climatisation; 31. Diplôme d'ingénieur de conception (DIC, Bac+5) en génie civil. HA-2017 RepSEN/Ensup-priv/HA/016-2017 1. Licence génie civil; 2. Licence architecture. HA-2018 RepSEN/Ensup-priv/HA/055-2018 1. Licence en sécurité des systèmes informatiques de l'entreprise; 2. Licence en réseaux et systèmes d'information de l'entreprise. 1. Licence professionnelle en travaux publics; 2. Licence professionnelle en management. 1. Licence management, option: management du tourisme et de l'hôtellerie; 2. Licence marketing-communication, option: marketing-communication; 3. Master monnaie, banque, finance, assurance, option: banque-finance.",88,Informatique industrielle,name
"Licence en électrotechnique, électromécanique, froid et climatisation; 16. Licence en génie civil. 17. Master en administration des affaires; 18. Master en banque et ingénierie financière; 19. Master en commerce international et marketing; 20. Master en ingénierie de projets internationaux; 21. Master en administration des ressources humaines; 22. Master en audit et contrôle de gestion; 23. Master en transport logistique; 24. Master en électrotechnique. 25. Diplôme d'ingénieur de conception (DIC, Bac+5) en électronique industrielle; 26. Diplôme d'ingénieur de conception (DIC, Bac+5) en informatique industrielle; 27. Diplôme d'ingénieur de conception (DIC, Bac+5) en informatique et électronique Industrielle; 28. Diplôme d'ingénieur de conception (DIC, Bac+5) en informatique de gestion; 29. Diplôme d'ingénieur de conception (DIC, Bac+5) en froid et climatisation; 30. Diplôme d'ingénieur de conception (DIC, Bac+5) en électrotechnique, électromécanique, froid et climatisation; 31. Diplôme d'ingénieur de conception (DIC, Bac+5) en génie civil. HA-2017 RepSEN/Ensup-priv/HA/016-2017 1. Licence génie civil; 2. Licence architecture. HA-2018 RepSEN/Ensup-priv/HA/055-2018 1. Licence en sécurité des systèmes informatiques de l'entreprise; 2. Licence en réseaux et systèmes d'information de l'entreprise. 1. Licence professionnelle en travaux publics; 2. Licence professionnelle en management. 1. Licence management, option: management du tourisme et de l'hôtellerie; 2. Licence marketing-communication, option: marketing-communication; 3. Master monnaie, banque, finance, assurance, option: banque-finance.",97,Audit et Contrôle de Gestion,name
"Licence en électrotechnique, électromécanique, froid et climatisation; 16. Licence en génie civil. 17. Master en administration des affaires; 18. Master en banque et ingénierie financière; 19. Master en commerce international et marketing; 20. Master en ingénierie de projets internationaux; 21. Master en administration des ressources humaines; 22. Master en audit et contrôle de gestion; 23. Master en transport logistique; 24. Master en électrotechnique. 25. Diplôme d'ingénieur de conception (DIC, Bac+5) en électronique industrielle; 26. Diplôme d'ingénieur de conception (DIC, Bac+5) en informatique industrielle; 27. Diplôme d'ingénieur de conception (DIC, Bac+5) en informatique et électronique Industrielle; 28. Diplôme d'ingénieur de conception (DIC, Bac+5) en informatique de gestion; 29. Diplôme d'ingénieur de conception (DIC, Bac+5) en froid et climatisation; 30. Diplôme d'ingénieur de conception (DIC, Bac+5) en électrotechnique, électromécanique, froid et climatisation; 31. Diplôme d'ingénieur de conception (DIC, Bac+5) en génie civil. HA-2017 RepSEN/Ensup-priv/HA/016-2017 1. Licence génie civil; 2. Licence architecture. HA-2018 RepSEN/Ensup-priv/HA/055-2018 1. Licence en sécurité des systèmes informatiques de l'entreprise; 2. Licence en réseaux et systèmes d'information de l'entreprise. 1. Licence professionnelle en travaux publics; 2. Licence professionnelle en management. 1. Licence management, option: management du tourisme et de l'hôtellerie; 2. Licence marketing-communication, option: marketing-communication; 3. Master monnaie, banque, finance, assurance, option: banque-finance.",112,Administration des Affaires,name
"Licence en électrotechnique, électromécanique, froid et climatisation; 16. Licence en génie civil. 17. Master en administration des affaires; 18. Master en banque et ingénierie financière; 19. Master en commerce international et marketing; 20. Master en ingénierie de projets internationaux; 21. Master en administration des ressources humaines; 22. Master en audit et contrôle de gestion; 23. Master en transport logistique; 24. Master en électrotechnique. 25. Diplôme d'ingénieur de conception (DIC, Bac+5) en électronique industrielle; 26. Diplôme d'ingénieur de conception (DIC, Bac+5) en informatique industrielle; 27. Diplôme d'ingénieur de conception (DIC, Bac+5) en informatique et électronique Industrielle; 28. Diplôme d'ingénieur de conception (DIC, Bac+5) en informatique de gestion; 29. Diplôme d'ingénieur de conception (DIC, Bac+5) en froid et climatisation; 30. Diplôme d'ingénieur de conception (DIC, Bac+5) en électrotechnique, électromécanique, froid et climatisation; 31. Diplôme d'ingénieur de conception (DIC, Bac+5) en génie civil. HA-2017 RepSEN/Ensup-priv/HA/016-2017 1. Licence génie civil; 2. Licence architecture. HA-2018 RepSEN/Ensup-priv/HA/055-2018 1. Licence en sécurité des systèmes informatiques de l'entreprise; 2. Licence en réseaux et systèmes d'information de l'entreprise. 1. Licence professionnelle en travaux publics; 2. Licence professionnelle en management. 1. Licence management, option: management du tourisme et de l'hôtellerie; 2. Licence marketing-communication, option: marketing-communication; 3. Master monnaie, banque, finance, assurance, option: banque-finance.",113,Architecture,name
"Licence en électrotechnique, électromécanique, froid et climatisation; 16. Licence en génie civil. 17. Master en administration des affaires; 18. Master en banque et ingénierie financière; 19. Master en commerce international et marketing; 20. Master en ingénierie de projets internationaux; 21. Master en administration des ressources humaines; 22. Master en audit et contrôle de gestion; 23. Master en transport logistique; 24. Master en électrotechnique. 25. Diplôme d'ingénieur de conception (DIC, Bac+5) en électronique industrielle; 26. Diplôme d'ingénieur de conception (DIC, Bac+5) en informatique industrielle; 27. Diplôme d'ingénieur de conception (DIC, Bac+5) en informatique et électronique Industrielle; 28. Diplôme d'ingénieur de conception (DIC, Bac+5) en informatique de gestion; 29. Diplôme d'ingénieur de conception (DIC, Bac+5) en froid et climatisation; 30. Diplôme d'ingénieur de conception (DIC, Bac+5) en électrotechnique, électromécanique, froid et climatisation; 31. Diplôme d'ingénieur de conception (DIC, Bac+5) en génie civil. HA-2017 RepSEN/Ensup-priv/HA/016-2017 1. Licence génie civil; 2. Licence architecture. HA-2018 RepSEN/Ensup-priv/HA/055-2018 1. Licence en sécurité des systèmes informatiques de l'entreprise; 2. Licence en réseaux et systèmes d'information de l'entreprise. 1. Licence professionnelle en travaux publics; 2. Licence professionnelle en management. 1. Licence management, option: management du tourisme et de l'hôtellerie; 2. Licence marketing-communication, option: marketing-communication; 3. Master monnaie, banque, finance, assurance, option: banque-finance.",118,Ingénierie Financière,name
"Licence en électrotechnique, électromécanique, froid et climatisation; 16. Licence en génie civil. 17. Master en administration des affaires; 18. Master en banque et ingénierie financière; 19. Master en commerce international et marketing; 20. Master en ingénierie de projets internationaux; 21. Master en administration des ressources humaines; 22. Master en audit et contrôle de gestion; 23. Master en transport logistique; 24. Master en électrotechnique. 25. Diplôme d'ingénieur de conception (DIC, Bac+5) en électronique industrielle; 26. Diplôme d'ingénieur de conception (DIC, Bac+5) en informatique industrielle; 27. Diplôme d'ingénieur de conception (DIC, Bac+5) en informatique et électronique Industrielle; 28. Diplôme d'ingénieur de conception (DIC, Bac+5) en informatique de gestion; 29. Diplôme d'ingénieur de conception (DIC, Bac+5) en froid et climatisation; 30. Diplôme d'ingénieur de conception (DIC, Bac+5) en électrotechnique, électromécanique, froid et climatisation; 31. Diplôme d'ingénieur de conception (DIC, Bac+5) en génie civil. HA-2017 RepSEN/Ensup-priv/HA/016-2017 1. Licence génie civil; 2. Licence architecture. HA-2018 RepSEN/Ensup-priv/HA/055-2018 1. Licence en sécurité des systèmes informatiques de l'entreprise; 2. Licence en réseaux et systèmes d'information de l'entreprise. 1. Licence professionnelle en travaux publics; 2. Licence professionnelle en management. 1. Licence management, option: management du tourisme et de l'hôtellerie; 2. Licence marketing-communication, option: marketing-communication; 3. Master monnaie, banque, finance, assurance, option: banque-finance.",121,Communication,name
"Licence en électrotechnique, électromécanique, froid et climatisation; 16. Licence en génie civil. 17. Master en administration des affaires; 18. Master en banque et ingénierie financière; 19. Master en commerce international et marketing; 20. Master en ingénierie de projets internationaux; 21. Master en administration des ressources humaines; 22. Master en audit et contrôle de gestion; 23. Master en transport logistique; 24. Master en électrotechnique. 25. Diplôme d'ingénieur de conception (DIC, Bac+5) en électronique industrielle; 26. Diplôme d'ingénieur de conception (DIC, Bac+5) en informatique industrielle; 27. Diplôme d'ingénieur de conception (DIC, Bac+5) en informatique et électronique Industrielle; 28. Diplôme d'ingénieur de conception (DIC, Bac+5) en informatique de gestion; 29. Diplôme d'ingénieur de conception (DIC, Bac+5) en froid et climatisation; 30. Diplôme d'ingénieur de conception (DIC, Bac+5) en électrotechnique, électromécanique, froid et climatisation; 31. Diplôme d'ingénieur de conception (DIC, Bac+5) en génie civil. HA-2017 RepSEN/Ensup-priv/HA/016-2017 1. Licence génie civil; 2. Licence architecture. HA-2018 RepSEN/Ensup-priv/HA/055-2018 1. Licence en sécurité des systèmes informatiques de l'entreprise; 2. Licence en réseaux et systèmes d'information de l'entreprise. 1. Licence professionnelle en travaux publics; 2. Licence professionnelle en management. 1. Licence management, option: management du tourisme et de l'hôtellerie; 2. Licence marketing-communication, option: marketing-communication; 3. Master monnaie, banque, finance, assurance, option: banque-finance.",177,Travaux Publics,name
"Licence en management de projets; 2. Licence en animation polyvalente du développement; 3. Licence en management des organisations; 4. Master en management des organisations; 5. Master en management de projets; 6. Master en animation polyvalente du développement; 7. Master en management des services sociaux. HA- 2021 RepSEN/Ensup-priv/HA/071-2021 1. Licence en gestion, option: banque-finance- assurance; 2. Licence en gestion, option: finances et comptabilité publiques; 3. Licence en gestion, option: finances - comptabilité; 4. Licence en gestion, option: méthodes quantitatives appliquées à la gestion; 5. Licence en gestion, option: finance - marketing. 6. Licence de mathématiques appliquées, option: finance - assurance 7. Master en finances et gestion publiques; 8. Master en ingénierie financière; 9. Master en audit et contrôle de gestion; 10 Master en fiscalité; 11. Master en banque finance internationale; 12. Master en modélisation économique et financière; 13. Master en finance islamique; 14. Master en analyse financière; 15. Master en microfinance appliquée; 16. Master en actuariat; 17. Master en finance d'entreprise; 18. Master en management des organisations; 19. Master en management des ressources humaines, d'audit et d'expertise sociale. 1. Master en management du développement décentralisé. 1. Master en finance et négoce internationale; 2. Master marketing bancaire et financier 3. Master banque finance assurance; 4. Master ingénierie financière et finance d'entreprise; 5. Master of business administration.",5,Gestion,name
"Licence en management de projets; 2. Licence en animation polyvalente du développement; 3. Licence en management des organisations; 4. Master en management des organisations; 5. Master en management de projets; 6. Master en animation polyvalente du développement; 7. Master en management des services sociaux. HA- 2021 RepSEN/Ensup-priv/HA/071-2021 1. Licence en gestion, option: banque-finance- assurance; 2. Licence en gestion, option: finances et comptabilité publiques; 3. Licence en gestion, option: finances - comptabilité; 4. Licence en gestion, option: méthodes quantitatives appliquées à la gestion; 5. Licence en gestion, option: finance - marketing. 6. Licence de mathématiques appliquées, option: finance - assurance 7. Master en finances et gestion publiques; 8. Master en ingénierie financière; 9. Master en audit et contrôle de gestion; 10 Master en fiscalité; 11. Master en banque finance internationale; 12. Master en modélisation économique et financière; 13. Master en finance islamique; 14. Master en analyse financière; 15. Master en microfinance appliquée; 16. Master en actuariat; 17. Master en finance d'entreprise; 18. Master en management des organisations; 19. Master en management des ressources humaines, d'audit et d'expertise sociale. 1. Master en management du développement décentralisé. 1. Master en finance et négoce internationale; 2. Master marketing bancaire et financier 3. Master banque finance assurance; 4. Master ingénierie financière et finance d'entreprise; 5. Master of business administration.",7,Marketing,name
"Licence en management de projets; 2. Licence en animation polyvalente du développement; 3. Licence en management des organisations; 4. Master en management des organisations; 5. Master en management de projets; 6. Master en animation polyvalente du développement; 7. Master en management des services sociaux. HA- 2021 RepSEN/Ensup-priv/HA/071-2021 1. Licence en gestion, option: banque-finance- assurance; 2. Licence en gestion, option: finances et comptabilité publiques; 3. Licence en gestion, option: finances - comptabilité; 4. Licence en gestion, option: méthodes quantitatives appliquées à la gestion; 5. Licence en gestion, option: finance - marketing. 6. Licence de mathématiques appliquées, option: finance - assurance 7. Master en finances et gestion publiques; 8. Master en ingénierie financière; 9. Master en audit et contrôle de gestion; 10 Master en fiscalité; 11. Master en banque finance internationale; 12. Master en modélisation économique et financière; 13. Master en finance islamique; 14. Master en analyse financière; 15. Master en microfinance appliquée; 16. Master en actuariat; 17. Master en finance d'entreprise; 18. Master en management des organisations; 19. Master en management des ressources humaines, d'audit et d'expertise sociale. 1. Master en management du développement décentralisé. 1. Master en finance et négoce internationale; 2. Master marketing bancaire et financier 3. Master banque finance assurance; 4. Master ingénierie financière et finance d'entreprise; 5. Master of business administration.",64,Management,name
"Licence en management de projets; 2. Licence en animation polyvalente du développement; 3. Licence en management des organisations; 4. Master en management des organisations; 5. Master en management de projets; 6. Master en animation polyvalente du développement; 7. Master en management des services sociaux. HA- 2021 RepSEN/Ensup-priv/HA/071-2021 1. Licence en gestion, option: banque-finance- assurance; 2. Licence en gestion, option: finances et comptabilité publiques; 3. Licence en gestion, option: finances - comptabilité; 4. Licence en gestion, option: méthodes quantitatives appliquées à la gestion; 5. Licence en gestion, option: finance - marketing. 6. Licence de mathématiques appliquées, option: finance - assurance 7. Master en finances et gestion publiques; 8. Master en ingénierie financière; 9. Master en audit et contrôle de gestion; 10 Master en fiscalité; 11. Master en banque finance internationale; 12. Master en modélisation économique et financière; 13. Master en finance islamique; 14. Master en analyse financière; 15. Master en microfinance appliquée; 16. Master en actuariat; 17. Master en finance d'entreprise; 18. Master en management des organisations; 19. Master en management des ressources humaines, d'audit et d'expertise sociale. 1. Master en management du développement décentralisé. 1. Master en finance et négoce internationale; 2. Master marketing bancaire et financier 3. Master banque finance assurance; 4. Master ingénierie financière et finance d'entreprise; 5. Master of business administration.",75,Management de projet,name
"Licence en management de projets; 2. Licence en animation polyvalente du développement; 3. Licence en management des organisations; 4. Master en management des organisations; 5. Master en management de projets; 6. Master en animation polyvalente du développement; 7. Master en management des services sociaux. HA- 2021 RepSEN/Ensup-priv/HA/071-2021 1. Licence en gestion, option: banque-finance- assurance; 2. Licence en gestion, option: finances et comptabilité publiques; 3. Licence en gestion, option: finances - comptabilité; 4. Licence en gestion, option: méthodes quantitatives appliquées à la gestion; 5. Licence en gestion, option: finance - marketing. 6. Licence de mathématiques appliquées, option: finance - assurance 7. Master en finances et gestion publiques; 8. Master en ingénierie financière; 9. Master en audit et contrôle de gestion; 10 Master en fiscalité; 11. Master en banque finance internationale; 12. Master en modélisation économique et financière; 13. Master en finance islamique; 14. Master en analyse financière; 15. Master en microfinance appliquée; 16. Master en actuariat; 17. Master en finance d'entreprise; 18. Master en management des organisations; 19. Master en management des ressources humaines, d'audit et d'expertise sociale. 1. Master en management du développement décentralisé. 1. Master en finance et négoce internationale; 2. Master marketing bancaire et financier 3. Master banque finance assurance; 4. Master ingénierie financière et finance d'entreprise; 5. Master of business administration.",80,Management des organisations,name
"Licence en management de projets; 2. Licence en animation polyvalente du développement; 3. Licence en management des organisations; 4. Master en management des organisations; 5. Master en management de projets; 6. Master en animation polyvalente du développement; 7. Master en management des services sociaux. HA- 2021 RepSEN/Ensup-priv/HA/071-2021 1. Licence en gestion, option: banque-finance- assurance; 2. Licence en gestion, option: finances et comptabilité publiques; 3. Licence en gestion, option: finances - comptabilité; 4. Licence en gestion, option: méthodes quantitatives appliquées à la gestion; 5. Licence en gestion, option: finance - marketing. 6. Licence de mathématiques appliquées, option: finance - assurance 7. Master en finances et gestion publiques; 8. Master en ingénierie financière; 9. Master en audit et contrôle de gestion; 10 Master en fiscalité; 11. Master en banque finance internationale; 12. Master en modélisation économique et financière; 13. Master en finance islamique; 14. Master en analyse financière; 15. Master en microfinance appliquée; 16. Master en actuariat; 17. Master en finance d'entreprise; 18. Master en management des organisations; 19. Master en management des ressources humaines, d'audit et d'expertise sociale. 1. Master en management du développement décentralisé. 1. Master en finance et négoce internationale; 2. Master marketing bancaire et financier 3. Master banque finance assurance; 4. Master ingénierie financière et finance d'entreprise; 5. Master of business administration.",97,Audit et Contrôle de Gestion,name
"Licence en management de projets; 2. Licence en animation polyvalente du développement; 3. Licence en management des organisations; 4. Master en management des organisations; 5. Master en management de projets; 6. Master en animation polyvalente du développement; 7. Master en management des services sociaux. HA- 2021 RepSEN/Ensup-priv/HA/071-2021 1. Licence en gestion, option: banque-finance- assurance; 2. Licence en gestion, option: finances et comptabilité publiques; 3. Licence en gestion, option: finances - comptabilité; 4. Licence en gestion, option: méthodes quantitatives appliquées à la gestion; 5. Licence en gestion, option: finance - marketing. 6. Licence de mathématiques appliquées, option: finance - assurance 7. Master en finances et gestion publiques; 8. Master en ingénierie financière; 9. Master en audit et contrôle de gestion; 10 Master en fiscalité; 11. Master en banque finance internationale; 12. Master en modélisation économique et financière; 13. Master en finance islamique; 14. Master en analyse financière; 15. Master en microfinance appliquée; 16. Master en actuariat; 17. Master en finance d'entreprise; 18. Master en management des organisations; 19. Master en management des ressources humaines, d'audit et d'expertise sociale. 1. Master en management du développement décentralisé. 1. Master en finance et négoce internationale; 2. Master marketing bancaire et financier 3. Master banque finance assurance; 4. Master ingénierie financière et finance d'entreprise; 5. Master of business administration.",105,Comptabilité,name
"Licence en management de projets; 2. Licence en animation polyvalente du développement; 3. Licence en management des organisations; 4. Master en management des organisations; 5. Master en management de projets; 6. Master en animation polyvalente du développement; 7. Master en management des services sociaux. HA- 2021 RepSEN/Ensup-priv/HA/071-2021 1. Licence en gestion, option: banque-finance- assurance; 2. Licence en gestion, option: finances et comptabilité publiques; 3. Licence en gestion, option: finances - comptabilité; 4. Licence en gestion, option: méthodes quantitatives appliquées à la gestion; 5. Licence en gestion, option: finance - marketing. 6. Licence de mathématiques appliquées, option: finance - assurance 7. Master en finances et gestion publiques; 8. Master en ingénierie financière; 9. Master en audit et contrôle de gestion; 10 Master en fiscalité; 11. Master en banque finance internationale; 12. Master en modélisation économique et financière; 13. Master en finance islamique; 14. Master en analyse financière; 15. Master en microfinance appliquée; 16. Master en actuariat; 17. Master en finance d'entreprise; 18. Master en management des organisations; 19. Master en management des ressources humaines, d'audit et d'expertise sociale. 1. Master en management du développement décentralisé. 1. Master en finance et négoce internationale; 2. Master marketing bancaire et financier 3. Master banque finance assurance; 4. Master ingénierie financière et finance d'entreprise; 5. Master of business administration.",108,Actuariat,name
"Licence en management de projets; 2. Licence en animation polyvalente du développement; 3. Licence en management des organisations; 4. Master en management des organisations; 5. Master en management de projets; 6. Master en animation polyvalente du développement; 7. Master en management des services sociaux. HA- 2021 RepSEN/Ensup-priv/HA/071-2021 1. Licence en gestion, option: banque-finance- assurance; 2. Licence en gestion, option: finances et comptabilité publiques; 3. Licence en gestion, option: finances - comptabilité; 4. Licence en gestion, option: méthodes quantitatives appliquées à la gestion; 5. Licence en gestion, option: finance - marketing. 6. Licence de mathématiques appliquées, option: finance - assurance 7. Master en finances et gestion publiques; 8. Master en ingénierie financière; 9. Master en audit et contrôle de gestion; 10 Master en fiscalité; 11. Master en banque finance internationale; 12. Master en modélisation économique et financière; 13. Master en finance islamique; 14. Master en analyse financière; 15. Master en microfinance appliquée; 16. Master en actuariat; 17. Master en finance d'entreprise; 18. Master en management des organisations; 19. Master en management des ressources humaines, d'audit et d'expertise sociale. 1. Master en management du développement décentralisé. 1. Master en finance et négoce internationale; 2. Master marketing bancaire et financier 3. Master banque finance assurance; 4. Master ingénierie financière et finance d'entreprise; 5. Master of business administration.",114,Mathématiques Appliquées,name
"Licence en management de projets; 2. Licence en animation polyvalente du développement; 3. Licence en management des organisations; 4. Master en management des organisations; 5. Master en management de projets; 6. Master en animation polyvalente du développement; 7. Master en management des services sociaux. HA- 2021 RepSEN/Ensup-priv/HA/071-2021 1. Licence en gestion, option: banque-finance- assurance; 2. Licence en gestion, option: finances et comptabilité publiques; 3. Licence en gestion, option: finances - comptabilité; 4. Licence en gestion, option: méthodes quantitatives appliquées à la gestion; 5. Licence en gestion, option: finance - marketing. 6. Licence de mathématiques appliquées, option: finance - assurance 7. Master en finances et gestion publiques; 8. Master en ingénierie financière; 9. Master en audit et contrôle de gestion; 10 Master en fiscalité; 11. Master en banque finance internationale; 12. Master en modélisation économique et financière; 13. Master en finance islamique; 14. Master en analyse financière; 15. Master en microfinance appliquée; 16. Master en actuariat; 17. Master en finance d'entreprise; 18. Master en management des organisations; 19. Master en management des ressources humaines, d'audit et d'expertise sociale. 1. Master en management du développement décentralisé. 1. Master en finance et négoce internationale; 2. Master marketing bancaire et financier 3. Master banque finance assurance; 4. Master ingénierie financière et finance d'entreprise; 5. Master of business administration.",117,Fiscalité,name
"Licence en management de projets; 2. Licence en animation polyvalente du développement; 3. Licence en management des organisations; 4. Master en management des organisations; 5. Master en management de projets; 6. Master en animation polyvalente du développement; 7. Master en management des services sociaux. HA- 2021 RepSEN/Ensup-priv/HA/071-2021 1. Licence en gestion, option: banque-finance- assurance; 2. Licence en gestion, option: finances et comptabilité publiques; 3. Licence en gestion, option: finances - comptabilité; 4. Licence en gestion, option: méthodes quantitatives appliquées à la gestion; 5. Licence en gestion, option: finance - marketing. 6. Licence de mathématiques appliquées, option: finance - assurance 7. Master en finances et gestion publiques; 8. Master en ingénierie financière; 9. Master en audit et contrôle de gestion; 10 Master en fiscalité; 11. Master en banque finance internationale; 12. Master en modélisation économique et financière; 13. Master en finance islamique; 14. Master en analyse financière; 15. Master en microfinance appliquée; 16. Master en actuariat; 17. Master en finance d'entreprise; 18. Master en management des organisations; 19. Master en management des ressources humaines, d'audit et d'expertise sociale. 1. Master en management du développement décentralisé. 1. Master en finance et négoce internationale; 2. Master marketing bancaire et financier 3. Master banque finance assurance; 4. Master ingénierie financière et finance d'entreprise; 5. Master of business administration.",118,Ingénierie Financière,name
"Licence en management de projets; 2. Licence en animation polyvalente du développement; 3. Licence en management des organisations; 4. Master en management des organisations; 5. Master en management de projets; 6. Master en animation polyvalente du développement; 7. Master en management des services sociaux. HA- 2021 RepSEN/Ensup-priv/HA/071-2021 1. Licence en gestion, option: banque-finance- assurance; 2. Licence en gestion, option: finances et comptabilité publiques; 3. Licence en gestion, option: finances - comptabilité; 4. Licence en gestion, option: méthodes quantitatives appliquées à la gestion; 5. Licence en gestion, option: finance - marketing. 6. Licence de mathématiques appliquées, option: finance - assurance 7. Master en finances et gestion publiques; 8. Master en ingénierie financière; 9. Master en audit et contrôle de gestion; 10 Master en fiscalité; 11. Master en banque finance internationale; 12. Master en modélisation économique et financière; 13. Master en finance islamique; 14. Master en analyse financière; 15. Master en microfinance appliquée; 16. Master en actuariat; 17. Master en finance d'entreprise; 18. Master en management des organisations; 19. Master en management des ressources humaines, d'audit et d'expertise sociale. 1. Master en management du développement décentralisé. 1. Master en finance et négoce internationale; 2. Master marketing bancaire et financier 3. Master banque finance assurance; 4. Master ingénierie financière et finance d'entreprise; 5. Master of business administration.",131,Microfinance,name
"Licence en management de projets; 2. Licence en animation polyvalente du développement; 3. Licence en management des organisations; 4. Master en management des organisations; 5. Master en management de projets; 6. Master en animation polyvalente du développement; 7. Master en management des services sociaux. HA- 2021 RepSEN/Ensup-priv/HA/071-2021 1. Licence en gestion, option: banque-finance- assurance; 2. Licence en gestion, option: finances et comptabilité publiques; 3. Licence en gestion, option: finances - comptabilité; 4. Licence en gestion, option: méthodes quantitatives appliquées à la gestion; 5. Licence en gestion, option: finance - marketing. 6. Licence de mathématiques appliquées, option: finance - assurance 7. Master en finances et gestion publiques; 8. Master en ingénierie financière; 9. Master en audit et contrôle de gestion; 10 Master en fiscalité; 11. Master en banque finance internationale; 12. Master en modélisation économique et financière; 13. Master en finance islamique; 14. Master en analyse financière; 15. Master en microfinance appliquée; 16. Master en actuariat; 17. Master en finance d'entreprise; 18. Master en management des organisations; 19. Master en management des ressources humaines, d'audit et d'expertise sociale. 1. Master en management du développement décentralisé. 1. Master en finance et négoce internationale; 2. Master marketing bancaire et financier 3. Master banque finance assurance; 4. Master ingénierie financière et finance d'entreprise; 5. Master of business administration.",153,Mathématiques,name
"Licence professionnelle en informatique appliquée à la gestion des entreprises; 2. Licence professionnelle en infographie; 3. Licence professionnelle en génie logiciel; 4. Licence professionnelle en multimédia; 5. Licence professionnelle en réseaux informatiques; 6. Licence professionnelle en réseaux télécommunications; 7. Licence professionnelle en maintenance informatique; 8. Licence professionnelle en comptabilité-finance; 9. Licence professionnelle en banque, finance, assurance; 10. Licence professionnelle en assistanat de direction; 11. Licence professionnelle en commerce international; 12. Master professionnel en génie logiciel; 13. Master professionnel en réseaux et systèmes informatiques; 14. Master professionnel en réseaux télécommunications; 15. Master en cryptographie et sécurité informatique; 16. Master professionnel en finance; 17. Diplôme d'ingénieur en technique informatique (Bac+5). Institut Supérieur d'Ingénierie et de Formation (ISIF) HA-2020 RepSEN/Ensup-priv/HA/063-2020 1. Licence en management de projets; 2. Licence en administration des entreprises; 3. Licence en commerce international; 4. Licence en transport maritime; 5. Licence en carrières juridiques; 6. Licence en gestion des ressources humaines; 7. Licence en banque et finance; 8. Licence en assistanat de direction; 1. Licence en banque et assurance; 2. Master en gestion des ressources humaines; 3. Master en commerce international; 4. Master en transport maritime; 5. Master en administration des entreprises; 6. Master en carrières juridiques; 7. Master en assistanat de direction; 8. Master en marketing/vente; 9. Master en banque et assurance; 10. Master en management de projets;",1,Informatique,name
"Licence professionnelle en informatique appliquée à la gestion des entreprises; 2. Licence professionnelle en infographie; 3. Licence professionnelle en génie logiciel; 4. Licence professionnelle en multimédia; 5. Licence professionnelle en réseaux informatiques; 6. Licence professionnelle en réseaux télécommunications; 7. Licence professionnelle en maintenance informatique; 8. Licence professionnelle en comptabilité-finance; 9. Licence professionnelle en banque, finance, assurance; 10. Licence professionnelle en assistanat de direction; 11. Licence professionnelle en commerce international; 12. Master professionnel en génie logiciel; 13. Master professionnel en réseaux et systèmes informatiques; 14. Master professionnel en réseaux télécommunications; 15. Master en cryptographie et sécurité informatique; 16. Master professionnel en finance; 17. Diplôme d'ingénieur en technique informatique (Bac+5). Institut Supérieur d'Ingénierie et de Formation (ISIF) HA-2020 RepSEN/Ensup-priv/HA/063-2020 1. Licence en management de projets; 2. Licence en administration des entreprises; 3. Licence en commerce international; 4. Licence en transport maritime; 5. Licence en carrières juridiques; 6. Licence en gestion des ressources humaines; 7. Licence en banque et finance; 8. Licence en assistanat de direction; 1. Licence en banque et assurance; 2. Master en gestion des ressources humaines; 3. Master en commerce international; 4. Master en transport maritime; 5. Master en administration des entreprises; 6. Master en carrières juridiques; 7. Master en assistanat de direction; 8. Master en marketing/vente; 9. Master en banque et assurance; 10. Master en management de projets;",5,Gestion,name
"Licence professionnelle en informatique appliquée à la gestion des entreprises; 2. Licence professionnelle en infographie; 3. Licence professionnelle en génie logiciel; 4. Licence professionnelle en multimédia; 5. Licence professionnelle en réseaux informatiques; 6. Licence professionnelle en réseaux télécommunications; 7. Licence professionnelle en maintenance informatique; 8. Licence professionnelle en comptabilité-finance; 9. Licence professionnelle en banque, finance, assurance; 10. Licence professionnelle en assistanat de direction; 11. Licence professionnelle en commerce international; 12. Master professionnel en génie logiciel; 13. Master professionnel en réseaux et systèmes informatiques; 14. Master professionnel en réseaux télécommunications; 15. Master en cryptographie et sécurité informatique; 16. Master professionnel en finance; 17. Diplôme d'ingénieur en technique informatique (Bac+5). Institut Supérieur d'Ingénierie et de Formation (ISIF) HA-2020 RepSEN/Ensup-priv/HA/063-2020 1. Licence en management de projets; 2. Licence en administration des entreprises; 3. Licence en commerce international; 4. Licence en transport maritime; 5. Licence en carrières juridiques; 6. Licence en gestion des ressources humaines; 7. Licence en banque et finance; 8. Licence en assistanat de direction; 1. Licence en banque et assurance; 2. Master en gestion des ressources humaines; 3. Master en commerce international; 4. Master en transport maritime; 5. Master en administration des entreprises; 6. Master en carrières juridiques; 7. Master en assistanat de direction; 8. Master en marketing/vente; 9. Master en banque et assurance; 10. Master en management de projets;",7,Marketing,name
"Licence professionnelle en informatique appliquée à la gestion des entreprises; 2. Licence professionnelle en infographie; 3. Licence professionnelle en génie logiciel; 4. Licence professionnelle en multimédia; 5. Licence professionnelle en réseaux informatiques; 6. Licence professionnelle en réseaux télécommunications; 7. Licence professionnelle en maintenance informatique; 8. Licence professionnelle en comptabilité-finance; 9. Licence professionnelle en banque, finance, assurance; 10. Licence professionnelle en assistanat de direction; 11. Licence professionnelle en commerce international; 12. Master professionnel en génie logiciel; 13. Master professionnel en réseaux et systèmes informatiques; 14. Master professionnel en réseaux télécommunications; 15. Master en cryptographie et sécurité informatique; 16. Master professionnel en finance; 17. Diplôme d'ingénieur en technique informatique (Bac+5). Institut Supérieur d'Ingénierie et de Formation (ISIF) HA-2020 RepSEN/Ensup-priv/HA/063-2020 1. Licence en management de projets; 2. Licence en administration des entreprises; 3. Licence en commerce international; 4. Licence en transport maritime; 5. Licence en carrières juridiques; 6. Licence en gestion des ressources humaines; 7. Licence en banque et finance; 8. Licence en assistanat de direction; 1. Licence en banque et assurance; 2. Master en gestion des ressources humaines; 3. Master en commerce international; 4. Master en transport maritime; 5. Master en administration des entreprises; 6. Master en carrières juridiques; 7. Master en assistanat de direction; 8. Master en marketing/vente; 9. Master en banque et assurance; 10. Master en management de projets;",9,Génie Logiciel,name
"Licence professionnelle en informatique appliquée à la gestion des entreprises; 2. Licence professionnelle en infographie; 3. Licence professionnelle en génie logiciel; 4. Licence professionnelle en multimédia; 5. Licence professionnelle en réseaux informatiques; 6. Licence professionnelle en réseaux télécommunications; 7. Licence professionnelle en maintenance informatique; 8. Licence professionnelle en comptabilité-finance; 9. Licence professionnelle en banque, finance, assurance; 10. Licence professionnelle en assistanat de direction; 11. Licence professionnelle en commerce international; 12. Master professionnel en génie logiciel; 13. Master professionnel en réseaux et systèmes informatiques; 14. Master professionnel en réseaux télécommunications; 15. Master en cryptographie et sécurité informatique; 16. Master professionnel en finance; 17. Diplôme d'ingénieur en technique informatique (Bac+5). Institut Supérieur d'Ingénierie et de Formation (ISIF) HA-2020 RepSEN/Ensup-priv/HA/063-2020 1. Licence en management de projets; 2. Licence en administration des entreprises; 3. Licence en commerce international; 4. Licence en transport maritime; 5. Licence en carrières juridiques; 6. Licence en gestion des ressources humaines; 7. Licence en banque et finance; 8. Licence en assistanat de direction; 1. Licence en banque et assurance; 2. Master en gestion des ressources humaines; 3. Master en commerce international; 4. Master en transport maritime; 5. Master en administration des entreprises; 6. Master en carrières juridiques; 7. Master en assistanat de direction; 8. Master en marketing/vente; 9. Master en banque et assurance; 10. Master en management de projets;",64,Management,name
"Licence professionnelle en informatique appliquée à la gestion des entreprises; 2. Licence professionnelle en infographie; 3. Licence professionnelle en génie logiciel; 4. Licence professionnelle en multimédia; 5. Licence professionnelle en réseaux informatiques; 6. Licence professionnelle en réseaux télécommunications; 7. Licence professionnelle en maintenance informatique; 8. Licence professionnelle en comptabilité-finance; 9. Licence professionnelle en banque, finance, assurance; 10. Licence professionnelle en assistanat de direction; 11. Licence professionnelle en commerce international; 12. Master professionnel en génie logiciel; 13. Master professionnel en réseaux et systèmes informatiques; 14. Master professionnel en réseaux télécommunications; 15. Master en cryptographie et sécurité informatique; 16. Master professionnel en finance; 17. Diplôme d'ingénieur en technique informatique (Bac+5). Institut Supérieur d'Ingénierie et de Formation (ISIF) HA-2020 RepSEN/Ensup-priv/HA/063-2020 1. Licence en management de projets; 2. Licence en administration des entreprises; 3. Licence en commerce international; 4. Licence en transport maritime; 5. Licence en carrières juridiques; 6. Licence en gestion des ressources humaines; 7. Licence en banque et finance; 8. Licence en assistanat de direction; 1. Licence en banque et assurance; 2. Master en gestion des ressources humaines; 3. Master en commerce international; 4. Master en transport maritime; 5. Master en administration des entreprises; 6. Master en carrières juridiques; 7. Master en assistanat de direction; 8. Master en marketing/vente; 9. Master en banque et assurance; 10. Master en management de projets;",68,Gestion des ressources humaines,name
"Licence professionnelle en informatique appliquée à la gestion des entreprises; 2. Licence professionnelle en infographie; 3. Licence professionnelle en génie logiciel; 4. Licence professionnelle en multimédia; 5. Licence professionnelle en réseaux informatiques; 6. Licence professionnelle en réseaux télécommunications; 7. Licence professionnelle en maintenance informatique; 8. Licence professionnelle en comptabilité-finance; 9. Licence professionnelle en banque, finance, assurance; 10. Licence professionnelle en assistanat de direction; 11. Licence professionnelle en commerce international; 12. Master professionnel en génie logiciel; 13. Master professionnel en réseaux et systèmes informatiques; 14. Master professionnel en réseaux télécommunications; 15. Master en cryptographie et sécurité informatique; 16. Master professionnel en finance; 17. Diplôme d'ingénieur en technique informatique (Bac+5). Institut Supérieur d'Ingénierie et de Formation (ISIF) HA-2020 RepSEN/Ensup-priv/HA/063-2020 1. Licence en management de projets; 2. Licence en administration des entreprises; 3. Licence en commerce international; 4. Licence en transport maritime; 5. Licence en carrières juridiques; 6. Licence en gestion des ressources humaines; 7. Licence en banque et finance; 8. Licence en assistanat de direction; 1. Licence en banque et assurance; 2. Master en gestion des ressources humaines; 3. Master en commerce international; 4. Master en transport maritime; 5. Master en administration des entreprises; 6. Master en carrières juridiques; 7. Master en assistanat de direction; 8. Master en marketing/vente; 9. Master en banque et assurance; 10. Master en management de projets;",75,Management de projet,name
"Licence professionnelle en informatique appliquée à la gestion des entreprises; 2. Licence professionnelle en infographie; 3. Licence professionnelle en génie logiciel; 4. Licence professionnelle en multimédia; 5. Licence professionnelle en réseaux informatiques; 6. Licence professionnelle en réseaux télécommunications; 7. Licence professionnelle en maintenance informatique; 8. Licence professionnelle en comptabilité-finance; 9. Licence professionnelle en banque, finance, assurance; 10. Licence professionnelle en assistanat de direction; 11. Licence professionnelle en commerce international; 12. Master professionnel en génie logiciel; 13. Master professionnel en réseaux et systèmes informatiques; 14. Master professionnel en réseaux télécommunications; 15. Master en cryptographie et sécurité informatique; 16. Master professionnel en finance; 17. Diplôme d'ingénieur en technique informatique (Bac+5). Institut Supérieur d'Ingénierie et de Formation (ISIF) HA-2020 RepSEN/Ensup-priv/HA/063-2020 1. Licence en management de projets; 2. Licence en administration des entreprises; 3. Licence en commerce international; 4. Licence en transport maritime; 5. Licence en carrières juridiques; 6. Licence en gestion des ressources humaines; 7. Licence en banque et finance; 8. Licence en assistanat de direction; 1. Licence en banque et assurance; 2. Master en gestion des ressources humaines; 3. Master en commerce international; 4. Master en transport maritime; 5. Master en administration des entreprises; 6. Master en carrières juridiques; 7. Master en assistanat de direction; 8. Master en marketing/vente; 9. Master en banque et assurance; 10. Master en management de projets;",79,Commerce international,name
"Licence professionnelle en informatique appliquée à la gestion des entreprises; 2. Licence professionnelle en infographie; 3. Licence professionnelle en génie logiciel; 4. Licence professionnelle en multimédia; 5. Licence professionnelle en réseaux informatiques; 6. Licence professionnelle en réseaux télécommunications; 7. Licence professionnelle en maintenance informatique; 8. Licence professionnelle en comptabilité-finance; 9. Licence professionnelle en banque, finance, assurance; 10. Licence professionnelle en assistanat de direction; 11. Licence professionnelle en commerce international; 12. Master professionnel en génie logiciel; 13. Master professionnel en réseaux et systèmes informatiques; 14. Master professionnel en réseaux télécommunications; 15. Master en cryptographie et sécurité informatique; 16. Master professionnel en finance; 17. Diplôme d'ingénieur en technique informatique (Bac+5). Institut Supérieur d'Ingénierie et de Formation (ISIF) HA-2020 RepSEN/Ensup-priv/HA/063-2020 1. Licence en management de projets; 2. Licence en administration des entreprises; 3. Licence en commerce international; 4. Licence en transport maritime; 5. Licence en carrières juridiques; 6. Licence en gestion des ressources humaines; 7. Licence en banque et finance; 8. Licence en assistanat de direction; 1. Licence en banque et assurance; 2. Master en gestion des ressources humaines; 3. Master en commerce international; 4. Master en transport maritime; 5. Master en administration des entreprises; 6. Master en carrières juridiques; 7. Master en assistanat de direction; 8. Master en marketing/vente; 9. Master en banque et assurance; 10. Master en management de projets;",105,Comptabilité,name
"Licence professionnelle en informatique appliquée à la gestion des entreprises; 2. Licence professionnelle en infographie; 3. Licence professionnelle en génie logiciel; 4. Licence professionnelle en multimédia; 5. Licence professionnelle en réseaux informatiques; 6. Licence professionnelle en réseaux télécommunications; 7. Licence professionnelle en maintenance informatique; 8. Licence professionnelle en comptabilité-finance; 9. Licence professionnelle en banque, finance, assurance; 10. Licence professionnelle en assistanat de direction; 11. Licence professionnelle en commerce international; 12. Master professionnel en génie logiciel; 13. Master professionnel en réseaux et systèmes informatiques; 14. Master professionnel en réseaux télécommunications; 15. Master en cryptographie et sécurité informatique; 16. Master professionnel en finance; 17. Diplôme d'ingénieur en technique informatique (Bac+5). Institut Supérieur d'Ingénierie et de Formation (ISIF) HA-2020 RepSEN/Ensup-priv/HA/063-2020 1. Licence en management de projets; 2. Licence en administration des entreprises; 3. Licence en commerce international; 4. Licence en transport maritime; 5. Licence en carrières juridiques; 6. Licence en gestion des ressources humaines; 7. Licence en banque et finance; 8. Licence en assistanat de direction; 1. Licence en banque et assurance; 2. Master en gestion des ressources humaines; 3. Master en commerce international; 4. Master en transport maritime; 5. Master en administration des entreprises; 6. Master en carrières juridiques; 7. Master en assistanat de direction; 8. Master en marketing/vente; 9. Master en banque et assurance; 10. Master en management de projets;",107,Réseaux Informatiques,name
"Licence professionnelle en informatique appliquée à la gestion des entreprises; 2. Licence professionnelle en infographie; 3. Licence professionnelle en génie logiciel; 4. Licence professionnelle en multimédia; 5. Licence professionnelle en réseaux informatiques; 6. Licence professionnelle en réseaux télécommunications; 7. Licence professionnelle en maintenance informatique; 8. Licence professionnelle en comptabilité-finance; 9. Licence professionnelle en banque, finance, assurance; 10. Licence professionnelle en assistanat de direction; 11. Licence professionnelle en commerce international; 12. Master professionnel en génie logiciel; 13. Master professionnel en réseaux et systèmes informatiques; 14. Master professionnel en réseaux télécommunications; 15. Master en cryptographie et sécurité informatique; 16. Master professionnel en finance; 17. Diplôme d'ingénieur en technique informatique (Bac+5). Institut Supérieur d'Ingénierie et de Formation (ISIF) HA-2020 RepSEN/Ensup-priv/HA/063-2020 1. Licence en management de projets; 2. Licence en administration des entreprises; 3. Licence en commerce international; 4. Licence en transport maritime; 5. Licence en carrières juridiques; 6. Licence en gestion des ressources humaines; 7. Licence en banque et finance; 8. Licence en assistanat de direction; 1. Licence en banque et assurance; 2. Master en gestion des ressources humaines; 3. Master en commerce international; 4. Master en transport maritime; 5. Master en administration des entreprises; 6. Master en carrières juridiques; 7. Master en assistanat de direction; 8. Master en marketing/vente; 9. Master en banque et assurance; 10. Master en management de projets;",116,Maintenance Informatique,name
"Licence professionnelle en informatique appliquée à la gestion des entreprises; 2. Licence professionnelle en infographie; 3. Licence professionnelle en génie logiciel; 4. Licence professionnelle en multimédia; 5. Licence professionnelle en réseaux informatiques; 6. Licence professionnelle en réseaux télécommunications; 7. Licence professionnelle en maintenance informatique; 8. Licence professionnelle en comptabilité-finance; 9. Licence professionnelle en banque, finance, assurance; 10. Licence professionnelle en assistanat de direction; 11. Licence professionnelle en commerce international; 12. Master professionnel en génie logiciel; 13. Master professionnel en réseaux et systèmes informatiques; 14. Master professionnel en réseaux télécommunications; 15. Master en cryptographie et sécurité informatique; 16. Master professionnel en finance; 17. Diplôme d'ingénieur en technique informatique (Bac+5). Institut Supérieur d'Ingénierie et de Formation (ISIF) HA-2020 RepSEN/Ensup-priv/HA/063-2020 1. Licence en management de projets; 2. Licence en administration des entreprises; 3. Licence en commerce international; 4. Licence en transport maritime; 5. Licence en carrières juridiques; 6. Licence en gestion des ressources humaines; 7. Licence en banque et finance; 8. Licence en assistanat de direction; 1. Licence en banque et assurance; 2. Master en gestion des ressources humaines; 3. Master en commerce international; 4. Master en transport maritime; 5. Master en administration des entreprises; 6. Master en carrières juridiques; 7. Master en assistanat de direction; 8. Master en marketing/vente; 9. Master en banque et assurance; 10. Master en management de projets;",121,Communication,name
"Licence professionnelle en informatique appliquée à la gestion des entreprises; 2. Licence professionnelle en infographie; 3. Licence professionnelle en génie logiciel; 4. Licence professionnelle en multimédia; 5. Licence professionnelle en réseaux informatiques; 6. Licence professionnelle en réseaux télécommunications; 7. Licence professionnelle en maintenance informatique; 8. Licence professionnelle en comptabilité-finance; 9. Licence professionnelle en banque, finance, assurance; 10. Licence professionnelle en assistanat de direction; 11. Licence professionnelle en commerce international; 12. Master professionnel en génie logiciel; 13. Master professionnel en réseaux et systèmes informatiques; 14. Master professionnel en réseaux télécommunications; 15. Master en cryptographie et sécurité informatique; 16. Master professionnel en finance; 17. Diplôme d'ingénieur en technique informatique (Bac+5). Institut Supérieur d'Ingénierie et de Formation (ISIF) HA-2020 RepSEN/Ensup-priv/HA/063-2020 1. Licence en management de projets; 2. Licence en administration des entreprises; 3. Licence en commerce international; 4. Licence en transport maritime; 5. Licence en carrières juridiques; 6. Licence en gestion des ressources humaines; 7. Licence en banque et finance; 8. Licence en assistanat de direction; 1. Licence en banque et assurance; 2. Master en gestion des ressources humaines; 3. Master en commerce international; 4. Master en transport maritime; 5. Master en administration des entreprises; 6. Master en carrières juridiques; 7. Master en assistanat de direction; 8. Master en marketing/vente; 9. Master en banque et assurance; 10. Master en management de projets;",138,Assistanat de Direction,name
"Licence professionnelle en informatique appliquée à la gestion des entreprises; 2. Licence professionnelle en infographie; 3. Licence professionnelle en génie logiciel; 4. Licence professionnelle en multimédia; 5. Licence professionnelle en réseaux informatiques; 6. Licence professionnelle en réseaux télécommunications; 7. Licence professionnelle en maintenance informatique; 8. Licence professionnelle en comptabilité-finance; 9. Licence professionnelle en banque, finance, assurance; 10. Licence professionnelle en assistanat de direction; 11. Licence professionnelle en commerce international; 12. Master professionnel en génie logiciel; 13. Master professionnel en réseaux et systèmes informatiques; 14. Master professionnel en réseaux télécommunications; 15. Master en cryptographie et sécurité informatique; 16. Master professionnel en finance; 17. Diplôme d'ingénieur en technique informatique (Bac+5). Institut Supérieur d'Ingénierie et de Formation (ISIF) HA-2020 RepSEN/Ensup-priv/HA/063-2020 1. Licence en management de projets; 2. Licence en administration des entreprises; 3. Licence en commerce international; 4. Licence en transport maritime; 5. Licence en carrières juridiques; 6. Licence en gestion des ressources humaines; 7. Licence en banque et finance; 8. Licence en assistanat de direction; 1. Licence en banque et assurance; 2. Master en gestion des ressources humaines; 3. Master en commerce international; 4. Master en transport maritime; 5. Master en administration des entreprises; 6. Master en carrières juridiques; 7. Master en assistanat de direction; 8. Master en marketing/vente; 9. Master en banque et assurance; 10. Master en management de projets;",162,Télécommunications,name
Licence en management et administration des entreprises; 10. Licence en marketing/vente; 11. Licence en management; 12. Licence en transport et logistique; 13. Licence en marketing et gestion commerciale. HA-2018 1010/MESRI/ANAQ-Sup/SE/DIPriv/nmf 1. Licence de gestion (ex DSG); 2. Master in business administration (MBA)/management des projets (Bac+5); 3. Master in business administration (MBA)/ ingénierie financière (Bac+5); 4. Master in business administration (MBA)/ management des ressources humaines (Bac+5). HA-2018 1011/MESRI/ANAQ-Sup/SE/DIPriv/nmf 1. Licence de gestion (ex DSG); 2. Master in business administration (MBA)/management des projets (Bac+5); 3. Master in business administration (MBA)/ ingénierie financière (Bac+5); 4. Master in business administration (MBA)/ management des ressources humaines (Bac+5). 11. Master en transport et logistique; 12. Master en marketing et gestion commerciale; 13. Master en management; 14. Master en management et administration des entreprises. 1. Bachelor of sciences in business administration (Bac+3). 1. Bachelor of science in business administration (Bac+3). Institut Supérieur de Management Thiès (ISM THIES) HA-2018 388/MESRI/ANAQ-Sup/SE/nmf 1- Licence de gestion (ex DSG); 2- Bachelor of science in business administration (bac+3); 3- Master of science in business administration (BBA) (Bac+5).,5,Gestion,name
Licence en management et administration des entreprises; 10. Licence en marketing/vente; 11. Licence en management; 12. Licence en transport et logistique; 13. Licence en marketing et gestion commerciale. HA-2018 1010/MESRI/ANAQ-Sup/SE/DIPriv/nmf 1. Licence de gestion (ex DSG); 2. Master in business administration (MBA)/management des projets (Bac+5); 3. Master in business administration (MBA)/ ingénierie financière (Bac+5); 4. Master in business administration (MBA)/ management des ressources humaines (Bac+5). HA-2018 1011/MESRI/ANAQ-Sup/SE/DIPriv/nmf 1. Licence de gestion (ex DSG); 2. Master in business administration (MBA)/management des projets (Bac+5); 3. Master in business administration (MBA)/ ingénierie financière (Bac+5); 4. Master in business administration (MBA)/ management des ressources humaines (Bac+5). 11. Master en transport et logistique; 12. Master en marketing et gestion commerciale; 13. Master en management; 14. Master en management et administration des entreprises. 1. Bachelor of sciences in business administration (Bac+3). 1. Bachelor of science in business administration (Bac+3). Institut Supérieur de Management Thiès (ISM THIES) HA-2018 388/MESRI/ANAQ-Sup/SE/nmf 1- Licence de gestion (ex DSG); 2- Bachelor of science in business administration (bac+3); 3- Master of science in business administration (BBA) (Bac+5).,7,Marketing,name
Licence en management et administration des entreprises; 10. Licence en marketing/vente; 11. Licence en management; 12. Licence en transport et logistique; 13. Licence en marketing et gestion commerciale. HA-2018 1010/MESRI/ANAQ-Sup/SE/DIPriv/nmf 1. Licence de gestion (ex DSG); 2. Master in business administration (MBA)/management des projets (Bac+5); 3. Master in business administration (MBA)/ ingénierie financière (Bac+5); 4. Master in business administration (MBA)/ management des ressources humaines (Bac+5). HA-2018 1011/MESRI/ANAQ-Sup/SE/DIPriv/nmf 1. Licence de gestion (ex DSG); 2. Master in business administration (MBA)/management des projets (Bac+5); 3. Master in business administration (MBA)/ ingénierie financière (Bac+5); 4. Master in business administration (MBA)/ management des ressources humaines (Bac+5). 11. Master en transport et logistique; 12. Master en marketing et gestion commerciale; 13. Master en management; 14. Master en management et administration des entreprises. 1. Bachelor of sciences in business administration (Bac+3). 1. Bachelor of science in business administration (Bac+3). Institut Supérieur de Management Thiès (ISM THIES) HA-2018 388/MESRI/ANAQ-Sup/SE/nmf 1- Licence de gestion (ex DSG); 2- Bachelor of science in business administration (bac+3); 3- Master of science in business administration (BBA) (Bac+5).,64,Management,name
Licence en management et administration des entreprises; 10. Licence en marketing/vente; 11. Licence en management; 12. Licence en transport et logistique; 13. Licence en marketing et gestion commerciale. HA-2018 1010/MESRI/ANAQ-Sup/SE/DIPriv/nmf 1. Licence de gestion (ex DSG); 2. Master in business administration (MBA)/management des projets (Bac+5); 3. Master in business administration (MBA)/ ingénierie financière (Bac+5); 4. Master in business administration (MBA)/ management des ressources humaines (Bac+5). HA-2018 1011/MESRI/ANAQ-Sup/SE/DIPriv/nmf 1. Licence de gestion (ex DSG); 2. Master in business administration (MBA)/management des projets (Bac+5); 3. Master in business administration (MBA)/ ingénierie financière (Bac+5); 4. Master in business administration (MBA)/ management des ressources humaines (Bac+5). 11. Master en transport et logistique; 12. Master en marketing et gestion commerciale; 13. Master en management; 14. Master en management et administration des entreprises. 1. Bachelor of sciences in business administration (Bac+3). 1. Bachelor of science in business administration (Bac+3). Institut Supérieur de Management Thiès (ISM THIES) HA-2018 388/MESRI/ANAQ-Sup/SE/nmf 1- Licence de gestion (ex DSG); 2- Bachelor of science in business administration (bac+3); 3- Master of science in business administration (BBA) (Bac+5).,118,Ingénierie Financière,name
Licence en management et administration des entreprises; 10. Licence en marketing/vente; 11. Licence en management; 12. Licence en transport et logistique; 13. Licence en marketing et gestion commerciale. HA-2018 1010/MESRI/ANAQ-Sup/SE/DIPriv/nmf 1. Licence de gestion (ex DSG); 2. Master in business administration (MBA)/management des projets (Bac+5); 3. Master in business administration (MBA)/ ingénierie financière (Bac+5); 4. Master in business administration (MBA)/ management des ressources humaines (Bac+5). HA-2018 1011/MESRI/ANAQ-Sup/SE/DIPriv/nmf 1. Licence de gestion (ex DSG); 2. Master in business administration (MBA)/management des projets (Bac+5); 3. Master in business administration (MBA)/ ingénierie financière (Bac+5); 4. Master in business administration (MBA)/ management des ressources humaines (Bac+5). 11. Master en transport et logistique; 12. Master en marketing et gestion commerciale; 13. Master en management; 14. Master en management et administration des entreprises. 1. Bachelor of sciences in business administration (Bac+3). 1. Bachelor of science in business administration (Bac+3). Institut Supérieur de Management Thiès (ISM THIES) HA-2018 388/MESRI/ANAQ-Sup/SE/nmf 1- Licence de gestion (ex DSG); 2- Bachelor of science in business administration (bac+3); 3- Master of science in business administration (BBA) (Bac+5).,155,Commercial,name
"Licence en informatique appliquée à la gestion des entreprises (LIAGE); 2. Licence en droit des affaires; 3. Licence en gestion (ex DSG); 4. Master en management des ressources humaines (MBA RH); 5. Master en management des projets (MBA Projet); 6. Master en ingénierie financière (MBA Finance); 7. Master en audit et contrôle (MBA Audit). Programmes non couverts par l’Habilitation institutionnelle mais couverts par des agréments (provisoire(s), extension(s), définitif(s)) 1. Bachelor of science in business administration; 2. Master of science in business administration.",1,Informatique,name
"Licence en informatique appliquée à la gestion des entreprises (LIAGE); 2. Licence en droit des affaires; 3. Licence en gestion (ex DSG); 4. Master en management des ressources humaines (MBA RH); 5. Master en management des projets (MBA Projet); 6. Master en ingénierie financière (MBA Finance); 7. Master en audit et contrôle (MBA Audit). Programmes non couverts par l’Habilitation institutionnelle mais couverts par des agréments (provisoire(s), extension(s), définitif(s)) 1. Bachelor of science in business administration; 2. Master of science in business administration.",4,Droit,name
"Licence en informatique appliquée à la gestion des entreprises (LIAGE); 2. Licence en droit des affaires; 3. Licence en gestion (ex DSG); 4. Master en management des ressources humaines (MBA RH); 5. Master en management des projets (MBA Projet); 6. Master en ingénierie financière (MBA Finance); 7. Master en audit et contrôle (MBA Audit). Programmes non couverts par l’Habilitation institutionnelle mais couverts par des agréments (provisoire(s), extension(s), définitif(s)) 1. Bachelor of science in business administration; 2. Master of science in business administration.",5,Gestion,name
"Licence en informatique appliquée à la gestion des entreprises (LIAGE); 2. Licence en droit des affaires; 3. Licence en gestion (ex DSG); 4. Master en management des ressources humaines (MBA RH); 5. Master en management des projets (MBA Projet); 6. Master en ingénierie financière (MBA Finance); 7. Master en audit et contrôle (MBA Audit). Programmes non couverts par l’Habilitation institutionnelle mais couverts par des agréments (provisoire(s), extension(s), définitif(s)) 1. Bachelor of science in business administration; 2. Master of science in business administration.",64,Management,name
"Licence en informatique appliquée à la gestion des entreprises (LIAGE); 2. Licence en droit des affaires; 3. Licence en gestion (ex DSG); 4. Master en management des ressources humaines (MBA RH); 5. Master en management des projets (MBA Projet); 6. Master en ingénierie financière (MBA Finance); 7. Master en audit et contrôle (MBA Audit). Programmes non couverts par l’Habilitation institutionnelle mais couverts par des agréments (provisoire(s), extension(s), définitif(s)) 1. Bachelor of science in business administration; 2. Master of science in business administration.",73,Droit des affaires,name
"Licence en informatique appliquée à la gestion des entreprises (LIAGE); 2. Licence en droit des affaires; 3. Licence en gestion (ex DSG); 4. Master en management des ressources humaines (MBA RH); 5. Master en management des projets (MBA Projet); 6. Master en ingénierie financière (MBA Finance); 7. Master en audit et contrôle (MBA Audit). Programmes non couverts par l’Habilitation institutionnelle mais couverts par des agréments (provisoire(s), extension(s), définitif(s)) 1. Bachelor of science in business administration; 2. Master of science in business administration.",118,Ingénierie Financière,name
"Licence en gestion (ex DSG) ; 2. Licence en droit des Affaires (LDA) ; 3. Licence en informatique appliqué à la gestion des Entreprises (LIAGE) ; 4. Master en banque assurance ; 5. Master en audit contrôle de gestion et aide à la décision ; 6. Master en fiscalité-droit des affaires ; 7. Master en ingénierie financière ; 8. Master en qualité, hygiène, sécurité et environnement ; 9. Master en management des NTIC ; 10. Master en management de projets ; 11. Master en passation des marchés ; 12. Master en communication-créativité - événementiel ; 13. Master en management- vente-relation client ; 14. Master en stratégie de l’entreprise ; 15. Master en management des ressources humaines ; 16. Master en science politique et relations internationales ; 17. master en sociologie des organisations ; 18. Master in business administration (MBA). 1. Bachelor en marketing (bac+3); 2. Bachelor en finance (bac+3); 3. Bachelor en organisation (bac+3); 4. Bachelor en management appliqué aux NTIC (bac+3); 5. Bachelor en management appliqué au droit des affaires (bac+3); 6. Bachelor en management appliqué au tourisme et aux LEA (bac+3); 7. Bachelor en management appliqué à la sociologie (bac+3); 8. Licence en droit public, option: administration publique; 9. Licence en marketing, vente, option: marketing et commerce international; 10. Licence en sciences politiques, option: sciences politiques et relations internationales; 11. Licence en communication, option: communication et média; 12. Licence en informatique, option: génie logiciel- réseaux et systèmes; 13. Licence en droit privé, option: recouvrement et contentieux; 14. Licence en mathématiques appliquées, option: mathématiques appliquées, informatique- économétrie; 15. Master en business english; 16. Master en communication leadership; 17. Master en management public et des collectivités locales; 18. Master en micro finance; 19. Master de gestion; 20. Master en management, option: management international; 21. Master en gestion, production, logistique, Achats, option: gestion de la chaîne logistique; 22. Master en communication, option: Communication leadership et relations publiques; 23. Master en sciences politiques, option: décentralisation et gouvernance territoriale; 24. Master en sciences politiques, option: sciences",1,Informatique,name
"Licence en gestion (ex DSG) ; 2. Licence en droit des Affaires (LDA) ; 3. Licence en informatique appliqué à la gestion des Entreprises (LIAGE) ; 4. Master en banque assurance ; 5. Master en audit contrôle de gestion et aide à la décision ; 6. Master en fiscalité-droit des affaires ; 7. Master en ingénierie financière ; 8. Master en qualité, hygiène, sécurité et environnement ; 9. Master en management des NTIC ; 10. Master en management de projets ; 11. Master en passation des marchés ; 12. Master en communication-créativité - événementiel ; 13. Master en management- vente-relation client ; 14. Master en stratégie de l’entreprise ; 15. Master en management des ressources humaines ; 16. Master en science politique et relations internationales ; 17. master en sociologie des organisations ; 18. Master in business administration (MBA). 1. Bachelor en marketing (bac+3); 2. Bachelor en finance (bac+3); 3. Bachelor en organisation (bac+3); 4. Bachelor en management appliqué aux NTIC (bac+3); 5. Bachelor en management appliqué au droit des affaires (bac+3); 6. Bachelor en management appliqué au tourisme et aux LEA (bac+3); 7. Bachelor en management appliqué à la sociologie (bac+3); 8. Licence en droit public, option: administration publique; 9. Licence en marketing, vente, option: marketing et commerce international; 10. Licence en sciences politiques, option: sciences politiques et relations internationales; 11. Licence en communication, option: communication et média; 12. Licence en informatique, option: génie logiciel- réseaux et systèmes; 13. Licence en droit privé, option: recouvrement et contentieux; 14. Licence en mathématiques appliquées, option: mathématiques appliquées, informatique- économétrie; 15. Master en business english; 16. Master en communication leadership; 17. Master en management public et des collectivités locales; 18. Master en micro finance; 19. Master de gestion; 20. Master en management, option: management international; 21. Master en gestion, production, logistique, Achats, option: gestion de la chaîne logistique; 22. Master en communication, option: Communication leadership et relations publiques; 23. Master en sciences politiques, option: décentralisation et gouvernance territoriale; 24. Master en sciences politiques, option: sciences",4,Droit,name
"Licence en gestion (ex DSG) ; 2. Licence en droit des Affaires (LDA) ; 3. Licence en informatique appliqué à la gestion des Entreprises (LIAGE) ; 4. Master en banque assurance ; 5. Master en audit contrôle de gestion et aide à la décision ; 6. Master en fiscalité-droit des affaires ; 7. Master en ingénierie financière ; 8. Master en qualité, hygiène, sécurité et environnement ; 9. Master en management des NTIC ; 10. Master en management de projets ; 11. Master en passation des marchés ; 12. Master en communication-créativité - événementiel ; 13. Master en management- vente-relation client ; 14. Master en stratégie de l’entreprise ; 15. Master en management des ressources humaines ; 16. Master en science politique et relations internationales ; 17. master en sociologie des organisations ; 18. Master in business administration (MBA). 1. Bachelor en marketing (bac+3); 2. Bachelor en finance (bac+3); 3. Bachelor en organisation (bac+3); 4. Bachelor en management appliqué aux NTIC (bac+3); 5. Bachelor en management appliqué au droit des affaires (bac+3); 6. Bachelor en management appliqué au tourisme et aux LEA (bac+3); 7. Bachelor en management appliqué à la sociologie (bac+3); 8. Licence en droit public, option: administration publique; 9. Licence en marketing, vente, option: marketing et commerce international; 10. Licence en sciences politiques, option: sciences politiques et relations internationales; 11. Licence en communication, option: communication et média; 12. Licence en informatique, option: génie logiciel- réseaux et systèmes; 13. Licence en droit privé, option: recouvrement et contentieux; 14. Licence en mathématiques appliquées, option: mathématiques appliquées, informatique- économétrie; 15. Master en business english; 16. Master en communication leadership; 17. Master en management public et des collectivités locales; 18. Master en micro finance; 19. Master de gestion; 20. Master en management, option: management international; 21. Master en gestion, production, logistique, Achats, option: gestion de la chaîne logistique; 22. Master en communication, option: Communication leadership et relations publiques; 23. Master en sciences politiques, option: décentralisation et gouvernance territoriale; 24. Master en sciences politiques, option: sciences",5,Gestion,name
"Licence en gestion (ex DSG) ; 2. Licence en droit des Affaires (LDA) ; 3. Licence en informatique appliqué à la gestion des Entreprises (LIAGE) ; 4. Master en banque assurance ; 5. Master en audit contrôle de gestion et aide à la décision ; 6. Master en fiscalité-droit des affaires ; 7. Master en ingénierie financière ; 8. Master en qualité, hygiène, sécurité et environnement ; 9. Master en management des NTIC ; 10. Master en management de projets ; 11. Master en passation des marchés ; 12. Master en communication-créativité - événementiel ; 13. Master en management- vente-relation client ; 14. Master en stratégie de l’entreprise ; 15. Master en management des ressources humaines ; 16. Master en science politique et relations internationales ; 17. master en sociologie des organisations ; 18. Master in business administration (MBA). 1. Bachelor en marketing (bac+3); 2. Bachelor en finance (bac+3); 3. Bachelor en organisation (bac+3); 4. Bachelor en management appliqué aux NTIC (bac+3); 5. Bachelor en management appliqué au droit des affaires (bac+3); 6. Bachelor en management appliqué au tourisme et aux LEA (bac+3); 7. Bachelor en management appliqué à la sociologie (bac+3); 8. Licence en droit public, option: administration publique; 9. Licence en marketing, vente, option: marketing et commerce international; 10. Licence en sciences politiques, option: sciences politiques et relations internationales; 11. Licence en communication, option: communication et média; 12. Licence en informatique, option: génie logiciel- réseaux et systèmes; 13. Licence en droit privé, option: recouvrement et contentieux; 14. Licence en mathématiques appliquées, option: mathématiques appliquées, informatique- économétrie; 15. Master en business english; 16. Master en communication leadership; 17. Master en management public et des collectivités locales; 18. Master en micro finance; 19. Master de gestion; 20. Master en management, option: management international; 21. Master en gestion, production, logistique, Achats, option: gestion de la chaîne logistique; 22. Master en communication, option: Communication leadership et relations publiques; 23. Master en sciences politiques, option: décentralisation et gouvernance territoriale; 24. Master en sciences politiques, option: sciences",7,Marketing,name
"Licence en gestion (ex DSG) ; 2. Licence en droit des Affaires (LDA) ; 3. Licence en informatique appliqué à la gestion des Entreprises (LIAGE) ; 4. Master en banque assurance ; 5. Master en audit contrôle de gestion et aide à la décision ; 6. Master en fiscalité-droit des affaires ; 7. Master en ingénierie financière ; 8. Master en qualité, hygiène, sécurité et environnement ; 9. Master en management des NTIC ; 10. Master en management de projets ; 11. Master en passation des marchés ; 12. Master en communication-créativité - événementiel ; 13. Master en management- vente-relation client ; 14. Master en stratégie de l’entreprise ; 15. Master en management des ressources humaines ; 16. Master en science politique et relations internationales ; 17. master en sociologie des organisations ; 18. Master in business administration (MBA). 1. Bachelor en marketing (bac+3); 2. Bachelor en finance (bac+3); 3. Bachelor en organisation (bac+3); 4. Bachelor en management appliqué aux NTIC (bac+3); 5. Bachelor en management appliqué au droit des affaires (bac+3); 6. Bachelor en management appliqué au tourisme et aux LEA (bac+3); 7. Bachelor en management appliqué à la sociologie (bac+3); 8. Licence en droit public, option: administration publique; 9. Licence en marketing, vente, option: marketing et commerce international; 10. Licence en sciences politiques, option: sciences politiques et relations internationales; 11. Licence en communication, option: communication et média; 12. Licence en informatique, option: génie logiciel- réseaux et systèmes; 13. Licence en droit privé, option: recouvrement et contentieux; 14. Licence en mathématiques appliquées, option: mathématiques appliquées, informatique- économétrie; 15. Master en business english; 16. Master en communication leadership; 17. Master en management public et des collectivités locales; 18. Master en micro finance; 19. Master de gestion; 20. Master en management, option: management international; 21. Master en gestion, production, logistique, Achats, option: gestion de la chaîne logistique; 22. Master en communication, option: Communication leadership et relations publiques; 23. Master en sciences politiques, option: décentralisation et gouvernance territoriale; 24. Master en sciences politiques, option: sciences",9,Génie Logiciel,name
"Licence en gestion (ex DSG) ; 2. Licence en droit des Affaires (LDA) ; 3. Licence en informatique appliqué à la gestion des Entreprises (LIAGE) ; 4. Master en banque assurance ; 5. Master en audit contrôle de gestion et aide à la décision ; 6. Master en fiscalité-droit des affaires ; 7. Master en ingénierie financière ; 8. Master en qualité, hygiène, sécurité et environnement ; 9. Master en management des NTIC ; 10. Master en management de projets ; 11. Master en passation des marchés ; 12. Master en communication-créativité - événementiel ; 13. Master en management- vente-relation client ; 14. Master en stratégie de l’entreprise ; 15. Master en management des ressources humaines ; 16. Master en science politique et relations internationales ; 17. master en sociologie des organisations ; 18. Master in business administration (MBA). 1. Bachelor en marketing (bac+3); 2. Bachelor en finance (bac+3); 3. Bachelor en organisation (bac+3); 4. Bachelor en management appliqué aux NTIC (bac+3); 5. Bachelor en management appliqué au droit des affaires (bac+3); 6. Bachelor en management appliqué au tourisme et aux LEA (bac+3); 7. Bachelor en management appliqué à la sociologie (bac+3); 8. Licence en droit public, option: administration publique; 9. Licence en marketing, vente, option: marketing et commerce international; 10. Licence en sciences politiques, option: sciences politiques et relations internationales; 11. Licence en communication, option: communication et média; 12. Licence en informatique, option: génie logiciel- réseaux et systèmes; 13. Licence en droit privé, option: recouvrement et contentieux; 14. Licence en mathématiques appliquées, option: mathématiques appliquées, informatique- économétrie; 15. Master en business english; 16. Master en communication leadership; 17. Master en management public et des collectivités locales; 18. Master en micro finance; 19. Master de gestion; 20. Master en management, option: management international; 21. Master en gestion, production, logistique, Achats, option: gestion de la chaîne logistique; 22. Master en communication, option: Communication leadership et relations publiques; 23. Master en sciences politiques, option: décentralisation et gouvernance territoriale; 24. Master en sciences politiques, option: sciences",64,Management,name
"Licence en gestion (ex DSG) ; 2. Licence en droit des Affaires (LDA) ; 3. Licence en informatique appliqué à la gestion des Entreprises (LIAGE) ; 4. Master en banque assurance ; 5. Master en audit contrôle de gestion et aide à la décision ; 6. Master en fiscalité-droit des affaires ; 7. Master en ingénierie financière ; 8. Master en qualité, hygiène, sécurité et environnement ; 9. Master en management des NTIC ; 10. Master en management de projets ; 11. Master en passation des marchés ; 12. Master en communication-créativité - événementiel ; 13. Master en management- vente-relation client ; 14. Master en stratégie de l’entreprise ; 15. Master en management des ressources humaines ; 16. Master en science politique et relations internationales ; 17. master en sociologie des organisations ; 18. Master in business administration (MBA). 1. Bachelor en marketing (bac+3); 2. Bachelor en finance (bac+3); 3. Bachelor en organisation (bac+3); 4. Bachelor en management appliqué aux NTIC (bac+3); 5. Bachelor en management appliqué au droit des affaires (bac+3); 6. Bachelor en management appliqué au tourisme et aux LEA (bac+3); 7. Bachelor en management appliqué à la sociologie (bac+3); 8. Licence en droit public, option: administration publique; 9. Licence en marketing, vente, option: marketing et commerce international; 10. Licence en sciences politiques, option: sciences politiques et relations internationales; 11. Licence en communication, option: communication et média; 12. Licence en informatique, option: génie logiciel- réseaux et systèmes; 13. Licence en droit privé, option: recouvrement et contentieux; 14. Licence en mathématiques appliquées, option: mathématiques appliquées, informatique- économétrie; 15. Master en business english; 16. Master en communication leadership; 17. Master en management public et des collectivités locales; 18. Master en micro finance; 19. Master de gestion; 20. Master en management, option: management international; 21. Master en gestion, production, logistique, Achats, option: gestion de la chaîne logistique; 22. Master en communication, option: Communication leadership et relations publiques; 23. Master en sciences politiques, option: décentralisation et gouvernance territoriale; 24. Master en sciences politiques, option: sciences",73,Droit des affaires,name
"Licence en gestion (ex DSG) ; 2. Licence en droit des Affaires (LDA) ; 3. Licence en informatique appliqué à la gestion des Entreprises (LIAGE) ; 4. Master en banque assurance ; 5. Master en audit contrôle de gestion et aide à la décision ; 6. Master en fiscalité-droit des affaires ; 7. Master en ingénierie financière ; 8. Master en qualité, hygiène, sécurité et environnement ; 9. Master en management des NTIC ; 10. Master en management de projets ; 11. Master en passation des marchés ; 12. Master en communication-créativité - événementiel ; 13. Master en management- vente-relation client ; 14. Master en stratégie de l’entreprise ; 15. Master en management des ressources humaines ; 16. Master en science politique et relations internationales ; 17. master en sociologie des organisations ; 18. Master in business administration (MBA). 1. Bachelor en marketing (bac+3); 2. Bachelor en finance (bac+3); 3. Bachelor en organisation (bac+3); 4. Bachelor en management appliqué aux NTIC (bac+3); 5. Bachelor en management appliqué au droit des affaires (bac+3); 6. Bachelor en management appliqué au tourisme et aux LEA (bac+3); 7. Bachelor en management appliqué à la sociologie (bac+3); 8. Licence en droit public, option: administration publique; 9. Licence en marketing, vente, option: marketing et commerce international; 10. Licence en sciences politiques, option: sciences politiques et relations internationales; 11. Licence en communication, option: communication et média; 12. Licence en informatique, option: génie logiciel- réseaux et systèmes; 13. Licence en droit privé, option: recouvrement et contentieux; 14. Licence en mathématiques appliquées, option: mathématiques appliquées, informatique- économétrie; 15. Master en business english; 16. Master en communication leadership; 17. Master en management public et des collectivités locales; 18. Master en micro finance; 19. Master de gestion; 20. Master en management, option: management international; 21. Master en gestion, production, logistique, Achats, option: gestion de la chaîne logistique; 22. Master en communication, option: Communication leadership et relations publiques; 23. Master en sciences politiques, option: décentralisation et gouvernance territoriale; 24. Master en sciences politiques, option: sciences",75,Management de projet,name
"Licence en gestion (ex DSG) ; 2. Licence en droit des Affaires (LDA) ; 3. Licence en informatique appliqué à la gestion des Entreprises (LIAGE) ; 4. Master en banque assurance ; 5. Master en audit contrôle de gestion et aide à la décision ; 6. Master en fiscalité-droit des affaires ; 7. Master en ingénierie financière ; 8. Master en qualité, hygiène, sécurité et environnement ; 9. Master en management des NTIC ; 10. Master en management de projets ; 11. Master en passation des marchés ; 12. Master en communication-créativité - événementiel ; 13. Master en management- vente-relation client ; 14. Master en stratégie de l’entreprise ; 15. Master en management des ressources humaines ; 16. Master en science politique et relations internationales ; 17. master en sociologie des organisations ; 18. Master in business administration (MBA). 1. Bachelor en marketing (bac+3); 2. Bachelor en finance (bac+3); 3. Bachelor en organisation (bac+3); 4. Bachelor en management appliqué aux NTIC (bac+3); 5. Bachelor en management appliqué au droit des affaires (bac+3); 6. Bachelor en management appliqué au tourisme et aux LEA (bac+3); 7. Bachelor en management appliqué à la sociologie (bac+3); 8. Licence en droit public, option: administration publique; 9. Licence en marketing, vente, option: marketing et commerce international; 10. Licence en sciences politiques, option: sciences politiques et relations internationales; 11. Licence en communication, option: communication et média; 12. Licence en informatique, option: génie logiciel- réseaux et systèmes; 13. Licence en droit privé, option: recouvrement et contentieux; 14. Licence en mathématiques appliquées, option: mathématiques appliquées, informatique- économétrie; 15. Master en business english; 16. Master en communication leadership; 17. Master en management public et des collectivités locales; 18. Master en micro finance; 19. Master de gestion; 20. Master en management, option: management international; 21. Master en gestion, production, logistique, Achats, option: gestion de la chaîne logistique; 22. Master en communication, option: Communication leadership et relations publiques; 23. Master en sciences politiques, option: décentralisation et gouvernance territoriale; 24. Master en sciences politiques, option: sciences",79,Commerce international,name
"Licence en gestion (ex DSG) ; 2. Licence en droit des Affaires (LDA) ; 3. Licence en informatique appliqué à la gestion des Entreprises (LIAGE) ; 4. Master en banque assurance ; 5. Master en audit contrôle de gestion et aide à la décision ; 6. Master en fiscalité-droit des affaires ; 7. Master en ingénierie financière ; 8. Master en qualité, hygiène, sécurité et environnement ; 9. Master en management des NTIC ; 10. Master en management de projets ; 11. Master en passation des marchés ; 12. Master en communication-créativité - événementiel ; 13. Master en management- vente-relation client ; 14. Master en stratégie de l’entreprise ; 15. Master en management des ressources humaines ; 16. Master en science politique et relations internationales ; 17. master en sociologie des organisations ; 18. Master in business administration (MBA). 1. Bachelor en marketing (bac+3); 2. Bachelor en finance (bac+3); 3. Bachelor en organisation (bac+3); 4. Bachelor en management appliqué aux NTIC (bac+3); 5. Bachelor en management appliqué au droit des affaires (bac+3); 6. Bachelor en management appliqué au tourisme et aux LEA (bac+3); 7. Bachelor en management appliqué à la sociologie (bac+3); 8. Licence en droit public, option: administration publique; 9. Licence en marketing, vente, option: marketing et commerce international; 10. Licence en sciences politiques, option: sciences politiques et relations internationales; 11. Licence en communication, option: communication et média; 12. Licence en informatique, option: génie logiciel- réseaux et systèmes; 13. Licence en droit privé, option: recouvrement et contentieux; 14. Licence en mathématiques appliquées, option: mathématiques appliquées, informatique- économétrie; 15. Master en business english; 16. Master en communication leadership; 17. Master en management public et des collectivités locales; 18. Master en micro finance; 19. Master de gestion; 20. Master en management, option: management international; 21. Master en gestion, production, logistique, Achats, option: gestion de la chaîne logistique; 22. Master en communication, option: Communication leadership et relations publiques; 23. Master en sciences politiques, option: décentralisation et gouvernance territoriale; 24. Master en sciences politiques, option: sciences",101,Sciences Politiques,name
"Licence en gestion (ex DSG) ; 2. Licence en droit des Affaires (LDA) ; 3. Licence en informatique appliqué à la gestion des Entreprises (LIAGE) ; 4. Master en banque assurance ; 5. Master en audit contrôle de gestion et aide à la décision ; 6. Master en fiscalité-droit des affaires ; 7. Master en ingénierie financière ; 8. Master en qualité, hygiène, sécurité et environnement ; 9. Master en management des NTIC ; 10. Master en management de projets ; 11. Master en passation des marchés ; 12. Master en communication-créativité - événementiel ; 13. Master en management- vente-relation client ; 14. Master en stratégie de l’entreprise ; 15. Master en management des ressources humaines ; 16. Master en science politique et relations internationales ; 17. master en sociologie des organisations ; 18. Master in business administration (MBA). 1. Bachelor en marketing (bac+3); 2. Bachelor en finance (bac+3); 3. Bachelor en organisation (bac+3); 4. Bachelor en management appliqué aux NTIC (bac+3); 5. Bachelor en management appliqué au droit des affaires (bac+3); 6. Bachelor en management appliqué au tourisme et aux LEA (bac+3); 7. Bachelor en management appliqué à la sociologie (bac+3); 8. Licence en droit public, option: administration publique; 9. Licence en marketing, vente, option: marketing et commerce international; 10. Licence en sciences politiques, option: sciences politiques et relations internationales; 11. Licence en communication, option: communication et média; 12. Licence en informatique, option: génie logiciel- réseaux et systèmes; 13. Licence en droit privé, option: recouvrement et contentieux; 14. Licence en mathématiques appliquées, option: mathématiques appliquées, informatique- économétrie; 15. Master en business english; 16. Master en communication leadership; 17. Master en management public et des collectivités locales; 18. Master en micro finance; 19. Master de gestion; 20. Master en management, option: management international; 21. Master en gestion, production, logistique, Achats, option: gestion de la chaîne logistique; 22. Master en communication, option: Communication leadership et relations publiques; 23. Master en sciences politiques, option: décentralisation et gouvernance territoriale; 24. Master en sciences politiques, option: sciences",114,Mathématiques Appliquées,name
"Licence en gestion (ex DSG) ; 2. Licence en droit des Affaires (LDA) ; 3. Licence en informatique appliqué à la gestion des Entreprises (LIAGE) ; 4. Master en banque assurance ; 5. Master en audit contrôle de gestion et aide à la décision ; 6. Master en fiscalité-droit des affaires ; 7. Master en ingénierie financière ; 8. Master en qualité, hygiène, sécurité et environnement ; 9. Master en management des NTIC ; 10. Master en management de projets ; 11. Master en passation des marchés ; 12. Master en communication-créativité - événementiel ; 13. Master en management- vente-relation client ; 14. Master en stratégie de l’entreprise ; 15. Master en management des ressources humaines ; 16. Master en science politique et relations internationales ; 17. master en sociologie des organisations ; 18. Master in business administration (MBA). 1. Bachelor en marketing (bac+3); 2. Bachelor en finance (bac+3); 3. Bachelor en organisation (bac+3); 4. Bachelor en management appliqué aux NTIC (bac+3); 5. Bachelor en management appliqué au droit des affaires (bac+3); 6. Bachelor en management appliqué au tourisme et aux LEA (bac+3); 7. Bachelor en management appliqué à la sociologie (bac+3); 8. Licence en droit public, option: administration publique; 9. Licence en marketing, vente, option: marketing et commerce international; 10. Licence en sciences politiques, option: sciences politiques et relations internationales; 11. Licence en communication, option: communication et média; 12. Licence en informatique, option: génie logiciel- réseaux et systèmes; 13. Licence en droit privé, option: recouvrement et contentieux; 14. Licence en mathématiques appliquées, option: mathématiques appliquées, informatique- économétrie; 15. Master en business english; 16. Master en communication leadership; 17. Master en management public et des collectivités locales; 18. Master en micro finance; 19. Master de gestion; 20. Master en management, option: management international; 21. Master en gestion, production, logistique, Achats, option: gestion de la chaîne logistique; 22. Master en communication, option: Communication leadership et relations publiques; 23. Master en sciences politiques, option: décentralisation et gouvernance territoriale; 24. Master en sciences politiques, option: sciences",117,Fiscalité,name
"Licence en gestion (ex DSG) ; 2. Licence en droit des Affaires (LDA) ; 3. Licence en informatique appliqué à la gestion des Entreprises (LIAGE) ; 4. Master en banque assurance ; 5. Master en audit contrôle de gestion et aide à la décision ; 6. Master en fiscalité-droit des affaires ; 7. Master en ingénierie financière ; 8. Master en qualité, hygiène, sécurité et environnement ; 9. Master en management des NTIC ; 10. Master en management de projets ; 11. Master en passation des marchés ; 12. Master en communication-créativité - événementiel ; 13. Master en management- vente-relation client ; 14. Master en stratégie de l’entreprise ; 15. Master en management des ressources humaines ; 16. Master en science politique et relations internationales ; 17. master en sociologie des organisations ; 18. Master in business administration (MBA). 1. Bachelor en marketing (bac+3); 2. Bachelor en finance (bac+3); 3. Bachelor en organisation (bac+3); 4. Bachelor en management appliqué aux NTIC (bac+3); 5. Bachelor en management appliqué au droit des affaires (bac+3); 6. Bachelor en management appliqué au tourisme et aux LEA (bac+3); 7. Bachelor en management appliqué à la sociologie (bac+3); 8. Licence en droit public, option: administration publique; 9. Licence en marketing, vente, option: marketing et commerce international; 10. Licence en sciences politiques, option: sciences politiques et relations internationales; 11. Licence en communication, option: communication et média; 12. Licence en informatique, option: génie logiciel- réseaux et systèmes; 13. Licence en droit privé, option: recouvrement et contentieux; 14. Licence en mathématiques appliquées, option: mathématiques appliquées, informatique- économétrie; 15. Master en business english; 16. Master en communication leadership; 17. Master en management public et des collectivités locales; 18. Master en micro finance; 19. Master de gestion; 20. Master en management, option: management international; 21. Master en gestion, production, logistique, Achats, option: gestion de la chaîne logistique; 22. Master en communication, option: Communication leadership et relations publiques; 23. Master en sciences politiques, option: décentralisation et gouvernance territoriale; 24. Master en sciences politiques, option: sciences",118,Ingénierie Financière,name
"Licence en gestion (ex DSG) ; 2. Licence en droit des Affaires (LDA) ; 3. Licence en informatique appliqué à la gestion des Entreprises (LIAGE) ; 4. Master en banque assurance ; 5. Master en audit contrôle de gestion et aide à la décision ; 6. Master en fiscalité-droit des affaires ; 7. Master en ingénierie financière ; 8. Master en qualité, hygiène, sécurité et environnement ; 9. Master en management des NTIC ; 10. Master en management de projets ; 11. Master en passation des marchés ; 12. Master en communication-créativité - événementiel ; 13. Master en management- vente-relation client ; 14. Master en stratégie de l’entreprise ; 15. Master en management des ressources humaines ; 16. Master en science politique et relations internationales ; 17. master en sociologie des organisations ; 18. Master in business administration (MBA). 1. Bachelor en marketing (bac+3); 2. Bachelor en finance (bac+3); 3. Bachelor en organisation (bac+3); 4. Bachelor en management appliqué aux NTIC (bac+3); 5. Bachelor en management appliqué au droit des affaires (bac+3); 6. Bachelor en management appliqué au tourisme et aux LEA (bac+3); 7. Bachelor en management appliqué à la sociologie (bac+3); 8. Licence en droit public, option: administration publique; 9. Licence en marketing, vente, option: marketing et commerce international; 10. Licence en sciences politiques, option: sciences politiques et relations internationales; 11. Licence en communication, option: communication et média; 12. Licence en informatique, option: génie logiciel- réseaux et systèmes; 13. Licence en droit privé, option: recouvrement et contentieux; 14. Licence en mathématiques appliquées, option: mathématiques appliquées, informatique- économétrie; 15. Master en business english; 16. Master en communication leadership; 17. Master en management public et des collectivités locales; 18. Master en micro finance; 19. Master de gestion; 20. Master en management, option: management international; 21. Master en gestion, production, logistique, Achats, option: gestion de la chaîne logistique; 22. Master en communication, option: Communication leadership et relations publiques; 23. Master en sciences politiques, option: décentralisation et gouvernance territoriale; 24. Master en sciences politiques, option: sciences",119,Management des NTIC,name
"Licence en gestion (ex DSG) ; 2. Licence en droit des Affaires (LDA) ; 3. Licence en informatique appliqué à la gestion des Entreprises (LIAGE) ; 4. Master en banque assurance ; 5. Master en audit contrôle de gestion et aide à la décision ; 6. Master en fiscalité-droit des affaires ; 7. Master en ingénierie financière ; 8. Master en qualité, hygiène, sécurité et environnement ; 9. Master en management des NTIC ; 10. Master en management de projets ; 11. Master en passation des marchés ; 12. Master en communication-créativité - événementiel ; 13. Master en management- vente-relation client ; 14. Master en stratégie de l’entreprise ; 15. Master en management des ressources humaines ; 16. Master en science politique et relations internationales ; 17. master en sociologie des organisations ; 18. Master in business administration (MBA). 1. Bachelor en marketing (bac+3); 2. Bachelor en finance (bac+3); 3. Bachelor en organisation (bac+3); 4. Bachelor en management appliqué aux NTIC (bac+3); 5. Bachelor en management appliqué au droit des affaires (bac+3); 6. Bachelor en management appliqué au tourisme et aux LEA (bac+3); 7. Bachelor en management appliqué à la sociologie (bac+3); 8. Licence en droit public, option: administration publique; 9. Licence en marketing, vente, option: marketing et commerce international; 10. Licence en sciences politiques, option: sciences politiques et relations internationales; 11. Licence en communication, option: communication et média; 12. Licence en informatique, option: génie logiciel- réseaux et systèmes; 13. Licence en droit privé, option: recouvrement et contentieux; 14. Licence en mathématiques appliquées, option: mathématiques appliquées, informatique- économétrie; 15. Master en business english; 16. Master en communication leadership; 17. Master en management public et des collectivités locales; 18. Master en micro finance; 19. Master de gestion; 20. Master en management, option: management international; 21. Master en gestion, production, logistique, Achats, option: gestion de la chaîne logistique; 22. Master en communication, option: Communication leadership et relations publiques; 23. Master en sciences politiques, option: décentralisation et gouvernance territoriale; 24. Master en sciences politiques, option: sciences",120,Passation des Marchés,name
"Licence en gestion (ex DSG) ; 2. Licence en droit des Affaires (LDA) ; 3. Licence en informatique appliqué à la gestion des Entreprises (LIAGE) ; 4. Master en banque assurance ; 5. Master en audit contrôle de gestion et aide à la décision ; 6. Master en fiscalité-droit des affaires ; 7. Master en ingénierie financière ; 8. Master en qualité, hygiène, sécurité et environnement ; 9. Master en management des NTIC ; 10. Master en management de projets ; 11. Master en passation des marchés ; 12. Master en communication-créativité - événementiel ; 13. Master en management- vente-relation client ; 14. Master en stratégie de l’entreprise ; 15. Master en management des ressources humaines ; 16. Master en science politique et relations internationales ; 17. master en sociologie des organisations ; 18. Master in business administration (MBA). 1. Bachelor en marketing (bac+3); 2. Bachelor en finance (bac+3); 3. Bachelor en organisation (bac+3); 4. Bachelor en management appliqué aux NTIC (bac+3); 5. Bachelor en management appliqué au droit des affaires (bac+3); 6. Bachelor en management appliqué au tourisme et aux LEA (bac+3); 7. Bachelor en management appliqué à la sociologie (bac+3); 8. Licence en droit public, option: administration publique; 9. Licence en marketing, vente, option: marketing et commerce international; 10. Licence en sciences politiques, option: sciences politiques et relations internationales; 11. Licence en communication, option: communication et média; 12. Licence en informatique, option: génie logiciel- réseaux et systèmes; 13. Licence en droit privé, option: recouvrement et contentieux; 14. Licence en mathématiques appliquées, option: mathématiques appliquées, informatique- économétrie; 15. Master en business english; 16. Master en communication leadership; 17. Master en management public et des collectivités locales; 18. Master en micro finance; 19. Master de gestion; 20. Master en management, option: management international; 21. Master en gestion, production, logistique, Achats, option: gestion de la chaîne logistique; 22. Master en communication, option: Communication leadership et relations publiques; 23. Master en sciences politiques, option: décentralisation et gouvernance territoriale; 24. Master en sciences politiques, option: sciences",121,Communication,name
"Licence en gestion (ex DSG) ; 2. Licence en droit des Affaires (LDA) ; 3. Licence en informatique appliqué à la gestion des Entreprises (LIAGE) ; 4. Master en banque assurance ; 5. Master en audit contrôle de gestion et aide à la décision ; 6. Master en fiscalité-droit des affaires ; 7. Master en ingénierie financière ; 8. Master en qualité, hygiène, sécurité et environnement ; 9. Master en management des NTIC ; 10. Master en management de projets ; 11. Master en passation des marchés ; 12. Master en communication-créativité - événementiel ; 13. Master en management- vente-relation client ; 14. Master en stratégie de l’entreprise ; 15. Master en management des ressources humaines ; 16. Master en science politique et relations internationales ; 17. master en sociologie des organisations ; 18. Master in business administration (MBA). 1. Bachelor en marketing (bac+3); 2. Bachelor en finance (bac+3); 3. Bachelor en organisation (bac+3); 4. Bachelor en management appliqué aux NTIC (bac+3); 5. Bachelor en management appliqué au droit des affaires (bac+3); 6. Bachelor en management appliqué au tourisme et aux LEA (bac+3); 7. Bachelor en management appliqué à la sociologie (bac+3); 8. Licence en droit public, option: administration publique; 9. Licence en marketing, vente, option: marketing et commerce international; 10. Licence en sciences politiques, option: sciences politiques et relations internationales; 11. Licence en communication, option: communication et média; 12. Licence en informatique, option: génie logiciel- réseaux et systèmes; 13. Licence en droit privé, option: recouvrement et contentieux; 14. Licence en mathématiques appliquées, option: mathématiques appliquées, informatique- économétrie; 15. Master en business english; 16. Master en communication leadership; 17. Master en management public et des collectivités locales; 18. Master en micro finance; 19. Master de gestion; 20. Master en management, option: management international; 21. Master en gestion, production, logistique, Achats, option: gestion de la chaîne logistique; 22. Master en communication, option: Communication leadership et relations publiques; 23. Master en sciences politiques, option: décentralisation et gouvernance territoriale; 24. Master en sciences politiques, option: sciences",124,Stratégie de l’Entreprise,name
"Licence en gestion (ex DSG) ; 2. Licence en droit des Affaires (LDA) ; 3. Licence en informatique appliqué à la gestion des Entreprises (LIAGE) ; 4. Master en banque assurance ; 5. Master en audit contrôle de gestion et aide à la décision ; 6. Master en fiscalité-droit des affaires ; 7. Master en ingénierie financière ; 8. Master en qualité, hygiène, sécurité et environnement ; 9. Master en management des NTIC ; 10. Master en management de projets ; 11. Master en passation des marchés ; 12. Master en communication-créativité - événementiel ; 13. Master en management- vente-relation client ; 14. Master en stratégie de l’entreprise ; 15. Master en management des ressources humaines ; 16. Master en science politique et relations internationales ; 17. master en sociologie des organisations ; 18. Master in business administration (MBA). 1. Bachelor en marketing (bac+3); 2. Bachelor en finance (bac+3); 3. Bachelor en organisation (bac+3); 4. Bachelor en management appliqué aux NTIC (bac+3); 5. Bachelor en management appliqué au droit des affaires (bac+3); 6. Bachelor en management appliqué au tourisme et aux LEA (bac+3); 7. Bachelor en management appliqué à la sociologie (bac+3); 8. Licence en droit public, option: administration publique; 9. Licence en marketing, vente, option: marketing et commerce international; 10. Licence en sciences politiques, option: sciences politiques et relations internationales; 11. Licence en communication, option: communication et média; 12. Licence en informatique, option: génie logiciel- réseaux et systèmes; 13. Licence en droit privé, option: recouvrement et contentieux; 14. Licence en mathématiques appliquées, option: mathématiques appliquées, informatique- économétrie; 15. Master en business english; 16. Master en communication leadership; 17. Master en management public et des collectivités locales; 18. Master en micro finance; 19. Master de gestion; 20. Master en management, option: management international; 21. Master en gestion, production, logistique, Achats, option: gestion de la chaîne logistique; 22. Master en communication, option: Communication leadership et relations publiques; 23. Master en sciences politiques, option: décentralisation et gouvernance territoriale; 24. Master en sciences politiques, option: sciences",125,Sciences Politiques et Relations Internationales,name
"Licence en gestion (ex DSG) ; 2. Licence en droit des Affaires (LDA) ; 3. Licence en informatique appliqué à la gestion des Entreprises (LIAGE) ; 4. Master en banque assurance ; 5. Master en audit contrôle de gestion et aide à la décision ; 6. Master en fiscalité-droit des affaires ; 7. Master en ingénierie financière ; 8. Master en qualité, hygiène, sécurité et environnement ; 9. Master en management des NTIC ; 10. Master en management de projets ; 11. Master en passation des marchés ; 12. Master en communication-créativité - événementiel ; 13. Master en management- vente-relation client ; 14. Master en stratégie de l’entreprise ; 15. Master en management des ressources humaines ; 16. Master en science politique et relations internationales ; 17. master en sociologie des organisations ; 18. Master in business administration (MBA). 1. Bachelor en marketing (bac+3); 2. Bachelor en finance (bac+3); 3. Bachelor en organisation (bac+3); 4. Bachelor en management appliqué aux NTIC (bac+3); 5. Bachelor en management appliqué au droit des affaires (bac+3); 6. Bachelor en management appliqué au tourisme et aux LEA (bac+3); 7. Bachelor en management appliqué à la sociologie (bac+3); 8. Licence en droit public, option: administration publique; 9. Licence en marketing, vente, option: marketing et commerce international; 10. Licence en sciences politiques, option: sciences politiques et relations internationales; 11. Licence en communication, option: communication et média; 12. Licence en informatique, option: génie logiciel- réseaux et systèmes; 13. Licence en droit privé, option: recouvrement et contentieux; 14. Licence en mathématiques appliquées, option: mathématiques appliquées, informatique- économétrie; 15. Master en business english; 16. Master en communication leadership; 17. Master en management public et des collectivités locales; 18. Master en micro finance; 19. Master de gestion; 20. Master en management, option: management international; 21. Master en gestion, production, logistique, Achats, option: gestion de la chaîne logistique; 22. Master en communication, option: Communication leadership et relations publiques; 23. Master en sciences politiques, option: décentralisation et gouvernance territoriale; 24. Master en sciences politiques, option: sciences",126,Sociologie des Organisations,name
"Licence en gestion (ex DSG) ; 2. Licence en droit des Affaires (LDA) ; 3. Licence en informatique appliqué à la gestion des Entreprises (LIAGE) ; 4. Master en banque assurance ; 5. Master en audit contrôle de gestion et aide à la décision ; 6. Master en fiscalité-droit des affaires ; 7. Master en ingénierie financière ; 8. Master en qualité, hygiène, sécurité et environnement ; 9. Master en management des NTIC ; 10. Master en management de projets ; 11. Master en passation des marchés ; 12. Master en communication-créativité - événementiel ; 13. Master en management- vente-relation client ; 14. Master en stratégie de l’entreprise ; 15. Master en management des ressources humaines ; 16. Master en science politique et relations internationales ; 17. master en sociologie des organisations ; 18. Master in business administration (MBA). 1. Bachelor en marketing (bac+3); 2. Bachelor en finance (bac+3); 3. Bachelor en organisation (bac+3); 4. Bachelor en management appliqué aux NTIC (bac+3); 5. Bachelor en management appliqué au droit des affaires (bac+3); 6. Bachelor en management appliqué au tourisme et aux LEA (bac+3); 7. Bachelor en management appliqué à la sociologie (bac+3); 8. Licence en droit public, option: administration publique; 9. Licence en marketing, vente, option: marketing et commerce international; 10. Licence en sciences politiques, option: sciences politiques et relations internationales; 11. Licence en communication, option: communication et média; 12. Licence en informatique, option: génie logiciel- réseaux et systèmes; 13. Licence en droit privé, option: recouvrement et contentieux; 14. Licence en mathématiques appliquées, option: mathématiques appliquées, informatique- économétrie; 15. Master en business english; 16. Master en communication leadership; 17. Master en management public et des collectivités locales; 18. Master en micro finance; 19. Master de gestion; 20. Master en management, option: management international; 21. Master en gestion, production, logistique, Achats, option: gestion de la chaîne logistique; 22. Master en communication, option: Communication leadership et relations publiques; 23. Master en sciences politiques, option: décentralisation et gouvernance territoriale; 24. Master en sciences politiques, option: sciences",127,Management appliqué,name
"Licence en gestion (ex DSG) ; 2. Licence en droit des Affaires (LDA) ; 3. Licence en informatique appliqué à la gestion des Entreprises (LIAGE) ; 4. Master en banque assurance ; 5. Master en audit contrôle de gestion et aide à la décision ; 6. Master en fiscalité-droit des affaires ; 7. Master en ingénierie financière ; 8. Master en qualité, hygiène, sécurité et environnement ; 9. Master en management des NTIC ; 10. Master en management de projets ; 11. Master en passation des marchés ; 12. Master en communication-créativité - événementiel ; 13. Master en management- vente-relation client ; 14. Master en stratégie de l’entreprise ; 15. Master en management des ressources humaines ; 16. Master en science politique et relations internationales ; 17. master en sociologie des organisations ; 18. Master in business administration (MBA). 1. Bachelor en marketing (bac+3); 2. Bachelor en finance (bac+3); 3. Bachelor en organisation (bac+3); 4. Bachelor en management appliqué aux NTIC (bac+3); 5. Bachelor en management appliqué au droit des affaires (bac+3); 6. Bachelor en management appliqué au tourisme et aux LEA (bac+3); 7. Bachelor en management appliqué à la sociologie (bac+3); 8. Licence en droit public, option: administration publique; 9. Licence en marketing, vente, option: marketing et commerce international; 10. Licence en sciences politiques, option: sciences politiques et relations internationales; 11. Licence en communication, option: communication et média; 12. Licence en informatique, option: génie logiciel- réseaux et systèmes; 13. Licence en droit privé, option: recouvrement et contentieux; 14. Licence en mathématiques appliquées, option: mathématiques appliquées, informatique- économétrie; 15. Master en business english; 16. Master en communication leadership; 17. Master en management public et des collectivités locales; 18. Master en micro finance; 19. Master de gestion; 20. Master en management, option: management international; 21. Master en gestion, production, logistique, Achats, option: gestion de la chaîne logistique; 22. Master en communication, option: Communication leadership et relations publiques; 23. Master en sciences politiques, option: décentralisation et gouvernance territoriale; 24. Master en sciences politiques, option: sciences",128,Droit public,name
"Licence en gestion (ex DSG) ; 2. Licence en droit des Affaires (LDA) ; 3. Licence en informatique appliqué à la gestion des Entreprises (LIAGE) ; 4. Master en banque assurance ; 5. Master en audit contrôle de gestion et aide à la décision ; 6. Master en fiscalité-droit des affaires ; 7. Master en ingénierie financière ; 8. Master en qualité, hygiène, sécurité et environnement ; 9. Master en management des NTIC ; 10. Master en management de projets ; 11. Master en passation des marchés ; 12. Master en communication-créativité - événementiel ; 13. Master en management- vente-relation client ; 14. Master en stratégie de l’entreprise ; 15. Master en management des ressources humaines ; 16. Master en science politique et relations internationales ; 17. master en sociologie des organisations ; 18. Master in business administration (MBA). 1. Bachelor en marketing (bac+3); 2. Bachelor en finance (bac+3); 3. Bachelor en organisation (bac+3); 4. Bachelor en management appliqué aux NTIC (bac+3); 5. Bachelor en management appliqué au droit des affaires (bac+3); 6. Bachelor en management appliqué au tourisme et aux LEA (bac+3); 7. Bachelor en management appliqué à la sociologie (bac+3); 8. Licence en droit public, option: administration publique; 9. Licence en marketing, vente, option: marketing et commerce international; 10. Licence en sciences politiques, option: sciences politiques et relations internationales; 11. Licence en communication, option: communication et média; 12. Licence en informatique, option: génie logiciel- réseaux et systèmes; 13. Licence en droit privé, option: recouvrement et contentieux; 14. Licence en mathématiques appliquées, option: mathématiques appliquées, informatique- économétrie; 15. Master en business english; 16. Master en communication leadership; 17. Master en management public et des collectivités locales; 18. Master en micro finance; 19. Master de gestion; 20. Master en management, option: management international; 21. Master en gestion, production, logistique, Achats, option: gestion de la chaîne logistique; 22. Master en communication, option: Communication leadership et relations publiques; 23. Master en sciences politiques, option: décentralisation et gouvernance territoriale; 24. Master en sciences politiques, option: sciences",129,Droit privé,name
"Licence en gestion (ex DSG) ; 2. Licence en droit des Affaires (LDA) ; 3. Licence en informatique appliqué à la gestion des Entreprises (LIAGE) ; 4. Master en banque assurance ; 5. Master en audit contrôle de gestion et aide à la décision ; 6. Master en fiscalité-droit des affaires ; 7. Master en ingénierie financière ; 8. Master en qualité, hygiène, sécurité et environnement ; 9. Master en management des NTIC ; 10. Master en management de projets ; 11. Master en passation des marchés ; 12. Master en communication-créativité - événementiel ; 13. Master en management- vente-relation client ; 14. Master en stratégie de l’entreprise ; 15. Master en management des ressources humaines ; 16. Master en science politique et relations internationales ; 17. master en sociologie des organisations ; 18. Master in business administration (MBA). 1. Bachelor en marketing (bac+3); 2. Bachelor en finance (bac+3); 3. Bachelor en organisation (bac+3); 4. Bachelor en management appliqué aux NTIC (bac+3); 5. Bachelor en management appliqué au droit des affaires (bac+3); 6. Bachelor en management appliqué au tourisme et aux LEA (bac+3); 7. Bachelor en management appliqué à la sociologie (bac+3); 8. Licence en droit public, option: administration publique; 9. Licence en marketing, vente, option: marketing et commerce international; 10. Licence en sciences politiques, option: sciences politiques et relations internationales; 11. Licence en communication, option: communication et média; 12. Licence en informatique, option: génie logiciel- réseaux et systèmes; 13. Licence en droit privé, option: recouvrement et contentieux; 14. Licence en mathématiques appliquées, option: mathématiques appliquées, informatique- économétrie; 15. Master en business english; 16. Master en communication leadership; 17. Master en management public et des collectivités locales; 18. Master en micro finance; 19. Master de gestion; 20. Master en management, option: management international; 21. Master en gestion, production, logistique, Achats, option: gestion de la chaîne logistique; 22. Master en communication, option: Communication leadership et relations publiques; 23. Master en sciences politiques, option: décentralisation et gouvernance territoriale; 24. Master en sciences politiques, option: sciences",153,Mathématiques,name
"Licence en gestion (ex DSG) ; 2. Licence en droit des Affaires (LDA) ; 3. Licence en informatique appliqué à la gestion des Entreprises (LIAGE) ; 4. Master en banque assurance ; 5. Master en audit contrôle de gestion et aide à la décision ; 6. Master en fiscalité-droit des affaires ; 7. Master en ingénierie financière ; 8. Master en qualité, hygiène, sécurité et environnement ; 9. Master en management des NTIC ; 10. Master en management de projets ; 11. Master en passation des marchés ; 12. Master en communication-créativité - événementiel ; 13. Master en management- vente-relation client ; 14. Master en stratégie de l’entreprise ; 15. Master en management des ressources humaines ; 16. Master en science politique et relations internationales ; 17. master en sociologie des organisations ; 18. Master in business administration (MBA). 1. Bachelor en marketing (bac+3); 2. Bachelor en finance (bac+3); 3. Bachelor en organisation (bac+3); 4. Bachelor en management appliqué aux NTIC (bac+3); 5. Bachelor en management appliqué au droit des affaires (bac+3); 6. Bachelor en management appliqué au tourisme et aux LEA (bac+3); 7. Bachelor en management appliqué à la sociologie (bac+3); 8. Licence en droit public, option: administration publique; 9. Licence en marketing, vente, option: marketing et commerce international; 10. Licence en sciences politiques, option: sciences politiques et relations internationales; 11. Licence en communication, option: communication et média; 12. Licence en informatique, option: génie logiciel- réseaux et systèmes; 13. Licence en droit privé, option: recouvrement et contentieux; 14. Licence en mathématiques appliquées, option: mathématiques appliquées, informatique- économétrie; 15. Master en business english; 16. Master en communication leadership; 17. Master en management public et des collectivités locales; 18. Master en micro finance; 19. Master de gestion; 20. Master en management, option: management international; 21. Master en gestion, production, logistique, Achats, option: gestion de la chaîne logistique; 22. Master en communication, option: Communication leadership et relations publiques; 23. Master en sciences politiques, option: décentralisation et gouvernance territoriale; 24. Master en sciences politiques, option: sciences",155,Sociologie,name
"Master en droit privé, option: droit notarial et gestion de patrimoine; 26. Master en informatique appliquée, option: Management et sécurité des systèmes d'information; 27. Master en informatique appliquée, option: ingénierie réseaux et systèmes décisionnels; ISM virtuel 1. Licence en gestion, option: administration des affaires; 2. Licence en droit privé, option: droit des Affaires; 3. Licence en Informatique, option: informatique appliquée à la gestion; 4. Master en Gestion, option: audit et contrôle de gestion; 5. Master en gestion, option: ingénierie financière; 6. Master en gestion, option: administration des affaires; 7. Master en gestion, option: marketing- management; 8. Master en gestion, option: management des ressources humaines; 9. Master en gestion, option: management de projets; 10. Master en gestion, option: management en qualité hygiène sécurité et environnement.",1,Informatique,name
"Master en droit privé, option: droit notarial et gestion de patrimoine; 26. Master en informatique appliquée, option: Management et sécurité des systèmes d'information; 27. Master en informatique appliquée, option: ingénierie réseaux et systèmes décisionnels; ISM virtuel 1. Licence en gestion, option: administration des affaires; 2. Licence en droit privé, option: droit des Affaires; 3. Licence en Informatique, option: informatique appliquée à la gestion; 4. Master en Gestion, option: audit et contrôle de gestion; 5. Master en gestion, option: ingénierie financière; 6. Master en gestion, option: administration des affaires; 7. Master en gestion, option: marketing- management; 8. Master en gestion, option: management des ressources humaines; 9. Master en gestion, option: management de projets; 10. Master en gestion, option: management en qualité hygiène sécurité et environnement.",4,Droit,name
"Master en droit privé, option: droit notarial et gestion de patrimoine; 26. Master en informatique appliquée, option: Management et sécurité des systèmes d'information; 27. Master en informatique appliquée, option: ingénierie réseaux et systèmes décisionnels; ISM virtuel 1. Licence en gestion, option: administration des affaires; 2. Licence en droit privé, option: droit des Affaires; 3. Licence en Informatique, option: informatique appliquée à la gestion; 4. Master en Gestion, option: audit et contrôle de gestion; 5. Master en gestion, option: ingénierie financière; 6. Master en gestion, option: administration des affaires; 7. Master en gestion, option: marketing- management; 8. Master en gestion, option: management des ressources humaines; 9. Master en gestion, option: management de projets; 10. Master en gestion, option: management en qualité hygiène sécurité et environnement.",5,Gestion,name
"Master en droit privé, option: droit notarial et gestion de patrimoine; 26. Master en informatique appliquée, option: Management et sécurité des systèmes d'information; 27. Master en informatique appliquée, option: ingénierie réseaux et systèmes décisionnels; ISM virtuel 1. Licence en gestion, option: administration des affaires; 2. Licence en droit privé, option: droit des Affaires; 3. Licence en Informatique, option: informatique appliquée à la gestion; 4. Master en Gestion, option: audit et contrôle de gestion; 5. Master en gestion, option: ingénierie financière; 6. Master en gestion, option: administration des affaires; 7. Master en gestion, option: marketing- management; 8. Master en gestion, option: management des ressources humaines; 9. Master en gestion, option: management de projets; 10. Master en gestion, option: management en qualité hygiène sécurité et environnement.",7,Marketing,name
"Master en droit privé, option: droit notarial et gestion de patrimoine; 26. Master en informatique appliquée, option: Management et sécurité des systèmes d'information; 27. Master en informatique appliquée, option: ingénierie réseaux et systèmes décisionnels; ISM virtuel 1. Licence en gestion, option: administration des affaires; 2. Licence en droit privé, option: droit des Affaires; 3. Licence en Informatique, option: informatique appliquée à la gestion; 4. Master en Gestion, option: audit et contrôle de gestion; 5. Master en gestion, option: ingénierie financière; 6. Master en gestion, option: administration des affaires; 7. Master en gestion, option: marketing- management; 8. Master en gestion, option: management des ressources humaines; 9. Master en gestion, option: management de projets; 10. Master en gestion, option: management en qualité hygiène sécurité et environnement.",64,Management,name
"Master en droit privé, option: droit notarial et gestion de patrimoine; 26. Master en informatique appliquée, option: Management et sécurité des systèmes d'information; 27. Master en informatique appliquée, option: ingénierie réseaux et systèmes décisionnels; ISM virtuel 1. Licence en gestion, option: administration des affaires; 2. Licence en droit privé, option: droit des Affaires; 3. Licence en Informatique, option: informatique appliquée à la gestion; 4. Master en Gestion, option: audit et contrôle de gestion; 5. Master en gestion, option: ingénierie financière; 6. Master en gestion, option: administration des affaires; 7. Master en gestion, option: marketing- management; 8. Master en gestion, option: management des ressources humaines; 9. Master en gestion, option: management de projets; 10. Master en gestion, option: management en qualité hygiène sécurité et environnement.",73,Droit des affaires,name
"Master en droit privé, option: droit notarial et gestion de patrimoine; 26. Master en informatique appliquée, option: Management et sécurité des systèmes d'information; 27. Master en informatique appliquée, option: ingénierie réseaux et systèmes décisionnels; ISM virtuel 1. Licence en gestion, option: administration des affaires; 2. Licence en droit privé, option: droit des Affaires; 3. Licence en Informatique, option: informatique appliquée à la gestion; 4. Master en Gestion, option: audit et contrôle de gestion; 5. Master en gestion, option: ingénierie financière; 6. Master en gestion, option: administration des affaires; 7. Master en gestion, option: marketing- management; 8. Master en gestion, option: management des ressources humaines; 9. Master en gestion, option: management de projets; 10. Master en gestion, option: management en qualité hygiène sécurité et environnement.",75,Management de projet,name
"Master en droit privé, option: droit notarial et gestion de patrimoine; 26. Master en informatique appliquée, option: Management et sécurité des systèmes d'information; 27. Master en informatique appliquée, option: ingénierie réseaux et systèmes décisionnels; ISM virtuel 1. Licence en gestion, option: administration des affaires; 2. Licence en droit privé, option: droit des Affaires; 3. Licence en Informatique, option: informatique appliquée à la gestion; 4. Master en Gestion, option: audit et contrôle de gestion; 5. Master en gestion, option: ingénierie financière; 6. Master en gestion, option: administration des affaires; 7. Master en gestion, option: marketing- management; 8. Master en gestion, option: management des ressources humaines; 9. Master en gestion, option: management de projets; 10. Master en gestion, option: management en qualité hygiène sécurité et environnement.",97,Audit et Contrôle de Gestion,name
"Master en droit privé, option: droit notarial et gestion de patrimoine; 26. Master en informatique appliquée, option: Management et sécurité des systèmes d'information; 27. Master en informatique appliquée, option: ingénierie réseaux et systèmes décisionnels; ISM virtuel 1. Licence en gestion, option: administration des affaires; 2. Licence en droit privé, option: droit des Affaires; 3. Licence en Informatique, option: informatique appliquée à la gestion; 4. Master en Gestion, option: audit et contrôle de gestion; 5. Master en gestion, option: ingénierie financière; 6. Master en gestion, option: administration des affaires; 7. Master en gestion, option: marketing- management; 8. Master en gestion, option: management des ressources humaines; 9. Master en gestion, option: management de projets; 10. Master en gestion, option: management en qualité hygiène sécurité et environnement.",112,Administration des Affaires,name
"Master en droit privé, option: droit notarial et gestion de patrimoine; 26. Master en informatique appliquée, option: Management et sécurité des systèmes d'information; 27. Master en informatique appliquée, option: ingénierie réseaux et systèmes décisionnels; ISM virtuel 1. Licence en gestion, option: administration des affaires; 2. Licence en droit privé, option: droit des Affaires; 3. Licence en Informatique, option: informatique appliquée à la gestion; 4. Master en Gestion, option: audit et contrôle de gestion; 5. Master en gestion, option: ingénierie financière; 6. Master en gestion, option: administration des affaires; 7. Master en gestion, option: marketing- management; 8. Master en gestion, option: management des ressources humaines; 9. Master en gestion, option: management de projets; 10. Master en gestion, option: management en qualité hygiène sécurité et environnement.",118,Ingénierie Financière,name
"Master en droit privé, option: droit notarial et gestion de patrimoine; 26. Master en informatique appliquée, option: Management et sécurité des systèmes d'information; 27. Master en informatique appliquée, option: ingénierie réseaux et systèmes décisionnels; ISM virtuel 1. Licence en gestion, option: administration des affaires; 2. Licence en droit privé, option: droit des Affaires; 3. Licence en Informatique, option: informatique appliquée à la gestion; 4. Master en Gestion, option: audit et contrôle de gestion; 5. Master en gestion, option: ingénierie financière; 6. Master en gestion, option: administration des affaires; 7. Master en gestion, option: marketing- management; 8. Master en gestion, option: management des ressources humaines; 9. Master en gestion, option: management de projets; 10. Master en gestion, option: management en qualité hygiène sécurité et environnement.",129,Droit privé,name
"Licence en comptabilité et gestion; 2. Licence en management et gestion des entreprises; 3. Licence en commerce international; 4. Licence en transit, transport et logistique; 5. Licence en banque, finance et assurance; 6. Licence en ingénierie financière; 7. Licence en comptabilité finance; 8. Licence en audit et contrôle de gestion; 9. Licence en génie logiciel; 10. Licence en informatique de gestion; 11. Licence en réseaux informatiques; 12. Licence en réseaux et télécommunication. HA-2018 RepSEN/Ensup-priv/HA/034-2018 1. Licence en qualité, hygiène, sécurité et environnement; 2. Master en qualité, hygiène, sécurité et environnement. HA-2018 RepSEN/Ensup-priv/HA/032-2018 1. Licence en sciences infirmières (LSI); 2. Licence en sciences gynéco-obstétricales (lSGO); 3. Licence en biologie, option: analyse biologique (LAB); 4. Licence en biologie, option: agroalimentaire (LIAA); 5. Licence en biologie, option: diététique (LDIET); 6. Master en sciences infirmière en anesthésie et réanimation; 7. Master en sciences infirmières en enseignement et en administration; 8. Master en administration services de soins; 9. Master en analyses biologiques et médicales; 10. Master en agro-alimentaire et biologie; 11. Master en management de la qualité des 41",1,Informatique,name
"Licence en comptabilité et gestion; 2. Licence en management et gestion des entreprises; 3. Licence en commerce international; 4. Licence en transit, transport et logistique; 5. Licence en banque, finance et assurance; 6. Licence en ingénierie financière; 7. Licence en comptabilité finance; 8. Licence en audit et contrôle de gestion; 9. Licence en génie logiciel; 10. Licence en informatique de gestion; 11. Licence en réseaux informatiques; 12. Licence en réseaux et télécommunication. HA-2018 RepSEN/Ensup-priv/HA/034-2018 1. Licence en qualité, hygiène, sécurité et environnement; 2. Master en qualité, hygiène, sécurité et environnement. HA-2018 RepSEN/Ensup-priv/HA/032-2018 1. Licence en sciences infirmières (LSI); 2. Licence en sciences gynéco-obstétricales (lSGO); 3. Licence en biologie, option: analyse biologique (LAB); 4. Licence en biologie, option: agroalimentaire (LIAA); 5. Licence en biologie, option: diététique (LDIET); 6. Master en sciences infirmière en anesthésie et réanimation; 7. Master en sciences infirmières en enseignement et en administration; 8. Master en administration services de soins; 9. Master en analyses biologiques et médicales; 10. Master en agro-alimentaire et biologie; 11. Master en management de la qualité des 41",5,Gestion,name
"Licence en comptabilité et gestion; 2. Licence en management et gestion des entreprises; 3. Licence en commerce international; 4. Licence en transit, transport et logistique; 5. Licence en banque, finance et assurance; 6. Licence en ingénierie financière; 7. Licence en comptabilité finance; 8. Licence en audit et contrôle de gestion; 9. Licence en génie logiciel; 10. Licence en informatique de gestion; 11. Licence en réseaux informatiques; 12. Licence en réseaux et télécommunication. HA-2018 RepSEN/Ensup-priv/HA/034-2018 1. Licence en qualité, hygiène, sécurité et environnement; 2. Master en qualité, hygiène, sécurité et environnement. HA-2018 RepSEN/Ensup-priv/HA/032-2018 1. Licence en sciences infirmières (LSI); 2. Licence en sciences gynéco-obstétricales (lSGO); 3. Licence en biologie, option: analyse biologique (LAB); 4. Licence en biologie, option: agroalimentaire (LIAA); 5. Licence en biologie, option: diététique (LDIET); 6. Master en sciences infirmière en anesthésie et réanimation; 7. Master en sciences infirmières en enseignement et en administration; 8. Master en administration services de soins; 9. Master en analyses biologiques et médicales; 10. Master en agro-alimentaire et biologie; 11. Master en management de la qualité des 41",9,Génie Logiciel,name
"Licence en comptabilité et gestion; 2. Licence en management et gestion des entreprises; 3. Licence en commerce international; 4. Licence en transit, transport et logistique; 5. Licence en banque, finance et assurance; 6. Licence en ingénierie financière; 7. Licence en comptabilité finance; 8. Licence en audit et contrôle de gestion; 9. Licence en génie logiciel; 10. Licence en informatique de gestion; 11. Licence en réseaux informatiques; 12. Licence en réseaux et télécommunication. HA-2018 RepSEN/Ensup-priv/HA/034-2018 1. Licence en qualité, hygiène, sécurité et environnement; 2. Master en qualité, hygiène, sécurité et environnement. HA-2018 RepSEN/Ensup-priv/HA/032-2018 1. Licence en sciences infirmières (LSI); 2. Licence en sciences gynéco-obstétricales (lSGO); 3. Licence en biologie, option: analyse biologique (LAB); 4. Licence en biologie, option: agroalimentaire (LIAA); 5. Licence en biologie, option: diététique (LDIET); 6. Master en sciences infirmière en anesthésie et réanimation; 7. Master en sciences infirmières en enseignement et en administration; 8. Master en administration services de soins; 9. Master en analyses biologiques et médicales; 10. Master en agro-alimentaire et biologie; 11. Master en management de la qualité des 41",15,Informatique de Gestion,name
"Licence en comptabilité et gestion; 2. Licence en management et gestion des entreprises; 3. Licence en commerce international; 4. Licence en transit, transport et logistique; 5. Licence en banque, finance et assurance; 6. Licence en ingénierie financière; 7. Licence en comptabilité finance; 8. Licence en audit et contrôle de gestion; 9. Licence en génie logiciel; 10. Licence en informatique de gestion; 11. Licence en réseaux informatiques; 12. Licence en réseaux et télécommunication. HA-2018 RepSEN/Ensup-priv/HA/034-2018 1. Licence en qualité, hygiène, sécurité et environnement; 2. Master en qualité, hygiène, sécurité et environnement. HA-2018 RepSEN/Ensup-priv/HA/032-2018 1. Licence en sciences infirmières (LSI); 2. Licence en sciences gynéco-obstétricales (lSGO); 3. Licence en biologie, option: analyse biologique (LAB); 4. Licence en biologie, option: agroalimentaire (LIAA); 5. Licence en biologie, option: diététique (LDIET); 6. Master en sciences infirmière en anesthésie et réanimation; 7. Master en sciences infirmières en enseignement et en administration; 8. Master en administration services de soins; 9. Master en analyses biologiques et médicales; 10. Master en agro-alimentaire et biologie; 11. Master en management de la qualité des 41",20,Sciences infirmières,name
"Licence en comptabilité et gestion; 2. Licence en management et gestion des entreprises; 3. Licence en commerce international; 4. Licence en transit, transport et logistique; 5. Licence en banque, finance et assurance; 6. Licence en ingénierie financière; 7. Licence en comptabilité finance; 8. Licence en audit et contrôle de gestion; 9. Licence en génie logiciel; 10. Licence en informatique de gestion; 11. Licence en réseaux informatiques; 12. Licence en réseaux et télécommunication. HA-2018 RepSEN/Ensup-priv/HA/034-2018 1. Licence en qualité, hygiène, sécurité et environnement; 2. Master en qualité, hygiène, sécurité et environnement. HA-2018 RepSEN/Ensup-priv/HA/032-2018 1. Licence en sciences infirmières (LSI); 2. Licence en sciences gynéco-obstétricales (lSGO); 3. Licence en biologie, option: analyse biologique (LAB); 4. Licence en biologie, option: agroalimentaire (LIAA); 5. Licence en biologie, option: diététique (LDIET); 6. Master en sciences infirmière en anesthésie et réanimation; 7. Master en sciences infirmières en enseignement et en administration; 8. Master en administration services de soins; 9. Master en analyses biologiques et médicales; 10. Master en agro-alimentaire et biologie; 11. Master en management de la qualité des 41",64,Management,name
"Licence en comptabilité et gestion; 2. Licence en management et gestion des entreprises; 3. Licence en commerce international; 4. Licence en transit, transport et logistique; 5. Licence en banque, finance et assurance; 6. Licence en ingénierie financière; 7. Licence en comptabilité finance; 8. Licence en audit et contrôle de gestion; 9. Licence en génie logiciel; 10. Licence en informatique de gestion; 11. Licence en réseaux informatiques; 12. Licence en réseaux et télécommunication. HA-2018 RepSEN/Ensup-priv/HA/034-2018 1. Licence en qualité, hygiène, sécurité et environnement; 2. Master en qualité, hygiène, sécurité et environnement. HA-2018 RepSEN/Ensup-priv/HA/032-2018 1. Licence en sciences infirmières (LSI); 2. Licence en sciences gynéco-obstétricales (lSGO); 3. Licence en biologie, option: analyse biologique (LAB); 4. Licence en biologie, option: agroalimentaire (LIAA); 5. Licence en biologie, option: diététique (LDIET); 6. Master en sciences infirmière en anesthésie et réanimation; 7. Master en sciences infirmières en enseignement et en administration; 8. Master en administration services de soins; 9. Master en analyses biologiques et médicales; 10. Master en agro-alimentaire et biologie; 11. Master en management de la qualité des 41",79,Commerce international,name
"Licence en comptabilité et gestion; 2. Licence en management et gestion des entreprises; 3. Licence en commerce international; 4. Licence en transit, transport et logistique; 5. Licence en banque, finance et assurance; 6. Licence en ingénierie financière; 7. Licence en comptabilité finance; 8. Licence en audit et contrôle de gestion; 9. Licence en génie logiciel; 10. Licence en informatique de gestion; 11. Licence en réseaux informatiques; 12. Licence en réseaux et télécommunication. HA-2018 RepSEN/Ensup-priv/HA/034-2018 1. Licence en qualité, hygiène, sécurité et environnement; 2. Master en qualité, hygiène, sécurité et environnement. HA-2018 RepSEN/Ensup-priv/HA/032-2018 1. Licence en sciences infirmières (LSI); 2. Licence en sciences gynéco-obstétricales (lSGO); 3. Licence en biologie, option: analyse biologique (LAB); 4. Licence en biologie, option: agroalimentaire (LIAA); 5. Licence en biologie, option: diététique (LDIET); 6. Master en sciences infirmière en anesthésie et réanimation; 7. Master en sciences infirmières en enseignement et en administration; 8. Master en administration services de soins; 9. Master en analyses biologiques et médicales; 10. Master en agro-alimentaire et biologie; 11. Master en management de la qualité des 41",97,Audit et Contrôle de Gestion,name
"Licence en comptabilité et gestion; 2. Licence en management et gestion des entreprises; 3. Licence en commerce international; 4. Licence en transit, transport et logistique; 5. Licence en banque, finance et assurance; 6. Licence en ingénierie financière; 7. Licence en comptabilité finance; 8. Licence en audit et contrôle de gestion; 9. Licence en génie logiciel; 10. Licence en informatique de gestion; 11. Licence en réseaux informatiques; 12. Licence en réseaux et télécommunication. HA-2018 RepSEN/Ensup-priv/HA/034-2018 1. Licence en qualité, hygiène, sécurité et environnement; 2. Master en qualité, hygiène, sécurité et environnement. HA-2018 RepSEN/Ensup-priv/HA/032-2018 1. Licence en sciences infirmières (LSI); 2. Licence en sciences gynéco-obstétricales (lSGO); 3. Licence en biologie, option: analyse biologique (LAB); 4. Licence en biologie, option: agroalimentaire (LIAA); 5. Licence en biologie, option: diététique (LDIET); 6. Master en sciences infirmière en anesthésie et réanimation; 7. Master en sciences infirmières en enseignement et en administration; 8. Master en administration services de soins; 9. Master en analyses biologiques et médicales; 10. Master en agro-alimentaire et biologie; 11. Master en management de la qualité des 41",105,Comptabilité,name
"Licence en comptabilité et gestion; 2. Licence en management et gestion des entreprises; 3. Licence en commerce international; 4. Licence en transit, transport et logistique; 5. Licence en banque, finance et assurance; 6. Licence en ingénierie financière; 7. Licence en comptabilité finance; 8. Licence en audit et contrôle de gestion; 9. Licence en génie logiciel; 10. Licence en informatique de gestion; 11. Licence en réseaux informatiques; 12. Licence en réseaux et télécommunication. HA-2018 RepSEN/Ensup-priv/HA/034-2018 1. Licence en qualité, hygiène, sécurité et environnement; 2. Master en qualité, hygiène, sécurité et environnement. HA-2018 RepSEN/Ensup-priv/HA/032-2018 1. Licence en sciences infirmières (LSI); 2. Licence en sciences gynéco-obstétricales (lSGO); 3. Licence en biologie, option: analyse biologique (LAB); 4. Licence en biologie, option: agroalimentaire (LIAA); 5. Licence en biologie, option: diététique (LDIET); 6. Master en sciences infirmière en anesthésie et réanimation; 7. Master en sciences infirmières en enseignement et en administration; 8. Master en administration services de soins; 9. Master en analyses biologiques et médicales; 10. Master en agro-alimentaire et biologie; 11. Master en management de la qualité des 41",106,Comptabilité et Gestion,name
"Licence en comptabilité et gestion; 2. Licence en management et gestion des entreprises; 3. Licence en commerce international; 4. Licence en transit, transport et logistique; 5. Licence en banque, finance et assurance; 6. Licence en ingénierie financière; 7. Licence en comptabilité finance; 8. Licence en audit et contrôle de gestion; 9. Licence en génie logiciel; 10. Licence en informatique de gestion; 11. Licence en réseaux informatiques; 12. Licence en réseaux et télécommunication. HA-2018 RepSEN/Ensup-priv/HA/034-2018 1. Licence en qualité, hygiène, sécurité et environnement; 2. Master en qualité, hygiène, sécurité et environnement. HA-2018 RepSEN/Ensup-priv/HA/032-2018 1. Licence en sciences infirmières (LSI); 2. Licence en sciences gynéco-obstétricales (lSGO); 3. Licence en biologie, option: analyse biologique (LAB); 4. Licence en biologie, option: agroalimentaire (LIAA); 5. Licence en biologie, option: diététique (LDIET); 6. Master en sciences infirmière en anesthésie et réanimation; 7. Master en sciences infirmières en enseignement et en administration; 8. Master en administration services de soins; 9. Master en analyses biologiques et médicales; 10. Master en agro-alimentaire et biologie; 11. Master en management de la qualité des 41",107,Réseaux Informatiques,name
"Licence en comptabilité et gestion; 2. Licence en management et gestion des entreprises; 3. Licence en commerce international; 4. Licence en transit, transport et logistique; 5. Licence en banque, finance et assurance; 6. Licence en ingénierie financière; 7. Licence en comptabilité finance; 8. Licence en audit et contrôle de gestion; 9. Licence en génie logiciel; 10. Licence en informatique de gestion; 11. Licence en réseaux informatiques; 12. Licence en réseaux et télécommunication. HA-2018 RepSEN/Ensup-priv/HA/034-2018 1. Licence en qualité, hygiène, sécurité et environnement; 2. Master en qualité, hygiène, sécurité et environnement. HA-2018 RepSEN/Ensup-priv/HA/032-2018 1. Licence en sciences infirmières (LSI); 2. Licence en sciences gynéco-obstétricales (lSGO); 3. Licence en biologie, option: analyse biologique (LAB); 4. Licence en biologie, option: agroalimentaire (LIAA); 5. Licence en biologie, option: diététique (LDIET); 6. Master en sciences infirmière en anesthésie et réanimation; 7. Master en sciences infirmières en enseignement et en administration; 8. Master en administration services de soins; 9. Master en analyses biologiques et médicales; 10. Master en agro-alimentaire et biologie; 11. Master en management de la qualité des 41",118,Ingénierie Financière,name
"Licence en comptabilité et gestion; 2. Licence en management et gestion des entreprises; 3. Licence en commerce international; 4. Licence en transit, transport et logistique; 5. Licence en banque, finance et assurance; 6. Licence en ingénierie financière; 7. Licence en comptabilité finance; 8. Licence en audit et contrôle de gestion; 9. Licence en génie logiciel; 10. Licence en informatique de gestion; 11. Licence en réseaux informatiques; 12. Licence en réseaux et télécommunication. HA-2018 RepSEN/Ensup-priv/HA/034-2018 1. Licence en qualité, hygiène, sécurité et environnement; 2. Master en qualité, hygiène, sécurité et environnement. HA-2018 RepSEN/Ensup-priv/HA/032-2018 1. Licence en sciences infirmières (LSI); 2. Licence en sciences gynéco-obstétricales (lSGO); 3. Licence en biologie, option: analyse biologique (LAB); 4. Licence en biologie, option: agroalimentaire (LIAA); 5. Licence en biologie, option: diététique (LDIET); 6. Master en sciences infirmière en anesthésie et réanimation; 7. Master en sciences infirmières en enseignement et en administration; 8. Master en administration services de soins; 9. Master en analyses biologiques et médicales; 10. Master en agro-alimentaire et biologie; 11. Master en management de la qualité des 41",121,Communication,name
"Licence en comptabilité et gestion; 2. Licence en management et gestion des entreprises; 3. Licence en commerce international; 4. Licence en transit, transport et logistique; 5. Licence en banque, finance et assurance; 6. Licence en ingénierie financière; 7. Licence en comptabilité finance; 8. Licence en audit et contrôle de gestion; 9. Licence en génie logiciel; 10. Licence en informatique de gestion; 11. Licence en réseaux informatiques; 12. Licence en réseaux et télécommunication. HA-2018 RepSEN/Ensup-priv/HA/034-2018 1. Licence en qualité, hygiène, sécurité et environnement; 2. Master en qualité, hygiène, sécurité et environnement. HA-2018 RepSEN/Ensup-priv/HA/032-2018 1. Licence en sciences infirmières (LSI); 2. Licence en sciences gynéco-obstétricales (lSGO); 3. Licence en biologie, option: analyse biologique (LAB); 4. Licence en biologie, option: agroalimentaire (LIAA); 5. Licence en biologie, option: diététique (LDIET); 6. Master en sciences infirmière en anesthésie et réanimation; 7. Master en sciences infirmières en enseignement et en administration; 8. Master en administration services de soins; 9. Master en analyses biologiques et médicales; 10. Master en agro-alimentaire et biologie; 11. Master en management de la qualité des 41",161,Biologie,name
"Licence en sciences infirmières et obstétricales (LSIO), option: infirmier; 2. Licence en sciences infirmières et obstréticales (LSIO), option: sage-femme. HA-2019 RepSEN/Ensup-priv/HA/060-2019 1. Licence en transport-logistique; 2. Licence en commerce international; 3. Licence en marketing et communication des entreprises; 4. Licence en gestion des entreprises et administration; 5. Licence en finance, banque, assurance; 6. Licence en comptabilité; 7. Licence en informatique de gestion; 8. Master en comptabilité; 9. Master en marketing et communication des entreprises; 10. Master en finance, banque, assurance; 11. Master en gestion des ressources humaines. 1. Licence en gestion des ressources humaines ; 2. Licence en ingénierie financière ; 3. Licence en audit et contrôle de gestion ; 4. Licence en ingénierie de la micro-finance ; 5. Licence en assistanat de gestion/ PME/PME ; 6. Licence en management des organisations et institutions publiques ; 7. Master transport logistique 8. Master management commercial et gestion de la qualité ; 9. Master commerce international ; 10. Master marketing et communication ; 11. Master gestion des entreprises et administration ; 12. Master ingénierie financière ; 13. Master en audit et contrôle de gestion ; 14. Master en ingénierie de la micro-finance ; 15. Master en informatique de gestion ; 16. Master en assistanat de gestion/ PME/PME ; 17. Master en management des organisations et institutions publiques. Institut Universitaire Professionnel en Santé (IUP Santé) HA-2021 RepSEN/Ensup-priv/HA/073-2021 1. Licence en sciences infirmières et obstétricales (LSIO), option: infirmier; 2. Licence en sciences infirmières et obstréticales (LSIO), option: sage-femme. 42",1,Informatique,name
"Licence en sciences infirmières et obstétricales (LSIO), option: infirmier; 2. Licence en sciences infirmières et obstréticales (LSIO), option: sage-femme. HA-2019 RepSEN/Ensup-priv/HA/060-2019 1. Licence en transport-logistique; 2. Licence en commerce international; 3. Licence en marketing et communication des entreprises; 4. Licence en gestion des entreprises et administration; 5. Licence en finance, banque, assurance; 6. Licence en comptabilité; 7. Licence en informatique de gestion; 8. Master en comptabilité; 9. Master en marketing et communication des entreprises; 10. Master en finance, banque, assurance; 11. Master en gestion des ressources humaines. 1. Licence en gestion des ressources humaines ; 2. Licence en ingénierie financière ; 3. Licence en audit et contrôle de gestion ; 4. Licence en ingénierie de la micro-finance ; 5. Licence en assistanat de gestion/ PME/PME ; 6. Licence en management des organisations et institutions publiques ; 7. Master transport logistique 8. Master management commercial et gestion de la qualité ; 9. Master commerce international ; 10. Master marketing et communication ; 11. Master gestion des entreprises et administration ; 12. Master ingénierie financière ; 13. Master en audit et contrôle de gestion ; 14. Master en ingénierie de la micro-finance ; 15. Master en informatique de gestion ; 16. Master en assistanat de gestion/ PME/PME ; 17. Master en management des organisations et institutions publiques. Institut Universitaire Professionnel en Santé (IUP Santé) HA-2021 RepSEN/Ensup-priv/HA/073-2021 1. Licence en sciences infirmières et obstétricales (LSIO), option: infirmier; 2. Licence en sciences infirmières et obstréticales (LSIO), option: sage-femme. 42",5,Gestion,name
"Licence en sciences infirmières et obstétricales (LSIO), option: infirmier; 2. Licence en sciences infirmières et obstréticales (LSIO), option: sage-femme. HA-2019 RepSEN/Ensup-priv/HA/060-2019 1. Licence en transport-logistique; 2. Licence en commerce international; 3. Licence en marketing et communication des entreprises; 4. Licence en gestion des entreprises et administration; 5. Licence en finance, banque, assurance; 6. Licence en comptabilité; 7. Licence en informatique de gestion; 8. Master en comptabilité; 9. Master en marketing et communication des entreprises; 10. Master en finance, banque, assurance; 11. Master en gestion des ressources humaines. 1. Licence en gestion des ressources humaines ; 2. Licence en ingénierie financière ; 3. Licence en audit et contrôle de gestion ; 4. Licence en ingénierie de la micro-finance ; 5. Licence en assistanat de gestion/ PME/PME ; 6. Licence en management des organisations et institutions publiques ; 7. Master transport logistique 8. Master management commercial et gestion de la qualité ; 9. Master commerce international ; 10. Master marketing et communication ; 11. Master gestion des entreprises et administration ; 12. Master ingénierie financière ; 13. Master en audit et contrôle de gestion ; 14. Master en ingénierie de la micro-finance ; 15. Master en informatique de gestion ; 16. Master en assistanat de gestion/ PME/PME ; 17. Master en management des organisations et institutions publiques. Institut Universitaire Professionnel en Santé (IUP Santé) HA-2021 RepSEN/Ensup-priv/HA/073-2021 1. Licence en sciences infirmières et obstétricales (LSIO), option: infirmier; 2. Licence en sciences infirmières et obstréticales (LSIO), option: sage-femme. 42",7,Marketing,name
"Licence en sciences infirmières et obstétricales (LSIO), option: infirmier; 2. Licence en sciences infirmières et obstréticales (LSIO), option: sage-femme. HA-2019 RepSEN/Ensup-priv/HA/060-2019 1. Licence en transport-logistique; 2. Licence en commerce international; 3. Licence en marketing et communication des entreprises; 4. Licence en gestion des entreprises et administration; 5. Licence en finance, banque, assurance; 6. Licence en comptabilité; 7. Licence en informatique de gestion; 8. Master en comptabilité; 9. Master en marketing et communication des entreprises; 10. Master en finance, banque, assurance; 11. Master en gestion des ressources humaines. 1. Licence en gestion des ressources humaines ; 2. Licence en ingénierie financière ; 3. Licence en audit et contrôle de gestion ; 4. Licence en ingénierie de la micro-finance ; 5. Licence en assistanat de gestion/ PME/PME ; 6. Licence en management des organisations et institutions publiques ; 7. Master transport logistique 8. Master management commercial et gestion de la qualité ; 9. Master commerce international ; 10. Master marketing et communication ; 11. Master gestion des entreprises et administration ; 12. Master ingénierie financière ; 13. Master en audit et contrôle de gestion ; 14. Master en ingénierie de la micro-finance ; 15. Master en informatique de gestion ; 16. Master en assistanat de gestion/ PME/PME ; 17. Master en management des organisations et institutions publiques. Institut Universitaire Professionnel en Santé (IUP Santé) HA-2021 RepSEN/Ensup-priv/HA/073-2021 1. Licence en sciences infirmières et obstétricales (LSIO), option: infirmier; 2. Licence en sciences infirmières et obstréticales (LSIO), option: sage-femme. 42",15,Informatique de Gestion,name
"Licence en sciences infirmières et obstétricales (LSIO), option: infirmier; 2. Licence en sciences infirmières et obstréticales (LSIO), option: sage-femme. HA-2019 RepSEN/Ensup-priv/HA/060-2019 1. Licence en transport-logistique; 2. Licence en commerce international; 3. Licence en marketing et communication des entreprises; 4. Licence en gestion des entreprises et administration; 5. Licence en finance, banque, assurance; 6. Licence en comptabilité; 7. Licence en informatique de gestion; 8. Master en comptabilité; 9. Master en marketing et communication des entreprises; 10. Master en finance, banque, assurance; 11. Master en gestion des ressources humaines. 1. Licence en gestion des ressources humaines ; 2. Licence en ingénierie financière ; 3. Licence en audit et contrôle de gestion ; 4. Licence en ingénierie de la micro-finance ; 5. Licence en assistanat de gestion/ PME/PME ; 6. Licence en management des organisations et institutions publiques ; 7. Master transport logistique 8. Master management commercial et gestion de la qualité ; 9. Master commerce international ; 10. Master marketing et communication ; 11. Master gestion des entreprises et administration ; 12. Master ingénierie financière ; 13. Master en audit et contrôle de gestion ; 14. Master en ingénierie de la micro-finance ; 15. Master en informatique de gestion ; 16. Master en assistanat de gestion/ PME/PME ; 17. Master en management des organisations et institutions publiques. Institut Universitaire Professionnel en Santé (IUP Santé) HA-2021 RepSEN/Ensup-priv/HA/073-2021 1. Licence en sciences infirmières et obstétricales (LSIO), option: infirmier; 2. Licence en sciences infirmières et obstréticales (LSIO), option: sage-femme. 42",20,Sciences infirmières,name
"Licence en sciences infirmières et obstétricales (LSIO), option: infirmier; 2. Licence en sciences infirmières et obstréticales (LSIO), option: sage-femme. HA-2019 RepSEN/Ensup-priv/HA/060-2019 1. Licence en transport-logistique; 2. Licence en commerce international; 3. Licence en marketing et communication des entreprises; 4. Licence en gestion des entreprises et administration; 5. Licence en finance, banque, assurance; 6. Licence en comptabilité; 7. Licence en informatique de gestion; 8. Master en comptabilité; 9. Master en marketing et communication des entreprises; 10. Master en finance, banque, assurance; 11. Master en gestion des ressources humaines. 1. Licence en gestion des ressources humaines ; 2. Licence en ingénierie financière ; 3. Licence en audit et contrôle de gestion ; 4. Licence en ingénierie de la micro-finance ; 5. Licence en assistanat de gestion/ PME/PME ; 6. Licence en management des organisations et institutions publiques ; 7. Master transport logistique 8. Master management commercial et gestion de la qualité ; 9. Master commerce international ; 10. Master marketing et communication ; 11. Master gestion des entreprises et administration ; 12. Master ingénierie financière ; 13. Master en audit et contrôle de gestion ; 14. Master en ingénierie de la micro-finance ; 15. Master en informatique de gestion ; 16. Master en assistanat de gestion/ PME/PME ; 17. Master en management des organisations et institutions publiques. Institut Universitaire Professionnel en Santé (IUP Santé) HA-2021 RepSEN/Ensup-priv/HA/073-2021 1. Licence en sciences infirmières et obstétricales (LSIO), option: infirmier; 2. Licence en sciences infirmières et obstréticales (LSIO), option: sage-femme. 42",21,Sage-femme,name
"Licence en sciences infirmières et obstétricales (LSIO), option: infirmier; 2. Licence en sciences infirmières et obstréticales (LSIO), option: sage-femme. HA-2019 RepSEN/Ensup-priv/HA/060-2019 1. Licence en transport-logistique; 2. Licence en commerce international; 3. Licence en marketing et communication des entreprises; 4. Licence en gestion des entreprises et administration; 5. Licence en finance, banque, assurance; 6. Licence en comptabilité; 7. Licence en informatique de gestion; 8. Master en comptabilité; 9. Master en marketing et communication des entreprises; 10. Master en finance, banque, assurance; 11. Master en gestion des ressources humaines. 1. Licence en gestion des ressources humaines ; 2. Licence en ingénierie financière ; 3. Licence en audit et contrôle de gestion ; 4. Licence en ingénierie de la micro-finance ; 5. Licence en assistanat de gestion/ PME/PME ; 6. Licence en management des organisations et institutions publiques ; 7. Master transport logistique 8. Master management commercial et gestion de la qualité ; 9. Master commerce international ; 10. Master marketing et communication ; 11. Master gestion des entreprises et administration ; 12. Master ingénierie financière ; 13. Master en audit et contrôle de gestion ; 14. Master en ingénierie de la micro-finance ; 15. Master en informatique de gestion ; 16. Master en assistanat de gestion/ PME/PME ; 17. Master en management des organisations et institutions publiques. Institut Universitaire Professionnel en Santé (IUP Santé) HA-2021 RepSEN/Ensup-priv/HA/073-2021 1. Licence en sciences infirmières et obstétricales (LSIO), option: infirmier; 2. Licence en sciences infirmières et obstréticales (LSIO), option: sage-femme. 42",25,Infirmier,name
"Licence en sciences infirmières et obstétricales (LSIO), option: infirmier; 2. Licence en sciences infirmières et obstréticales (LSIO), option: sage-femme. HA-2019 RepSEN/Ensup-priv/HA/060-2019 1. Licence en transport-logistique; 2. Licence en commerce international; 3. Licence en marketing et communication des entreprises; 4. Licence en gestion des entreprises et administration; 5. Licence en finance, banque, assurance; 6. Licence en comptabilité; 7. Licence en informatique de gestion; 8. Master en comptabilité; 9. Master en marketing et communication des entreprises; 10. Master en finance, banque, assurance; 11. Master en gestion des ressources humaines. 1. Licence en gestion des ressources humaines ; 2. Licence en ingénierie financière ; 3. Licence en audit et contrôle de gestion ; 4. Licence en ingénierie de la micro-finance ; 5. Licence en assistanat de gestion/ PME/PME ; 6. Licence en management des organisations et institutions publiques ; 7. Master transport logistique 8. Master management commercial et gestion de la qualité ; 9. Master commerce international ; 10. Master marketing et communication ; 11. Master gestion des entreprises et administration ; 12. Master ingénierie financière ; 13. Master en audit et contrôle de gestion ; 14. Master en ingénierie de la micro-finance ; 15. Master en informatique de gestion ; 16. Master en assistanat de gestion/ PME/PME ; 17. Master en management des organisations et institutions publiques. Institut Universitaire Professionnel en Santé (IUP Santé) HA-2021 RepSEN/Ensup-priv/HA/073-2021 1. Licence en sciences infirmières et obstétricales (LSIO), option: infirmier; 2. Licence en sciences infirmières et obstréticales (LSIO), option: sage-femme. 42",26,Sage-femme,name
"Licence en sciences infirmières et obstétricales (LSIO), option: infirmier; 2. Licence en sciences infirmières et obstréticales (LSIO), option: sage-femme. HA-2019 RepSEN/Ensup-priv/HA/060-2019 1. Licence en transport-logistique; 2. Licence en commerce international; 3. Licence en marketing et communication des entreprises; 4. Licence en gestion des entreprises et administration; 5. Licence en finance, banque, assurance; 6. Licence en comptabilité; 7. Licence en informatique de gestion; 8. Master en comptabilité; 9. Master en marketing et communication des entreprises; 10. Master en finance, banque, assurance; 11. Master en gestion des ressources humaines. 1. Licence en gestion des ressources humaines ; 2. Licence en ingénierie financière ; 3. Licence en audit et contrôle de gestion ; 4. Licence en ingénierie de la micro-finance ; 5. Licence en assistanat de gestion/ PME/PME ; 6. Licence en management des organisations et institutions publiques ; 7. Master transport logistique 8. Master management commercial et gestion de la qualité ; 9. Master commerce international ; 10. Master marketing et communication ; 11. Master gestion des entreprises et administration ; 12. Master ingénierie financière ; 13. Master en audit et contrôle de gestion ; 14. Master en ingénierie de la micro-finance ; 15. Master en informatique de gestion ; 16. Master en assistanat de gestion/ PME/PME ; 17. Master en management des organisations et institutions publiques. Institut Universitaire Professionnel en Santé (IUP Santé) HA-2021 RepSEN/Ensup-priv/HA/073-2021 1. Licence en sciences infirmières et obstétricales (LSIO), option: infirmier; 2. Licence en sciences infirmières et obstréticales (LSIO), option: sage-femme. 42",64,Management,name
"Licence en sciences infirmières et obstétricales (LSIO), option: infirmier; 2. Licence en sciences infirmières et obstréticales (LSIO), option: sage-femme. HA-2019 RepSEN/Ensup-priv/HA/060-2019 1. Licence en transport-logistique; 2. Licence en commerce international; 3. Licence en marketing et communication des entreprises; 4. Licence en gestion des entreprises et administration; 5. Licence en finance, banque, assurance; 6. Licence en comptabilité; 7. Licence en informatique de gestion; 8. Master en comptabilité; 9. Master en marketing et communication des entreprises; 10. Master en finance, banque, assurance; 11. Master en gestion des ressources humaines. 1. Licence en gestion des ressources humaines ; 2. Licence en ingénierie financière ; 3. Licence en audit et contrôle de gestion ; 4. Licence en ingénierie de la micro-finance ; 5. Licence en assistanat de gestion/ PME/PME ; 6. Licence en management des organisations et institutions publiques ; 7. Master transport logistique 8. Master management commercial et gestion de la qualité ; 9. Master commerce international ; 10. Master marketing et communication ; 11. Master gestion des entreprises et administration ; 12. Master ingénierie financière ; 13. Master en audit et contrôle de gestion ; 14. Master en ingénierie de la micro-finance ; 15. Master en informatique de gestion ; 16. Master en assistanat de gestion/ PME/PME ; 17. Master en management des organisations et institutions publiques. Institut Universitaire Professionnel en Santé (IUP Santé) HA-2021 RepSEN/Ensup-priv/HA/073-2021 1. Licence en sciences infirmières et obstétricales (LSIO), option: infirmier; 2. Licence en sciences infirmières et obstréticales (LSIO), option: sage-femme. 42",68,Gestion des ressources humaines,name
"Licence en sciences infirmières et obstétricales (LSIO), option: infirmier; 2. Licence en sciences infirmières et obstréticales (LSIO), option: sage-femme. HA-2019 RepSEN/Ensup-priv/HA/060-2019 1. Licence en transport-logistique; 2. Licence en commerce international; 3. Licence en marketing et communication des entreprises; 4. Licence en gestion des entreprises et administration; 5. Licence en finance, banque, assurance; 6. Licence en comptabilité; 7. Licence en informatique de gestion; 8. Master en comptabilité; 9. Master en marketing et communication des entreprises; 10. Master en finance, banque, assurance; 11. Master en gestion des ressources humaines. 1. Licence en gestion des ressources humaines ; 2. Licence en ingénierie financière ; 3. Licence en audit et contrôle de gestion ; 4. Licence en ingénierie de la micro-finance ; 5. Licence en assistanat de gestion/ PME/PME ; 6. Licence en management des organisations et institutions publiques ; 7. Master transport logistique 8. Master management commercial et gestion de la qualité ; 9. Master commerce international ; 10. Master marketing et communication ; 11. Master gestion des entreprises et administration ; 12. Master ingénierie financière ; 13. Master en audit et contrôle de gestion ; 14. Master en ingénierie de la micro-finance ; 15. Master en informatique de gestion ; 16. Master en assistanat de gestion/ PME/PME ; 17. Master en management des organisations et institutions publiques. Institut Universitaire Professionnel en Santé (IUP Santé) HA-2021 RepSEN/Ensup-priv/HA/073-2021 1. Licence en sciences infirmières et obstétricales (LSIO), option: infirmier; 2. Licence en sciences infirmières et obstréticales (LSIO), option: sage-femme. 42",71,Marketing et communication,name
"Licence en sciences infirmières et obstétricales (LSIO), option: infirmier; 2. Licence en sciences infirmières et obstréticales (LSIO), option: sage-femme. HA-2019 RepSEN/Ensup-priv/HA/060-2019 1. Licence en transport-logistique; 2. Licence en commerce international; 3. Licence en marketing et communication des entreprises; 4. Licence en gestion des entreprises et administration; 5. Licence en finance, banque, assurance; 6. Licence en comptabilité; 7. Licence en informatique de gestion; 8. Master en comptabilité; 9. Master en marketing et communication des entreprises; 10. Master en finance, banque, assurance; 11. Master en gestion des ressources humaines. 1. Licence en gestion des ressources humaines ; 2. Licence en ingénierie financière ; 3. Licence en audit et contrôle de gestion ; 4. Licence en ingénierie de la micro-finance ; 5. Licence en assistanat de gestion/ PME/PME ; 6. Licence en management des organisations et institutions publiques ; 7. Master transport logistique 8. Master management commercial et gestion de la qualité ; 9. Master commerce international ; 10. Master marketing et communication ; 11. Master gestion des entreprises et administration ; 12. Master ingénierie financière ; 13. Master en audit et contrôle de gestion ; 14. Master en ingénierie de la micro-finance ; 15. Master en informatique de gestion ; 16. Master en assistanat de gestion/ PME/PME ; 17. Master en management des organisations et institutions publiques. Institut Universitaire Professionnel en Santé (IUP Santé) HA-2021 RepSEN/Ensup-priv/HA/073-2021 1. Licence en sciences infirmières et obstétricales (LSIO), option: infirmier; 2. Licence en sciences infirmières et obstréticales (LSIO), option: sage-femme. 42",78,Transport logistique,name
"Licence en sciences infirmières et obstétricales (LSIO), option: infirmier; 2. Licence en sciences infirmières et obstréticales (LSIO), option: sage-femme. HA-2019 RepSEN/Ensup-priv/HA/060-2019 1. Licence en transport-logistique; 2. Licence en commerce international; 3. Licence en marketing et communication des entreprises; 4. Licence en gestion des entreprises et administration; 5. Licence en finance, banque, assurance; 6. Licence en comptabilité; 7. Licence en informatique de gestion; 8. Master en comptabilité; 9. Master en marketing et communication des entreprises; 10. Master en finance, banque, assurance; 11. Master en gestion des ressources humaines. 1. Licence en gestion des ressources humaines ; 2. Licence en ingénierie financière ; 3. Licence en audit et contrôle de gestion ; 4. Licence en ingénierie de la micro-finance ; 5. Licence en assistanat de gestion/ PME/PME ; 6. Licence en management des organisations et institutions publiques ; 7. Master transport logistique 8. Master management commercial et gestion de la qualité ; 9. Master commerce international ; 10. Master marketing et communication ; 11. Master gestion des entreprises et administration ; 12. Master ingénierie financière ; 13. Master en audit et contrôle de gestion ; 14. Master en ingénierie de la micro-finance ; 15. Master en informatique de gestion ; 16. Master en assistanat de gestion/ PME/PME ; 17. Master en management des organisations et institutions publiques. Institut Universitaire Professionnel en Santé (IUP Santé) HA-2021 RepSEN/Ensup-priv/HA/073-2021 1. Licence en sciences infirmières et obstétricales (LSIO), option: infirmier; 2. Licence en sciences infirmières et obstréticales (LSIO), option: sage-femme. 42",79,Commerce international,name
"Licence en sciences infirmières et obstétricales (LSIO), option: infirmier; 2. Licence en sciences infirmières et obstréticales (LSIO), option: sage-femme. HA-2019 RepSEN/Ensup-priv/HA/060-2019 1. Licence en transport-logistique; 2. Licence en commerce international; 3. Licence en marketing et communication des entreprises; 4. Licence en gestion des entreprises et administration; 5. Licence en finance, banque, assurance; 6. Licence en comptabilité; 7. Licence en informatique de gestion; 8. Master en comptabilité; 9. Master en marketing et communication des entreprises; 10. Master en finance, banque, assurance; 11. Master en gestion des ressources humaines. 1. Licence en gestion des ressources humaines ; 2. Licence en ingénierie financière ; 3. Licence en audit et contrôle de gestion ; 4. Licence en ingénierie de la micro-finance ; 5. Licence en assistanat de gestion/ PME/PME ; 6. Licence en management des organisations et institutions publiques ; 7. Master transport logistique 8. Master management commercial et gestion de la qualité ; 9. Master commerce international ; 10. Master marketing et communication ; 11. Master gestion des entreprises et administration ; 12. Master ingénierie financière ; 13. Master en audit et contrôle de gestion ; 14. Master en ingénierie de la micro-finance ; 15. Master en informatique de gestion ; 16. Master en assistanat de gestion/ PME/PME ; 17. Master en management des organisations et institutions publiques. Institut Universitaire Professionnel en Santé (IUP Santé) HA-2021 RepSEN/Ensup-priv/HA/073-2021 1. Licence en sciences infirmières et obstétricales (LSIO), option: infirmier; 2. Licence en sciences infirmières et obstréticales (LSIO), option: sage-femme. 42",80,Management des organisations,name
"Licence en sciences infirmières et obstétricales (LSIO), option: infirmier; 2. Licence en sciences infirmières et obstréticales (LSIO), option: sage-femme. HA-2019 RepSEN/Ensup-priv/HA/060-2019 1. Licence en transport-logistique; 2. Licence en commerce international; 3. Licence en marketing et communication des entreprises; 4. Licence en gestion des entreprises et administration; 5. Licence en finance, banque, assurance; 6. Licence en comptabilité; 7. Licence en informatique de gestion; 8. Master en comptabilité; 9. Master en marketing et communication des entreprises; 10. Master en finance, banque, assurance; 11. Master en gestion des ressources humaines. 1. Licence en gestion des ressources humaines ; 2. Licence en ingénierie financière ; 3. Licence en audit et contrôle de gestion ; 4. Licence en ingénierie de la micro-finance ; 5. Licence en assistanat de gestion/ PME/PME ; 6. Licence en management des organisations et institutions publiques ; 7. Master transport logistique 8. Master management commercial et gestion de la qualité ; 9. Master commerce international ; 10. Master marketing et communication ; 11. Master gestion des entreprises et administration ; 12. Master ingénierie financière ; 13. Master en audit et contrôle de gestion ; 14. Master en ingénierie de la micro-finance ; 15. Master en informatique de gestion ; 16. Master en assistanat de gestion/ PME/PME ; 17. Master en management des organisations et institutions publiques. Institut Universitaire Professionnel en Santé (IUP Santé) HA-2021 RepSEN/Ensup-priv/HA/073-2021 1. Licence en sciences infirmières et obstétricales (LSIO), option: infirmier; 2. Licence en sciences infirmières et obstréticales (LSIO), option: sage-femme. 42",97,Audit et Contrôle de Gestion,name
"Licence en sciences infirmières et obstétricales (LSIO), option: infirmier; 2. Licence en sciences infirmières et obstréticales (LSIO), option: sage-femme. HA-2019 RepSEN/Ensup-priv/HA/060-2019 1. Licence en transport-logistique; 2. Licence en commerce international; 3. Licence en marketing et communication des entreprises; 4. Licence en gestion des entreprises et administration; 5. Licence en finance, banque, assurance; 6. Licence en comptabilité; 7. Licence en informatique de gestion; 8. Master en comptabilité; 9. Master en marketing et communication des entreprises; 10. Master en finance, banque, assurance; 11. Master en gestion des ressources humaines. 1. Licence en gestion des ressources humaines ; 2. Licence en ingénierie financière ; 3. Licence en audit et contrôle de gestion ; 4. Licence en ingénierie de la micro-finance ; 5. Licence en assistanat de gestion/ PME/PME ; 6. Licence en management des organisations et institutions publiques ; 7. Master transport logistique 8. Master management commercial et gestion de la qualité ; 9. Master commerce international ; 10. Master marketing et communication ; 11. Master gestion des entreprises et administration ; 12. Master ingénierie financière ; 13. Master en audit et contrôle de gestion ; 14. Master en ingénierie de la micro-finance ; 15. Master en informatique de gestion ; 16. Master en assistanat de gestion/ PME/PME ; 17. Master en management des organisations et institutions publiques. Institut Universitaire Professionnel en Santé (IUP Santé) HA-2021 RepSEN/Ensup-priv/HA/073-2021 1. Licence en sciences infirmières et obstétricales (LSIO), option: infirmier; 2. Licence en sciences infirmières et obstréticales (LSIO), option: sage-femme. 42",105,Comptabilité,name
"Licence en sciences infirmières et obstétricales (LSIO), option: infirmier; 2. Licence en sciences infirmières et obstréticales (LSIO), option: sage-femme. HA-2019 RepSEN/Ensup-priv/HA/060-2019 1. Licence en transport-logistique; 2. Licence en commerce international; 3. Licence en marketing et communication des entreprises; 4. Licence en gestion des entreprises et administration; 5. Licence en finance, banque, assurance; 6. Licence en comptabilité; 7. Licence en informatique de gestion; 8. Master en comptabilité; 9. Master en marketing et communication des entreprises; 10. Master en finance, banque, assurance; 11. Master en gestion des ressources humaines. 1. Licence en gestion des ressources humaines ; 2. Licence en ingénierie financière ; 3. Licence en audit et contrôle de gestion ; 4. Licence en ingénierie de la micro-finance ; 5. Licence en assistanat de gestion/ PME/PME ; 6. Licence en management des organisations et institutions publiques ; 7. Master transport logistique 8. Master management commercial et gestion de la qualité ; 9. Master commerce international ; 10. Master marketing et communication ; 11. Master gestion des entreprises et administration ; 12. Master ingénierie financière ; 13. Master en audit et contrôle de gestion ; 14. Master en ingénierie de la micro-finance ; 15. Master en informatique de gestion ; 16. Master en assistanat de gestion/ PME/PME ; 17. Master en management des organisations et institutions publiques. Institut Universitaire Professionnel en Santé (IUP Santé) HA-2021 RepSEN/Ensup-priv/HA/073-2021 1. Licence en sciences infirmières et obstétricales (LSIO), option: infirmier; 2. Licence en sciences infirmières et obstréticales (LSIO), option: sage-femme. 42",118,Ingénierie Financière,name
"Licence en sciences infirmières et obstétricales (LSIO), option: infirmier; 2. Licence en sciences infirmières et obstréticales (LSIO), option: sage-femme. HA-2019 RepSEN/Ensup-priv/HA/060-2019 1. Licence en transport-logistique; 2. Licence en commerce international; 3. Licence en marketing et communication des entreprises; 4. Licence en gestion des entreprises et administration; 5. Licence en finance, banque, assurance; 6. Licence en comptabilité; 7. Licence en informatique de gestion; 8. Master en comptabilité; 9. Master en marketing et communication des entreprises; 10. Master en finance, banque, assurance; 11. Master en gestion des ressources humaines. 1. Licence en gestion des ressources humaines ; 2. Licence en ingénierie financière ; 3. Licence en audit et contrôle de gestion ; 4. Licence en ingénierie de la micro-finance ; 5. Licence en assistanat de gestion/ PME/PME ; 6. Licence en management des organisations et institutions publiques ; 7. Master transport logistique 8. Master management commercial et gestion de la qualité ; 9. Master commerce international ; 10. Master marketing et communication ; 11. Master gestion des entreprises et administration ; 12. Master ingénierie financière ; 13. Master en audit et contrôle de gestion ; 14. Master en ingénierie de la micro-finance ; 15. Master en informatique de gestion ; 16. Master en assistanat de gestion/ PME/PME ; 17. Master en management des organisations et institutions publiques. Institut Universitaire Professionnel en Santé (IUP Santé) HA-2021 RepSEN/Ensup-priv/HA/073-2021 1. Licence en sciences infirmières et obstétricales (LSIO), option: infirmier; 2. Licence en sciences infirmières et obstréticales (LSIO), option: sage-femme. 42",121,Communication,name
"Licence en sciences infirmières et obstétricales (LSIO), option: infirmier; 2. Licence en sciences infirmières et obstréticales (LSIO), option: sage-femme. HA-2019 RepSEN/Ensup-priv/HA/060-2019 1. Licence en transport-logistique; 2. Licence en commerce international; 3. Licence en marketing et communication des entreprises; 4. Licence en gestion des entreprises et administration; 5. Licence en finance, banque, assurance; 6. Licence en comptabilité; 7. Licence en informatique de gestion; 8. Master en comptabilité; 9. Master en marketing et communication des entreprises; 10. Master en finance, banque, assurance; 11. Master en gestion des ressources humaines. 1. Licence en gestion des ressources humaines ; 2. Licence en ingénierie financière ; 3. Licence en audit et contrôle de gestion ; 4. Licence en ingénierie de la micro-finance ; 5. Licence en assistanat de gestion/ PME/PME ; 6. Licence en management des organisations et institutions publiques ; 7. Master transport logistique 8. Master management commercial et gestion de la qualité ; 9. Master commerce international ; 10. Master marketing et communication ; 11. Master gestion des entreprises et administration ; 12. Master ingénierie financière ; 13. Master en audit et contrôle de gestion ; 14. Master en ingénierie de la micro-finance ; 15. Master en informatique de gestion ; 16. Master en assistanat de gestion/ PME/PME ; 17. Master en management des organisations et institutions publiques. Institut Universitaire Professionnel en Santé (IUP Santé) HA-2021 RepSEN/Ensup-priv/HA/073-2021 1. Licence en sciences infirmières et obstétricales (LSIO), option: infirmier; 2. Licence en sciences infirmières et obstréticales (LSIO), option: sage-femme. 42",155,Commercial,name
"Licence en management de la distribution automobile; 2. Licence en maintenance industrielle; 3. Licence en marketing et communication; 4. Licence en commerce international; 5. Licence en transport-logistique. 1. Licence en mécanique, option: électromécanique. SUN HI TECH3 Africa Institut Supérieur des Sciences de la Santé (SUP DE SANTE) Ecole Supérieure de Commerce Dakar (SUP DE CO) - Institut Mercure ; - Exécutive Center ; - Institut Supérieur des Transports. HA-2018 RepSEN/Ensup-priv/HA/046-2018 1. Licence en graphisme; 2. Licence en audiovisuel; 3. Licence en journalisme. HA-2018 RepSEN/Ensup-priv/HA/037-2018 1. Licence en sciences infirmières et obstétricales (LSIO), Option: Infirmier; 2. Licence en sciences infirmières et obstétricales (LSIO), Option: Sage-Femme. HA-2022 019 MESRI/ANAQ-SUP/SE/DIPriv/nmf 1. Licence professionnelle commerce international ; 2. Licence gestion des ressources humaines ; 3. Licence marketing-management ; 4. Licence finance-comptabilité ; 5. Licence marketing vente ; 6. Licence banque-assurance ; 7. Licence communication ; 8. Licence transport logistique ; 9. Licence génie logiciel ; 10. Licence management des systèmes d'information ; 11. Licence réseaux et systèmes de sécurité; 12. Licence informatique et système embarqué; 1. Licence en santé publique, option: biologie; 2. Licence en santé publique, option: administration et gestion des services de santé; 3. Licence en santé publique, option: administration et gestion hospitalière; 4. Master en santé publique, option: biologie; 5. Master en santé publique, option: administration et gestion hospitalière; 6. Master en santé publique, option: administration et gestion des services de santé. 1. Licence en administration des affaires ; 2. Licence en informatique, option : ingénierie numérique ; 3. Licence en informatique, option : innovation, Management et technologies numériques ; 4. Licence professionnelle en technico-commercial ; 5. Licence professionnelle management des nouvelles technologies de l'information et de la communication; 6. Licence professionnelle audit et contrôle de gestion; 7. Licence professionnelle carrières juridiques; 8. Licence professionnelle management de l'immobilier; 9. Licence professionnelle transit; 43",1,Informatique,name
"Licence en management de la distribution automobile; 2. Licence en maintenance industrielle; 3. Licence en marketing et communication; 4. Licence en commerce international; 5. Licence en transport-logistique. 1. Licence en mécanique, option: électromécanique. SUN HI TECH3 Africa Institut Supérieur des Sciences de la Santé (SUP DE SANTE) Ecole Supérieure de Commerce Dakar (SUP DE CO) - Institut Mercure ; - Exécutive Center ; - Institut Supérieur des Transports. HA-2018 RepSEN/Ensup-priv/HA/046-2018 1. Licence en graphisme; 2. Licence en audiovisuel; 3. Licence en journalisme. HA-2018 RepSEN/Ensup-priv/HA/037-2018 1. Licence en sciences infirmières et obstétricales (LSIO), Option: Infirmier; 2. Licence en sciences infirmières et obstétricales (LSIO), Option: Sage-Femme. HA-2022 019 MESRI/ANAQ-SUP/SE/DIPriv/nmf 1. Licence professionnelle commerce international ; 2. Licence gestion des ressources humaines ; 3. Licence marketing-management ; 4. Licence finance-comptabilité ; 5. Licence marketing vente ; 6. Licence banque-assurance ; 7. Licence communication ; 8. Licence transport logistique ; 9. Licence génie logiciel ; 10. Licence management des systèmes d'information ; 11. Licence réseaux et systèmes de sécurité; 12. Licence informatique et système embarqué; 1. Licence en santé publique, option: biologie; 2. Licence en santé publique, option: administration et gestion des services de santé; 3. Licence en santé publique, option: administration et gestion hospitalière; 4. Master en santé publique, option: biologie; 5. Master en santé publique, option: administration et gestion hospitalière; 6. Master en santé publique, option: administration et gestion des services de santé. 1. Licence en administration des affaires ; 2. Licence en informatique, option : ingénierie numérique ; 3. Licence en informatique, option : innovation, Management et technologies numériques ; 4. Licence professionnelle en technico-commercial ; 5. Licence professionnelle management des nouvelles technologies de l'information et de la communication; 6. Licence professionnelle audit et contrôle de gestion; 7. Licence professionnelle carrières juridiques; 8. Licence professionnelle management de l'immobilier; 9. Licence professionnelle transit; 43",5,Gestion,name
"Licence en management de la distribution automobile; 2. Licence en maintenance industrielle; 3. Licence en marketing et communication; 4. Licence en commerce international; 5. Licence en transport-logistique. 1. Licence en mécanique, option: électromécanique. SUN HI TECH3 Africa Institut Supérieur des Sciences de la Santé (SUP DE SANTE) Ecole Supérieure de Commerce Dakar (SUP DE CO) - Institut Mercure ; - Exécutive Center ; - Institut Supérieur des Transports. HA-2018 RepSEN/Ensup-priv/HA/046-2018 1. Licence en graphisme; 2. Licence en audiovisuel; 3. Licence en journalisme. HA-2018 RepSEN/Ensup-priv/HA/037-2018 1. Licence en sciences infirmières et obstétricales (LSIO), Option: Infirmier; 2. Licence en sciences infirmières et obstétricales (LSIO), Option: Sage-Femme. HA-2022 019 MESRI/ANAQ-SUP/SE/DIPriv/nmf 1. Licence professionnelle commerce international ; 2. Licence gestion des ressources humaines ; 3. Licence marketing-management ; 4. Licence finance-comptabilité ; 5. Licence marketing vente ; 6. Licence banque-assurance ; 7. Licence communication ; 8. Licence transport logistique ; 9. Licence génie logiciel ; 10. Licence management des systèmes d'information ; 11. Licence réseaux et systèmes de sécurité; 12. Licence informatique et système embarqué; 1. Licence en santé publique, option: biologie; 2. Licence en santé publique, option: administration et gestion des services de santé; 3. Licence en santé publique, option: administration et gestion hospitalière; 4. Master en santé publique, option: biologie; 5. Master en santé publique, option: administration et gestion hospitalière; 6. Master en santé publique, option: administration et gestion des services de santé. 1. Licence en administration des affaires ; 2. Licence en informatique, option : ingénierie numérique ; 3. Licence en informatique, option : innovation, Management et technologies numériques ; 4. Licence professionnelle en technico-commercial ; 5. Licence professionnelle management des nouvelles technologies de l'information et de la communication; 6. Licence professionnelle audit et contrôle de gestion; 7. Licence professionnelle carrières juridiques; 8. Licence professionnelle management de l'immobilier; 9. Licence professionnelle transit; 43",7,Marketing,name
"Licence en management de la distribution automobile; 2. Licence en maintenance industrielle; 3. Licence en marketing et communication; 4. Licence en commerce international; 5. Licence en transport-logistique. 1. Licence en mécanique, option: électromécanique. SUN HI TECH3 Africa Institut Supérieur des Sciences de la Santé (SUP DE SANTE) Ecole Supérieure de Commerce Dakar (SUP DE CO) - Institut Mercure ; - Exécutive Center ; - Institut Supérieur des Transports. HA-2018 RepSEN/Ensup-priv/HA/046-2018 1. Licence en graphisme; 2. Licence en audiovisuel; 3. Licence en journalisme. HA-2018 RepSEN/Ensup-priv/HA/037-2018 1. Licence en sciences infirmières et obstétricales (LSIO), Option: Infirmier; 2. Licence en sciences infirmières et obstétricales (LSIO), Option: Sage-Femme. HA-2022 019 MESRI/ANAQ-SUP/SE/DIPriv/nmf 1. Licence professionnelle commerce international ; 2. Licence gestion des ressources humaines ; 3. Licence marketing-management ; 4. Licence finance-comptabilité ; 5. Licence marketing vente ; 6. Licence banque-assurance ; 7. Licence communication ; 8. Licence transport logistique ; 9. Licence génie logiciel ; 10. Licence management des systèmes d'information ; 11. Licence réseaux et systèmes de sécurité; 12. Licence informatique et système embarqué; 1. Licence en santé publique, option: biologie; 2. Licence en santé publique, option: administration et gestion des services de santé; 3. Licence en santé publique, option: administration et gestion hospitalière; 4. Master en santé publique, option: biologie; 5. Master en santé publique, option: administration et gestion hospitalière; 6. Master en santé publique, option: administration et gestion des services de santé. 1. Licence en administration des affaires ; 2. Licence en informatique, option : ingénierie numérique ; 3. Licence en informatique, option : innovation, Management et technologies numériques ; 4. Licence professionnelle en technico-commercial ; 5. Licence professionnelle management des nouvelles technologies de l'information et de la communication; 6. Licence professionnelle audit et contrôle de gestion; 7. Licence professionnelle carrières juridiques; 8. Licence professionnelle management de l'immobilier; 9. Licence professionnelle transit; 43",9,Génie Logiciel,name
"Licence en management de la distribution automobile; 2. Licence en maintenance industrielle; 3. Licence en marketing et communication; 4. Licence en commerce international; 5. Licence en transport-logistique. 1. Licence en mécanique, option: électromécanique. SUN HI TECH3 Africa Institut Supérieur des Sciences de la Santé (SUP DE SANTE) Ecole Supérieure de Commerce Dakar (SUP DE CO) - Institut Mercure ; - Exécutive Center ; - Institut Supérieur des Transports. HA-2018 RepSEN/Ensup-priv/HA/046-2018 1. Licence en graphisme; 2. Licence en audiovisuel; 3. Licence en journalisme. HA-2018 RepSEN/Ensup-priv/HA/037-2018 1. Licence en sciences infirmières et obstétricales (LSIO), Option: Infirmier; 2. Licence en sciences infirmières et obstétricales (LSIO), Option: Sage-Femme. HA-2022 019 MESRI/ANAQ-SUP/SE/DIPriv/nmf 1. Licence professionnelle commerce international ; 2. Licence gestion des ressources humaines ; 3. Licence marketing-management ; 4. Licence finance-comptabilité ; 5. Licence marketing vente ; 6. Licence banque-assurance ; 7. Licence communication ; 8. Licence transport logistique ; 9. Licence génie logiciel ; 10. Licence management des systèmes d'information ; 11. Licence réseaux et systèmes de sécurité; 12. Licence informatique et système embarqué; 1. Licence en santé publique, option: biologie; 2. Licence en santé publique, option: administration et gestion des services de santé; 3. Licence en santé publique, option: administration et gestion hospitalière; 4. Master en santé publique, option: biologie; 5. Master en santé publique, option: administration et gestion hospitalière; 6. Master en santé publique, option: administration et gestion des services de santé. 1. Licence en administration des affaires ; 2. Licence en informatique, option : ingénierie numérique ; 3. Licence en informatique, option : innovation, Management et technologies numériques ; 4. Licence professionnelle en technico-commercial ; 5. Licence professionnelle management des nouvelles technologies de l'information et de la communication; 6. Licence professionnelle audit et contrôle de gestion; 7. Licence professionnelle carrières juridiques; 8. Licence professionnelle management de l'immobilier; 9. Licence professionnelle transit; 43",20,Sciences infirmières,name
"Licence en management de la distribution automobile; 2. Licence en maintenance industrielle; 3. Licence en marketing et communication; 4. Licence en commerce international; 5. Licence en transport-logistique. 1. Licence en mécanique, option: électromécanique. SUN HI TECH3 Africa Institut Supérieur des Sciences de la Santé (SUP DE SANTE) Ecole Supérieure de Commerce Dakar (SUP DE CO) - Institut Mercure ; - Exécutive Center ; - Institut Supérieur des Transports. HA-2018 RepSEN/Ensup-priv/HA/046-2018 1. Licence en graphisme; 2. Licence en audiovisuel; 3. Licence en journalisme. HA-2018 RepSEN/Ensup-priv/HA/037-2018 1. Licence en sciences infirmières et obstétricales (LSIO), Option: Infirmier; 2. Licence en sciences infirmières et obstétricales (LSIO), Option: Sage-Femme. HA-2022 019 MESRI/ANAQ-SUP/SE/DIPriv/nmf 1. Licence professionnelle commerce international ; 2. Licence gestion des ressources humaines ; 3. Licence marketing-management ; 4. Licence finance-comptabilité ; 5. Licence marketing vente ; 6. Licence banque-assurance ; 7. Licence communication ; 8. Licence transport logistique ; 9. Licence génie logiciel ; 10. Licence management des systèmes d'information ; 11. Licence réseaux et systèmes de sécurité; 12. Licence informatique et système embarqué; 1. Licence en santé publique, option: biologie; 2. Licence en santé publique, option: administration et gestion des services de santé; 3. Licence en santé publique, option: administration et gestion hospitalière; 4. Master en santé publique, option: biologie; 5. Master en santé publique, option: administration et gestion hospitalière; 6. Master en santé publique, option: administration et gestion des services de santé. 1. Licence en administration des affaires ; 2. Licence en informatique, option : ingénierie numérique ; 3. Licence en informatique, option : innovation, Management et technologies numériques ; 4. Licence professionnelle en technico-commercial ; 5. Licence professionnelle management des nouvelles technologies de l'information et de la communication; 6. Licence professionnelle audit et contrôle de gestion; 7. Licence professionnelle carrières juridiques; 8. Licence professionnelle management de l'immobilier; 9. Licence professionnelle transit; 43",21,Sage-femme,name
"Licence en management de la distribution automobile; 2. Licence en maintenance industrielle; 3. Licence en marketing et communication; 4. Licence en commerce international; 5. Licence en transport-logistique. 1. Licence en mécanique, option: électromécanique. SUN HI TECH3 Africa Institut Supérieur des Sciences de la Santé (SUP DE SANTE) Ecole Supérieure de Commerce Dakar (SUP DE CO) - Institut Mercure ; - Exécutive Center ; - Institut Supérieur des Transports. HA-2018 RepSEN/Ensup-priv/HA/046-2018 1. Licence en graphisme; 2. Licence en audiovisuel; 3. Licence en journalisme. HA-2018 RepSEN/Ensup-priv/HA/037-2018 1. Licence en sciences infirmières et obstétricales (LSIO), Option: Infirmier; 2. Licence en sciences infirmières et obstétricales (LSIO), Option: Sage-Femme. HA-2022 019 MESRI/ANAQ-SUP/SE/DIPriv/nmf 1. Licence professionnelle commerce international ; 2. Licence gestion des ressources humaines ; 3. Licence marketing-management ; 4. Licence finance-comptabilité ; 5. Licence marketing vente ; 6. Licence banque-assurance ; 7. Licence communication ; 8. Licence transport logistique ; 9. Licence génie logiciel ; 10. Licence management des systèmes d'information ; 11. Licence réseaux et systèmes de sécurité; 12. Licence informatique et système embarqué; 1. Licence en santé publique, option: biologie; 2. Licence en santé publique, option: administration et gestion des services de santé; 3. Licence en santé publique, option: administration et gestion hospitalière; 4. Master en santé publique, option: biologie; 5. Master en santé publique, option: administration et gestion hospitalière; 6. Master en santé publique, option: administration et gestion des services de santé. 1. Licence en administration des affaires ; 2. Licence en informatique, option : ingénierie numérique ; 3. Licence en informatique, option : innovation, Management et technologies numériques ; 4. Licence professionnelle en technico-commercial ; 5. Licence professionnelle management des nouvelles technologies de l'information et de la communication; 6. Licence professionnelle audit et contrôle de gestion; 7. Licence professionnelle carrières juridiques; 8. Licence professionnelle management de l'immobilier; 9. Licence professionnelle transit; 43",23,Santé publique,name
"Licence en management de la distribution automobile; 2. Licence en maintenance industrielle; 3. Licence en marketing et communication; 4. Licence en commerce international; 5. Licence en transport-logistique. 1. Licence en mécanique, option: électromécanique. SUN HI TECH3 Africa Institut Supérieur des Sciences de la Santé (SUP DE SANTE) Ecole Supérieure de Commerce Dakar (SUP DE CO) - Institut Mercure ; - Exécutive Center ; - Institut Supérieur des Transports. HA-2018 RepSEN/Ensup-priv/HA/046-2018 1. Licence en graphisme; 2. Licence en audiovisuel; 3. Licence en journalisme. HA-2018 RepSEN/Ensup-priv/HA/037-2018 1. Licence en sciences infirmières et obstétricales (LSIO), Option: Infirmier; 2. Licence en sciences infirmières et obstétricales (LSIO), Option: Sage-Femme. HA-2022 019 MESRI/ANAQ-SUP/SE/DIPriv/nmf 1. Licence professionnelle commerce international ; 2. Licence gestion des ressources humaines ; 3. Licence marketing-management ; 4. Licence finance-comptabilité ; 5. Licence marketing vente ; 6. Licence banque-assurance ; 7. Licence communication ; 8. Licence transport logistique ; 9. Licence génie logiciel ; 10. Licence management des systèmes d'information ; 11. Licence réseaux et systèmes de sécurité; 12. Licence informatique et système embarqué; 1. Licence en santé publique, option: biologie; 2. Licence en santé publique, option: administration et gestion des services de santé; 3. Licence en santé publique, option: administration et gestion hospitalière; 4. Master en santé publique, option: biologie; 5. Master en santé publique, option: administration et gestion hospitalière; 6. Master en santé publique, option: administration et gestion des services de santé. 1. Licence en administration des affaires ; 2. Licence en informatique, option : ingénierie numérique ; 3. Licence en informatique, option : innovation, Management et technologies numériques ; 4. Licence professionnelle en technico-commercial ; 5. Licence professionnelle management des nouvelles technologies de l'information et de la communication; 6. Licence professionnelle audit et contrôle de gestion; 7. Licence professionnelle carrières juridiques; 8. Licence professionnelle management de l'immobilier; 9. Licence professionnelle transit; 43",25,Infirmier,name
"Licence en management de la distribution automobile; 2. Licence en maintenance industrielle; 3. Licence en marketing et communication; 4. Licence en commerce international; 5. Licence en transport-logistique. 1. Licence en mécanique, option: électromécanique. SUN HI TECH3 Africa Institut Supérieur des Sciences de la Santé (SUP DE SANTE) Ecole Supérieure de Commerce Dakar (SUP DE CO) - Institut Mercure ; - Exécutive Center ; - Institut Supérieur des Transports. HA-2018 RepSEN/Ensup-priv/HA/046-2018 1. Licence en graphisme; 2. Licence en audiovisuel; 3. Licence en journalisme. HA-2018 RepSEN/Ensup-priv/HA/037-2018 1. Licence en sciences infirmières et obstétricales (LSIO), Option: Infirmier; 2. Licence en sciences infirmières et obstétricales (LSIO), Option: Sage-Femme. HA-2022 019 MESRI/ANAQ-SUP/SE/DIPriv/nmf 1. Licence professionnelle commerce international ; 2. Licence gestion des ressources humaines ; 3. Licence marketing-management ; 4. Licence finance-comptabilité ; 5. Licence marketing vente ; 6. Licence banque-assurance ; 7. Licence communication ; 8. Licence transport logistique ; 9. Licence génie logiciel ; 10. Licence management des systèmes d'information ; 11. Licence réseaux et systèmes de sécurité; 12. Licence informatique et système embarqué; 1. Licence en santé publique, option: biologie; 2. Licence en santé publique, option: administration et gestion des services de santé; 3. Licence en santé publique, option: administration et gestion hospitalière; 4. Master en santé publique, option: biologie; 5. Master en santé publique, option: administration et gestion hospitalière; 6. Master en santé publique, option: administration et gestion des services de santé. 1. Licence en administration des affaires ; 2. Licence en informatique, option : ingénierie numérique ; 3. Licence en informatique, option : innovation, Management et technologies numériques ; 4. Licence professionnelle en technico-commercial ; 5. Licence professionnelle management des nouvelles technologies de l'information et de la communication; 6. Licence professionnelle audit et contrôle de gestion; 7. Licence professionnelle carrières juridiques; 8. Licence professionnelle management de l'immobilier; 9. Licence professionnelle transit; 43",26,Sage-femme,name
"Licence en management de la distribution automobile; 2. Licence en maintenance industrielle; 3. Licence en marketing et communication; 4. Licence en commerce international; 5. Licence en transport-logistique. 1. Licence en mécanique, option: électromécanique. SUN HI TECH3 Africa Institut Supérieur des Sciences de la Santé (SUP DE SANTE) Ecole Supérieure de Commerce Dakar (SUP DE CO) - Institut Mercure ; - Exécutive Center ; - Institut Supérieur des Transports. HA-2018 RepSEN/Ensup-priv/HA/046-2018 1. Licence en graphisme; 2. Licence en audiovisuel; 3. Licence en journalisme. HA-2018 RepSEN/Ensup-priv/HA/037-2018 1. Licence en sciences infirmières et obstétricales (LSIO), Option: Infirmier; 2. Licence en sciences infirmières et obstétricales (LSIO), Option: Sage-Femme. HA-2022 019 MESRI/ANAQ-SUP/SE/DIPriv/nmf 1. Licence professionnelle commerce international ; 2. Licence gestion des ressources humaines ; 3. Licence marketing-management ; 4. Licence finance-comptabilité ; 5. Licence marketing vente ; 6. Licence banque-assurance ; 7. Licence communication ; 8. Licence transport logistique ; 9. Licence génie logiciel ; 10. Licence management des systèmes d'information ; 11. Licence réseaux et systèmes de sécurité; 12. Licence informatique et système embarqué; 1. Licence en santé publique, option: biologie; 2. Licence en santé publique, option: administration et gestion des services de santé; 3. Licence en santé publique, option: administration et gestion hospitalière; 4. Master en santé publique, option: biologie; 5. Master en santé publique, option: administration et gestion hospitalière; 6. Master en santé publique, option: administration et gestion des services de santé. 1. Licence en administration des affaires ; 2. Licence en informatique, option : ingénierie numérique ; 3. Licence en informatique, option : innovation, Management et technologies numériques ; 4. Licence professionnelle en technico-commercial ; 5. Licence professionnelle management des nouvelles technologies de l'information et de la communication; 6. Licence professionnelle audit et contrôle de gestion; 7. Licence professionnelle carrières juridiques; 8. Licence professionnelle management de l'immobilier; 9. Licence professionnelle transit; 43",64,Management,name
"Licence en management de la distribution automobile; 2. Licence en maintenance industrielle; 3. Licence en marketing et communication; 4. Licence en commerce international; 5. Licence en transport-logistique. 1. Licence en mécanique, option: électromécanique. SUN HI TECH3 Africa Institut Supérieur des Sciences de la Santé (SUP DE SANTE) Ecole Supérieure de Commerce Dakar (SUP DE CO) - Institut Mercure ; - Exécutive Center ; - Institut Supérieur des Transports. HA-2018 RepSEN/Ensup-priv/HA/046-2018 1. Licence en graphisme; 2. Licence en audiovisuel; 3. Licence en journalisme. HA-2018 RepSEN/Ensup-priv/HA/037-2018 1. Licence en sciences infirmières et obstétricales (LSIO), Option: Infirmier; 2. Licence en sciences infirmières et obstétricales (LSIO), Option: Sage-Femme. HA-2022 019 MESRI/ANAQ-SUP/SE/DIPriv/nmf 1. Licence professionnelle commerce international ; 2. Licence gestion des ressources humaines ; 3. Licence marketing-management ; 4. Licence finance-comptabilité ; 5. Licence marketing vente ; 6. Licence banque-assurance ; 7. Licence communication ; 8. Licence transport logistique ; 9. Licence génie logiciel ; 10. Licence management des systèmes d'information ; 11. Licence réseaux et systèmes de sécurité; 12. Licence informatique et système embarqué; 1. Licence en santé publique, option: biologie; 2. Licence en santé publique, option: administration et gestion des services de santé; 3. Licence en santé publique, option: administration et gestion hospitalière; 4. Master en santé publique, option: biologie; 5. Master en santé publique, option: administration et gestion hospitalière; 6. Master en santé publique, option: administration et gestion des services de santé. 1. Licence en administration des affaires ; 2. Licence en informatique, option : ingénierie numérique ; 3. Licence en informatique, option : innovation, Management et technologies numériques ; 4. Licence professionnelle en technico-commercial ; 5. Licence professionnelle management des nouvelles technologies de l'information et de la communication; 6. Licence professionnelle audit et contrôle de gestion; 7. Licence professionnelle carrières juridiques; 8. Licence professionnelle management de l'immobilier; 9. Licence professionnelle transit; 43",68,Gestion des ressources humaines,name
"Licence en management de la distribution automobile; 2. Licence en maintenance industrielle; 3. Licence en marketing et communication; 4. Licence en commerce international; 5. Licence en transport-logistique. 1. Licence en mécanique, option: électromécanique. SUN HI TECH3 Africa Institut Supérieur des Sciences de la Santé (SUP DE SANTE) Ecole Supérieure de Commerce Dakar (SUP DE CO) - Institut Mercure ; - Exécutive Center ; - Institut Supérieur des Transports. HA-2018 RepSEN/Ensup-priv/HA/046-2018 1. Licence en graphisme; 2. Licence en audiovisuel; 3. Licence en journalisme. HA-2018 RepSEN/Ensup-priv/HA/037-2018 1. Licence en sciences infirmières et obstétricales (LSIO), Option: Infirmier; 2. Licence en sciences infirmières et obstétricales (LSIO), Option: Sage-Femme. HA-2022 019 MESRI/ANAQ-SUP/SE/DIPriv/nmf 1. Licence professionnelle commerce international ; 2. Licence gestion des ressources humaines ; 3. Licence marketing-management ; 4. Licence finance-comptabilité ; 5. Licence marketing vente ; 6. Licence banque-assurance ; 7. Licence communication ; 8. Licence transport logistique ; 9. Licence génie logiciel ; 10. Licence management des systèmes d'information ; 11. Licence réseaux et systèmes de sécurité; 12. Licence informatique et système embarqué; 1. Licence en santé publique, option: biologie; 2. Licence en santé publique, option: administration et gestion des services de santé; 3. Licence en santé publique, option: administration et gestion hospitalière; 4. Master en santé publique, option: biologie; 5. Master en santé publique, option: administration et gestion hospitalière; 6. Master en santé publique, option: administration et gestion des services de santé. 1. Licence en administration des affaires ; 2. Licence en informatique, option : ingénierie numérique ; 3. Licence en informatique, option : innovation, Management et technologies numériques ; 4. Licence professionnelle en technico-commercial ; 5. Licence professionnelle management des nouvelles technologies de l'information et de la communication; 6. Licence professionnelle audit et contrôle de gestion; 7. Licence professionnelle carrières juridiques; 8. Licence professionnelle management de l'immobilier; 9. Licence professionnelle transit; 43",71,Marketing et communication,name
"Licence en management de la distribution automobile; 2. Licence en maintenance industrielle; 3. Licence en marketing et communication; 4. Licence en commerce international; 5. Licence en transport-logistique. 1. Licence en mécanique, option: électromécanique. SUN HI TECH3 Africa Institut Supérieur des Sciences de la Santé (SUP DE SANTE) Ecole Supérieure de Commerce Dakar (SUP DE CO) - Institut Mercure ; - Exécutive Center ; - Institut Supérieur des Transports. HA-2018 RepSEN/Ensup-priv/HA/046-2018 1. Licence en graphisme; 2. Licence en audiovisuel; 3. Licence en journalisme. HA-2018 RepSEN/Ensup-priv/HA/037-2018 1. Licence en sciences infirmières et obstétricales (LSIO), Option: Infirmier; 2. Licence en sciences infirmières et obstétricales (LSIO), Option: Sage-Femme. HA-2022 019 MESRI/ANAQ-SUP/SE/DIPriv/nmf 1. Licence professionnelle commerce international ; 2. Licence gestion des ressources humaines ; 3. Licence marketing-management ; 4. Licence finance-comptabilité ; 5. Licence marketing vente ; 6. Licence banque-assurance ; 7. Licence communication ; 8. Licence transport logistique ; 9. Licence génie logiciel ; 10. Licence management des systèmes d'information ; 11. Licence réseaux et systèmes de sécurité; 12. Licence informatique et système embarqué; 1. Licence en santé publique, option: biologie; 2. Licence en santé publique, option: administration et gestion des services de santé; 3. Licence en santé publique, option: administration et gestion hospitalière; 4. Master en santé publique, option: biologie; 5. Master en santé publique, option: administration et gestion hospitalière; 6. Master en santé publique, option: administration et gestion des services de santé. 1. Licence en administration des affaires ; 2. Licence en informatique, option : ingénierie numérique ; 3. Licence en informatique, option : innovation, Management et technologies numériques ; 4. Licence professionnelle en technico-commercial ; 5. Licence professionnelle management des nouvelles technologies de l'information et de la communication; 6. Licence professionnelle audit et contrôle de gestion; 7. Licence professionnelle carrières juridiques; 8. Licence professionnelle management de l'immobilier; 9. Licence professionnelle transit; 43",78,Transport logistique,name
"Licence en management de la distribution automobile; 2. Licence en maintenance industrielle; 3. Licence en marketing et communication; 4. Licence en commerce international; 5. Licence en transport-logistique. 1. Licence en mécanique, option: électromécanique. SUN HI TECH3 Africa Institut Supérieur des Sciences de la Santé (SUP DE SANTE) Ecole Supérieure de Commerce Dakar (SUP DE CO) - Institut Mercure ; - Exécutive Center ; - Institut Supérieur des Transports. HA-2018 RepSEN/Ensup-priv/HA/046-2018 1. Licence en graphisme; 2. Licence en audiovisuel; 3. Licence en journalisme. HA-2018 RepSEN/Ensup-priv/HA/037-2018 1. Licence en sciences infirmières et obstétricales (LSIO), Option: Infirmier; 2. Licence en sciences infirmières et obstétricales (LSIO), Option: Sage-Femme. HA-2022 019 MESRI/ANAQ-SUP/SE/DIPriv/nmf 1. Licence professionnelle commerce international ; 2. Licence gestion des ressources humaines ; 3. Licence marketing-management ; 4. Licence finance-comptabilité ; 5. Licence marketing vente ; 6. Licence banque-assurance ; 7. Licence communication ; 8. Licence transport logistique ; 9. Licence génie logiciel ; 10. Licence management des systèmes d'information ; 11. Licence réseaux et systèmes de sécurité; 12. Licence informatique et système embarqué; 1. Licence en santé publique, option: biologie; 2. Licence en santé publique, option: administration et gestion des services de santé; 3. Licence en santé publique, option: administration et gestion hospitalière; 4. Master en santé publique, option: biologie; 5. Master en santé publique, option: administration et gestion hospitalière; 6. Master en santé publique, option: administration et gestion des services de santé. 1. Licence en administration des affaires ; 2. Licence en informatique, option : ingénierie numérique ; 3. Licence en informatique, option : innovation, Management et technologies numériques ; 4. Licence professionnelle en technico-commercial ; 5. Licence professionnelle management des nouvelles technologies de l'information et de la communication; 6. Licence professionnelle audit et contrôle de gestion; 7. Licence professionnelle carrières juridiques; 8. Licence professionnelle management de l'immobilier; 9. Licence professionnelle transit; 43",79,Commerce international,name
"Licence en management de la distribution automobile; 2. Licence en maintenance industrielle; 3. Licence en marketing et communication; 4. Licence en commerce international; 5. Licence en transport-logistique. 1. Licence en mécanique, option: électromécanique. SUN HI TECH3 Africa Institut Supérieur des Sciences de la Santé (SUP DE SANTE) Ecole Supérieure de Commerce Dakar (SUP DE CO) - Institut Mercure ; - Exécutive Center ; - Institut Supérieur des Transports. HA-2018 RepSEN/Ensup-priv/HA/046-2018 1. Licence en graphisme; 2. Licence en audiovisuel; 3. Licence en journalisme. HA-2018 RepSEN/Ensup-priv/HA/037-2018 1. Licence en sciences infirmières et obstétricales (LSIO), Option: Infirmier; 2. Licence en sciences infirmières et obstétricales (LSIO), Option: Sage-Femme. HA-2022 019 MESRI/ANAQ-SUP/SE/DIPriv/nmf 1. Licence professionnelle commerce international ; 2. Licence gestion des ressources humaines ; 3. Licence marketing-management ; 4. Licence finance-comptabilité ; 5. Licence marketing vente ; 6. Licence banque-assurance ; 7. Licence communication ; 8. Licence transport logistique ; 9. Licence génie logiciel ; 10. Licence management des systèmes d'information ; 11. Licence réseaux et systèmes de sécurité; 12. Licence informatique et système embarqué; 1. Licence en santé publique, option: biologie; 2. Licence en santé publique, option: administration et gestion des services de santé; 3. Licence en santé publique, option: administration et gestion hospitalière; 4. Master en santé publique, option: biologie; 5. Master en santé publique, option: administration et gestion hospitalière; 6. Master en santé publique, option: administration et gestion des services de santé. 1. Licence en administration des affaires ; 2. Licence en informatique, option : ingénierie numérique ; 3. Licence en informatique, option : innovation, Management et technologies numériques ; 4. Licence professionnelle en technico-commercial ; 5. Licence professionnelle management des nouvelles technologies de l'information et de la communication; 6. Licence professionnelle audit et contrôle de gestion; 7. Licence professionnelle carrières juridiques; 8. Licence professionnelle management de l'immobilier; 9. Licence professionnelle transit; 43",97,Audit et Contrôle de Gestion,name
"Licence en management de la distribution automobile; 2. Licence en maintenance industrielle; 3. Licence en marketing et communication; 4. Licence en commerce international; 5. Licence en transport-logistique. 1. Licence en mécanique, option: électromécanique. SUN HI TECH3 Africa Institut Supérieur des Sciences de la Santé (SUP DE SANTE) Ecole Supérieure de Commerce Dakar (SUP DE CO) - Institut Mercure ; - Exécutive Center ; - Institut Supérieur des Transports. HA-2018 RepSEN/Ensup-priv/HA/046-2018 1. Licence en graphisme; 2. Licence en audiovisuel; 3. Licence en journalisme. HA-2018 RepSEN/Ensup-priv/HA/037-2018 1. Licence en sciences infirmières et obstétricales (LSIO), Option: Infirmier; 2. Licence en sciences infirmières et obstétricales (LSIO), Option: Sage-Femme. HA-2022 019 MESRI/ANAQ-SUP/SE/DIPriv/nmf 1. Licence professionnelle commerce international ; 2. Licence gestion des ressources humaines ; 3. Licence marketing-management ; 4. Licence finance-comptabilité ; 5. Licence marketing vente ; 6. Licence banque-assurance ; 7. Licence communication ; 8. Licence transport logistique ; 9. Licence génie logiciel ; 10. Licence management des systèmes d'information ; 11. Licence réseaux et systèmes de sécurité; 12. Licence informatique et système embarqué; 1. Licence en santé publique, option: biologie; 2. Licence en santé publique, option: administration et gestion des services de santé; 3. Licence en santé publique, option: administration et gestion hospitalière; 4. Master en santé publique, option: biologie; 5. Master en santé publique, option: administration et gestion hospitalière; 6. Master en santé publique, option: administration et gestion des services de santé. 1. Licence en administration des affaires ; 2. Licence en informatique, option : ingénierie numérique ; 3. Licence en informatique, option : innovation, Management et technologies numériques ; 4. Licence professionnelle en technico-commercial ; 5. Licence professionnelle management des nouvelles technologies de l'information et de la communication; 6. Licence professionnelle audit et contrôle de gestion; 7. Licence professionnelle carrières juridiques; 8. Licence professionnelle management de l'immobilier; 9. Licence professionnelle transit; 43",105,Comptabilité,name
"Licence en management de la distribution automobile; 2. Licence en maintenance industrielle; 3. Licence en marketing et communication; 4. Licence en commerce international; 5. Licence en transport-logistique. 1. Licence en mécanique, option: électromécanique. SUN HI TECH3 Africa Institut Supérieur des Sciences de la Santé (SUP DE SANTE) Ecole Supérieure de Commerce Dakar (SUP DE CO) - Institut Mercure ; - Exécutive Center ; - Institut Supérieur des Transports. HA-2018 RepSEN/Ensup-priv/HA/046-2018 1. Licence en graphisme; 2. Licence en audiovisuel; 3. Licence en journalisme. HA-2018 RepSEN/Ensup-priv/HA/037-2018 1. Licence en sciences infirmières et obstétricales (LSIO), Option: Infirmier; 2. Licence en sciences infirmières et obstétricales (LSIO), Option: Sage-Femme. HA-2022 019 MESRI/ANAQ-SUP/SE/DIPriv/nmf 1. Licence professionnelle commerce international ; 2. Licence gestion des ressources humaines ; 3. Licence marketing-management ; 4. Licence finance-comptabilité ; 5. Licence marketing vente ; 6. Licence banque-assurance ; 7. Licence communication ; 8. Licence transport logistique ; 9. Licence génie logiciel ; 10. Licence management des systèmes d'information ; 11. Licence réseaux et systèmes de sécurité; 12. Licence informatique et système embarqué; 1. Licence en santé publique, option: biologie; 2. Licence en santé publique, option: administration et gestion des services de santé; 3. Licence en santé publique, option: administration et gestion hospitalière; 4. Master en santé publique, option: biologie; 5. Master en santé publique, option: administration et gestion hospitalière; 6. Master en santé publique, option: administration et gestion des services de santé. 1. Licence en administration des affaires ; 2. Licence en informatique, option : ingénierie numérique ; 3. Licence en informatique, option : innovation, Management et technologies numériques ; 4. Licence professionnelle en technico-commercial ; 5. Licence professionnelle management des nouvelles technologies de l'information et de la communication; 6. Licence professionnelle audit et contrôle de gestion; 7. Licence professionnelle carrières juridiques; 8. Licence professionnelle management de l'immobilier; 9. Licence professionnelle transit; 43",111,Journalisme,name
"Licence en management de la distribution automobile; 2. Licence en maintenance industrielle; 3. Licence en marketing et communication; 4. Licence en commerce international; 5. Licence en transport-logistique. 1. Licence en mécanique, option: électromécanique. SUN HI TECH3 Africa Institut Supérieur des Sciences de la Santé (SUP DE SANTE) Ecole Supérieure de Commerce Dakar (SUP DE CO) - Institut Mercure ; - Exécutive Center ; - Institut Supérieur des Transports. HA-2018 RepSEN/Ensup-priv/HA/046-2018 1. Licence en graphisme; 2. Licence en audiovisuel; 3. Licence en journalisme. HA-2018 RepSEN/Ensup-priv/HA/037-2018 1. Licence en sciences infirmières et obstétricales (LSIO), Option: Infirmier; 2. Licence en sciences infirmières et obstétricales (LSIO), Option: Sage-Femme. HA-2022 019 MESRI/ANAQ-SUP/SE/DIPriv/nmf 1. Licence professionnelle commerce international ; 2. Licence gestion des ressources humaines ; 3. Licence marketing-management ; 4. Licence finance-comptabilité ; 5. Licence marketing vente ; 6. Licence banque-assurance ; 7. Licence communication ; 8. Licence transport logistique ; 9. Licence génie logiciel ; 10. Licence management des systèmes d'information ; 11. Licence réseaux et systèmes de sécurité; 12. Licence informatique et système embarqué; 1. Licence en santé publique, option: biologie; 2. Licence en santé publique, option: administration et gestion des services de santé; 3. Licence en santé publique, option: administration et gestion hospitalière; 4. Master en santé publique, option: biologie; 5. Master en santé publique, option: administration et gestion hospitalière; 6. Master en santé publique, option: administration et gestion des services de santé. 1. Licence en administration des affaires ; 2. Licence en informatique, option : ingénierie numérique ; 3. Licence en informatique, option : innovation, Management et technologies numériques ; 4. Licence professionnelle en technico-commercial ; 5. Licence professionnelle management des nouvelles technologies de l'information et de la communication; 6. Licence professionnelle audit et contrôle de gestion; 7. Licence professionnelle carrières juridiques; 8. Licence professionnelle management de l'immobilier; 9. Licence professionnelle transit; 43",112,Administration des Affaires,name
"Licence en management de la distribution automobile; 2. Licence en maintenance industrielle; 3. Licence en marketing et communication; 4. Licence en commerce international; 5. Licence en transport-logistique. 1. Licence en mécanique, option: électromécanique. SUN HI TECH3 Africa Institut Supérieur des Sciences de la Santé (SUP DE SANTE) Ecole Supérieure de Commerce Dakar (SUP DE CO) - Institut Mercure ; - Exécutive Center ; - Institut Supérieur des Transports. HA-2018 RepSEN/Ensup-priv/HA/046-2018 1. Licence en graphisme; 2. Licence en audiovisuel; 3. Licence en journalisme. HA-2018 RepSEN/Ensup-priv/HA/037-2018 1. Licence en sciences infirmières et obstétricales (LSIO), Option: Infirmier; 2. Licence en sciences infirmières et obstétricales (LSIO), Option: Sage-Femme. HA-2022 019 MESRI/ANAQ-SUP/SE/DIPriv/nmf 1. Licence professionnelle commerce international ; 2. Licence gestion des ressources humaines ; 3. Licence marketing-management ; 4. Licence finance-comptabilité ; 5. Licence marketing vente ; 6. Licence banque-assurance ; 7. Licence communication ; 8. Licence transport logistique ; 9. Licence génie logiciel ; 10. Licence management des systèmes d'information ; 11. Licence réseaux et systèmes de sécurité; 12. Licence informatique et système embarqué; 1. Licence en santé publique, option: biologie; 2. Licence en santé publique, option: administration et gestion des services de santé; 3. Licence en santé publique, option: administration et gestion hospitalière; 4. Master en santé publique, option: biologie; 5. Master en santé publique, option: administration et gestion hospitalière; 6. Master en santé publique, option: administration et gestion des services de santé. 1. Licence en administration des affaires ; 2. Licence en informatique, option : ingénierie numérique ; 3. Licence en informatique, option : innovation, Management et technologies numériques ; 4. Licence professionnelle en technico-commercial ; 5. Licence professionnelle management des nouvelles technologies de l'information et de la communication; 6. Licence professionnelle audit et contrôle de gestion; 7. Licence professionnelle carrières juridiques; 8. Licence professionnelle management de l'immobilier; 9. Licence professionnelle transit; 43",121,Communication,name
"Licence en management de la distribution automobile; 2. Licence en maintenance industrielle; 3. Licence en marketing et communication; 4. Licence en commerce international; 5. Licence en transport-logistique. 1. Licence en mécanique, option: électromécanique. SUN HI TECH3 Africa Institut Supérieur des Sciences de la Santé (SUP DE SANTE) Ecole Supérieure de Commerce Dakar (SUP DE CO) - Institut Mercure ; - Exécutive Center ; - Institut Supérieur des Transports. HA-2018 RepSEN/Ensup-priv/HA/046-2018 1. Licence en graphisme; 2. Licence en audiovisuel; 3. Licence en journalisme. HA-2018 RepSEN/Ensup-priv/HA/037-2018 1. Licence en sciences infirmières et obstétricales (LSIO), Option: Infirmier; 2. Licence en sciences infirmières et obstétricales (LSIO), Option: Sage-Femme. HA-2022 019 MESRI/ANAQ-SUP/SE/DIPriv/nmf 1. Licence professionnelle commerce international ; 2. Licence gestion des ressources humaines ; 3. Licence marketing-management ; 4. Licence finance-comptabilité ; 5. Licence marketing vente ; 6. Licence banque-assurance ; 7. Licence communication ; 8. Licence transport logistique ; 9. Licence génie logiciel ; 10. Licence management des systèmes d'information ; 11. Licence réseaux et systèmes de sécurité; 12. Licence informatique et système embarqué; 1. Licence en santé publique, option: biologie; 2. Licence en santé publique, option: administration et gestion des services de santé; 3. Licence en santé publique, option: administration et gestion hospitalière; 4. Master en santé publique, option: biologie; 5. Master en santé publique, option: administration et gestion hospitalière; 6. Master en santé publique, option: administration et gestion des services de santé. 1. Licence en administration des affaires ; 2. Licence en informatique, option : ingénierie numérique ; 3. Licence en informatique, option : innovation, Management et technologies numériques ; 4. Licence professionnelle en technico-commercial ; 5. Licence professionnelle management des nouvelles technologies de l'information et de la communication; 6. Licence professionnelle audit et contrôle de gestion; 7. Licence professionnelle carrières juridiques; 8. Licence professionnelle management de l'immobilier; 9. Licence professionnelle transit; 43",132,Management de la Distribution Automobile,name
"Licence en management de la distribution automobile; 2. Licence en maintenance industrielle; 3. Licence en marketing et communication; 4. Licence en commerce international; 5. Licence en transport-logistique. 1. Licence en mécanique, option: électromécanique. SUN HI TECH3 Africa Institut Supérieur des Sciences de la Santé (SUP DE SANTE) Ecole Supérieure de Commerce Dakar (SUP DE CO) - Institut Mercure ; - Exécutive Center ; - Institut Supérieur des Transports. HA-2018 RepSEN/Ensup-priv/HA/046-2018 1. Licence en graphisme; 2. Licence en audiovisuel; 3. Licence en journalisme. HA-2018 RepSEN/Ensup-priv/HA/037-2018 1. Licence en sciences infirmières et obstétricales (LSIO), Option: Infirmier; 2. Licence en sciences infirmières et obstétricales (LSIO), Option: Sage-Femme. HA-2022 019 MESRI/ANAQ-SUP/SE/DIPriv/nmf 1. Licence professionnelle commerce international ; 2. Licence gestion des ressources humaines ; 3. Licence marketing-management ; 4. Licence finance-comptabilité ; 5. Licence marketing vente ; 6. Licence banque-assurance ; 7. Licence communication ; 8. Licence transport logistique ; 9. Licence génie logiciel ; 10. Licence management des systèmes d'information ; 11. Licence réseaux et systèmes de sécurité; 12. Licence informatique et système embarqué; 1. Licence en santé publique, option: biologie; 2. Licence en santé publique, option: administration et gestion des services de santé; 3. Licence en santé publique, option: administration et gestion hospitalière; 4. Master en santé publique, option: biologie; 5. Master en santé publique, option: administration et gestion hospitalière; 6. Master en santé publique, option: administration et gestion des services de santé. 1. Licence en administration des affaires ; 2. Licence en informatique, option : ingénierie numérique ; 3. Licence en informatique, option : innovation, Management et technologies numériques ; 4. Licence professionnelle en technico-commercial ; 5. Licence professionnelle management des nouvelles technologies de l'information et de la communication; 6. Licence professionnelle audit et contrôle de gestion; 7. Licence professionnelle carrières juridiques; 8. Licence professionnelle management de l'immobilier; 9. Licence professionnelle transit; 43",133,Maintenance industrielle,name
"Licence en management de la distribution automobile; 2. Licence en maintenance industrielle; 3. Licence en marketing et communication; 4. Licence en commerce international; 5. Licence en transport-logistique. 1. Licence en mécanique, option: électromécanique. SUN HI TECH3 Africa Institut Supérieur des Sciences de la Santé (SUP DE SANTE) Ecole Supérieure de Commerce Dakar (SUP DE CO) - Institut Mercure ; - Exécutive Center ; - Institut Supérieur des Transports. HA-2018 RepSEN/Ensup-priv/HA/046-2018 1. Licence en graphisme; 2. Licence en audiovisuel; 3. Licence en journalisme. HA-2018 RepSEN/Ensup-priv/HA/037-2018 1. Licence en sciences infirmières et obstétricales (LSIO), Option: Infirmier; 2. Licence en sciences infirmières et obstétricales (LSIO), Option: Sage-Femme. HA-2022 019 MESRI/ANAQ-SUP/SE/DIPriv/nmf 1. Licence professionnelle commerce international ; 2. Licence gestion des ressources humaines ; 3. Licence marketing-management ; 4. Licence finance-comptabilité ; 5. Licence marketing vente ; 6. Licence banque-assurance ; 7. Licence communication ; 8. Licence transport logistique ; 9. Licence génie logiciel ; 10. Licence management des systèmes d'information ; 11. Licence réseaux et systèmes de sécurité; 12. Licence informatique et système embarqué; 1. Licence en santé publique, option: biologie; 2. Licence en santé publique, option: administration et gestion des services de santé; 3. Licence en santé publique, option: administration et gestion hospitalière; 4. Master en santé publique, option: biologie; 5. Master en santé publique, option: administration et gestion hospitalière; 6. Master en santé publique, option: administration et gestion des services de santé. 1. Licence en administration des affaires ; 2. Licence en informatique, option : ingénierie numérique ; 3. Licence en informatique, option : innovation, Management et technologies numériques ; 4. Licence professionnelle en technico-commercial ; 5. Licence professionnelle management des nouvelles technologies de l'information et de la communication; 6. Licence professionnelle audit et contrôle de gestion; 7. Licence professionnelle carrières juridiques; 8. Licence professionnelle management de l'immobilier; 9. Licence professionnelle transit; 43",134,Graphisme,name
"Licence en management de la distribution automobile; 2. Licence en maintenance industrielle; 3. Licence en marketing et communication; 4. Licence en commerce international; 5. Licence en transport-logistique. 1. Licence en mécanique, option: électromécanique. SUN HI TECH3 Africa Institut Supérieur des Sciences de la Santé (SUP DE SANTE) Ecole Supérieure de Commerce Dakar (SUP DE CO) - Institut Mercure ; - Exécutive Center ; - Institut Supérieur des Transports. HA-2018 RepSEN/Ensup-priv/HA/046-2018 1. Licence en graphisme; 2. Licence en audiovisuel; 3. Licence en journalisme. HA-2018 RepSEN/Ensup-priv/HA/037-2018 1. Licence en sciences infirmières et obstétricales (LSIO), Option: Infirmier; 2. Licence en sciences infirmières et obstétricales (LSIO), Option: Sage-Femme. HA-2022 019 MESRI/ANAQ-SUP/SE/DIPriv/nmf 1. Licence professionnelle commerce international ; 2. Licence gestion des ressources humaines ; 3. Licence marketing-management ; 4. Licence finance-comptabilité ; 5. Licence marketing vente ; 6. Licence banque-assurance ; 7. Licence communication ; 8. Licence transport logistique ; 9. Licence génie logiciel ; 10. Licence management des systèmes d'information ; 11. Licence réseaux et systèmes de sécurité; 12. Licence informatique et système embarqué; 1. Licence en santé publique, option: biologie; 2. Licence en santé publique, option: administration et gestion des services de santé; 3. Licence en santé publique, option: administration et gestion hospitalière; 4. Master en santé publique, option: biologie; 5. Master en santé publique, option: administration et gestion hospitalière; 6. Master en santé publique, option: administration et gestion des services de santé. 1. Licence en administration des affaires ; 2. Licence en informatique, option : ingénierie numérique ; 3. Licence en informatique, option : innovation, Management et technologies numériques ; 4. Licence professionnelle en technico-commercial ; 5. Licence professionnelle management des nouvelles technologies de l'information et de la communication; 6. Licence professionnelle audit et contrôle de gestion; 7. Licence professionnelle carrières juridiques; 8. Licence professionnelle management de l'immobilier; 9. Licence professionnelle transit; 43",135,Audiovisuel,name
"Licence en management de la distribution automobile; 2. Licence en maintenance industrielle; 3. Licence en marketing et communication; 4. Licence en commerce international; 5. Licence en transport-logistique. 1. Licence en mécanique, option: électromécanique. SUN HI TECH3 Africa Institut Supérieur des Sciences de la Santé (SUP DE SANTE) Ecole Supérieure de Commerce Dakar (SUP DE CO) - Institut Mercure ; - Exécutive Center ; - Institut Supérieur des Transports. HA-2018 RepSEN/Ensup-priv/HA/046-2018 1. Licence en graphisme; 2. Licence en audiovisuel; 3. Licence en journalisme. HA-2018 RepSEN/Ensup-priv/HA/037-2018 1. Licence en sciences infirmières et obstétricales (LSIO), Option: Infirmier; 2. Licence en sciences infirmières et obstétricales (LSIO), Option: Sage-Femme. HA-2022 019 MESRI/ANAQ-SUP/SE/DIPriv/nmf 1. Licence professionnelle commerce international ; 2. Licence gestion des ressources humaines ; 3. Licence marketing-management ; 4. Licence finance-comptabilité ; 5. Licence marketing vente ; 6. Licence banque-assurance ; 7. Licence communication ; 8. Licence transport logistique ; 9. Licence génie logiciel ; 10. Licence management des systèmes d'information ; 11. Licence réseaux et systèmes de sécurité; 12. Licence informatique et système embarqué; 1. Licence en santé publique, option: biologie; 2. Licence en santé publique, option: administration et gestion des services de santé; 3. Licence en santé publique, option: administration et gestion hospitalière; 4. Master en santé publique, option: biologie; 5. Master en santé publique, option: administration et gestion hospitalière; 6. Master en santé publique, option: administration et gestion des services de santé. 1. Licence en administration des affaires ; 2. Licence en informatique, option : ingénierie numérique ; 3. Licence en informatique, option : innovation, Management et technologies numériques ; 4. Licence professionnelle en technico-commercial ; 5. Licence professionnelle management des nouvelles technologies de l'information et de la communication; 6. Licence professionnelle audit et contrôle de gestion; 7. Licence professionnelle carrières juridiques; 8. Licence professionnelle management de l'immobilier; 9. Licence professionnelle transit; 43",137,Réseaux et Systèmes de Sécurité,name
"Licence en management de la distribution automobile; 2. Licence en maintenance industrielle; 3. Licence en marketing et communication; 4. Licence en commerce international; 5. Licence en transport-logistique. 1. Licence en mécanique, option: électromécanique. SUN HI TECH3 Africa Institut Supérieur des Sciences de la Santé (SUP DE SANTE) Ecole Supérieure de Commerce Dakar (SUP DE CO) - Institut Mercure ; - Exécutive Center ; - Institut Supérieur des Transports. HA-2018 RepSEN/Ensup-priv/HA/046-2018 1. Licence en graphisme; 2. Licence en audiovisuel; 3. Licence en journalisme. HA-2018 RepSEN/Ensup-priv/HA/037-2018 1. Licence en sciences infirmières et obstétricales (LSIO), Option: Infirmier; 2. Licence en sciences infirmières et obstétricales (LSIO), Option: Sage-Femme. HA-2022 019 MESRI/ANAQ-SUP/SE/DIPriv/nmf 1. Licence professionnelle commerce international ; 2. Licence gestion des ressources humaines ; 3. Licence marketing-management ; 4. Licence finance-comptabilité ; 5. Licence marketing vente ; 6. Licence banque-assurance ; 7. Licence communication ; 8. Licence transport logistique ; 9. Licence génie logiciel ; 10. Licence management des systèmes d'information ; 11. Licence réseaux et systèmes de sécurité; 12. Licence informatique et système embarqué; 1. Licence en santé publique, option: biologie; 2. Licence en santé publique, option: administration et gestion des services de santé; 3. Licence en santé publique, option: administration et gestion hospitalière; 4. Master en santé publique, option: biologie; 5. Master en santé publique, option: administration et gestion hospitalière; 6. Master en santé publique, option: administration et gestion des services de santé. 1. Licence en administration des affaires ; 2. Licence en informatique, option : ingénierie numérique ; 3. Licence en informatique, option : innovation, Management et technologies numériques ; 4. Licence professionnelle en technico-commercial ; 5. Licence professionnelle management des nouvelles technologies de l'information et de la communication; 6. Licence professionnelle audit et contrôle de gestion; 7. Licence professionnelle carrières juridiques; 8. Licence professionnelle management de l'immobilier; 9. Licence professionnelle transit; 43",155,Commercial,name
"Licence en management de la distribution automobile; 2. Licence en maintenance industrielle; 3. Licence en marketing et communication; 4. Licence en commerce international; 5. Licence en transport-logistique. 1. Licence en mécanique, option: électromécanique. SUN HI TECH3 Africa Institut Supérieur des Sciences de la Santé (SUP DE SANTE) Ecole Supérieure de Commerce Dakar (SUP DE CO) - Institut Mercure ; - Exécutive Center ; - Institut Supérieur des Transports. HA-2018 RepSEN/Ensup-priv/HA/046-2018 1. Licence en graphisme; 2. Licence en audiovisuel; 3. Licence en journalisme. HA-2018 RepSEN/Ensup-priv/HA/037-2018 1. Licence en sciences infirmières et obstétricales (LSIO), Option: Infirmier; 2. Licence en sciences infirmières et obstétricales (LSIO), Option: Sage-Femme. HA-2022 019 MESRI/ANAQ-SUP/SE/DIPriv/nmf 1. Licence professionnelle commerce international ; 2. Licence gestion des ressources humaines ; 3. Licence marketing-management ; 4. Licence finance-comptabilité ; 5. Licence marketing vente ; 6. Licence banque-assurance ; 7. Licence communication ; 8. Licence transport logistique ; 9. Licence génie logiciel ; 10. Licence management des systèmes d'information ; 11. Licence réseaux et systèmes de sécurité; 12. Licence informatique et système embarqué; 1. Licence en santé publique, option: biologie; 2. Licence en santé publique, option: administration et gestion des services de santé; 3. Licence en santé publique, option: administration et gestion hospitalière; 4. Master en santé publique, option: biologie; 5. Master en santé publique, option: administration et gestion hospitalière; 6. Master en santé publique, option: administration et gestion des services de santé. 1. Licence en administration des affaires ; 2. Licence en informatique, option : ingénierie numérique ; 3. Licence en informatique, option : innovation, Management et technologies numériques ; 4. Licence professionnelle en technico-commercial ; 5. Licence professionnelle management des nouvelles technologies de l'information et de la communication; 6. Licence professionnelle audit et contrôle de gestion; 7. Licence professionnelle carrières juridiques; 8. Licence professionnelle management de l'immobilier; 9. Licence professionnelle transit; 43",161,Biologie,name
"Licence en management de la distribution automobile; 2. Licence en maintenance industrielle; 3. Licence en marketing et communication; 4. Licence en commerce international; 5. Licence en transport-logistique. 1. Licence en mécanique, option: électromécanique. SUN HI TECH3 Africa Institut Supérieur des Sciences de la Santé (SUP DE SANTE) Ecole Supérieure de Commerce Dakar (SUP DE CO) - Institut Mercure ; - Exécutive Center ; - Institut Supérieur des Transports. HA-2018 RepSEN/Ensup-priv/HA/046-2018 1. Licence en graphisme; 2. Licence en audiovisuel; 3. Licence en journalisme. HA-2018 RepSEN/Ensup-priv/HA/037-2018 1. Licence en sciences infirmières et obstétricales (LSIO), Option: Infirmier; 2. Licence en sciences infirmières et obstétricales (LSIO), Option: Sage-Femme. HA-2022 019 MESRI/ANAQ-SUP/SE/DIPriv/nmf 1. Licence professionnelle commerce international ; 2. Licence gestion des ressources humaines ; 3. Licence marketing-management ; 4. Licence finance-comptabilité ; 5. Licence marketing vente ; 6. Licence banque-assurance ; 7. Licence communication ; 8. Licence transport logistique ; 9. Licence génie logiciel ; 10. Licence management des systèmes d'information ; 11. Licence réseaux et systèmes de sécurité; 12. Licence informatique et système embarqué; 1. Licence en santé publique, option: biologie; 2. Licence en santé publique, option: administration et gestion des services de santé; 3. Licence en santé publique, option: administration et gestion hospitalière; 4. Master en santé publique, option: biologie; 5. Master en santé publique, option: administration et gestion hospitalière; 6. Master en santé publique, option: administration et gestion des services de santé. 1. Licence en administration des affaires ; 2. Licence en informatique, option : ingénierie numérique ; 3. Licence en informatique, option : innovation, Management et technologies numériques ; 4. Licence professionnelle en technico-commercial ; 5. Licence professionnelle management des nouvelles technologies de l'information et de la communication; 6. Licence professionnelle audit et contrôle de gestion; 7. Licence professionnelle carrières juridiques; 8. Licence professionnelle management de l'immobilier; 9. Licence professionnelle transit; 43",178,Marketing Vente,name
"Licence réseaux télécoms et mobilité; 14. Licence méthodes informatiques appliquées à la gestion des entreprises ; 15. Licence assistanat de direction; 16. Master of science in management: finance; 17. Master of science in management: audit et contrôle de gestion; 18. Master of science in management: marketing; 19. Master of science in management: commerce international; 20. Master of science in management: resources humaines; 21. Master of science in management: communication; 22. Master of science in management: droit des affaires et fiscalité; 23. Master of science in management: management des projets; 24. Master management du transport aérien; 25. Master transport maritime; 26. Master management de la logistique et des transports; 27. Master ingénieur transport et logistique; 28. Master banque finance; 29. Master assurance et risk management; 30. Master finance islamique. 10. Licence professionnelle consignation maritime; 11. Licence professionnelle manutention portuaire; 12. Master microfinance; 13. Master direction générale d'entreprise; 14. Master science of management,option: marketing digital; 15. Master science of management, option: business intelligence marketing; 16. Master en management supply chain; 17. Master en management de la communication; 18. Master en réseaux Systèmes et Sécurités; 19. Master en génie logiciel; 20. Master méthodes informatiques appliquées à la gestion des entreprises (MIAGE); 21. Master en monétique et certification numérique; 22. Master en management qualité hygiène sécurité environnement. Supérieur d'Informatique (SUP'INFO) HA- 2021 RepSEN/Ensup-priv/HA/075-2021 1. Licence sciences économiques et de gestion 2. Licence sciences et technologie; 3. Master sciences economiques et de gestion; 4. Master sciences et technologie. 1. Licence en informatique de gestion; 2. Bachelor in computer sciences, option: maintenance - réseaux informatiques et télécoms; 3. Bachelor in computer Sciences, option: programmation-développement; 4. Licence en marketing & communication; 5. Licence commerce international; 6. Licence en transport logistique; 7. Licence en gestion des ressources humaines; 8. Licence professionnelle en finance internationale, Banque - assurance; 9. Licence en multimédia numérique; 10. Licence en internet web; 44",1,Informatique,name
"Licence réseaux télécoms et mobilité; 14. Licence méthodes informatiques appliquées à la gestion des entreprises ; 15. Licence assistanat de direction; 16. Master of science in management: finance; 17. Master of science in management: audit et contrôle de gestion; 18. Master of science in management: marketing; 19. Master of science in management: commerce international; 20. Master of science in management: resources humaines; 21. Master of science in management: communication; 22. Master of science in management: droit des affaires et fiscalité; 23. Master of science in management: management des projets; 24. Master management du transport aérien; 25. Master transport maritime; 26. Master management de la logistique et des transports; 27. Master ingénieur transport et logistique; 28. Master banque finance; 29. Master assurance et risk management; 30. Master finance islamique. 10. Licence professionnelle consignation maritime; 11. Licence professionnelle manutention portuaire; 12. Master microfinance; 13. Master direction générale d'entreprise; 14. Master science of management,option: marketing digital; 15. Master science of management, option: business intelligence marketing; 16. Master en management supply chain; 17. Master en management de la communication; 18. Master en réseaux Systèmes et Sécurités; 19. Master en génie logiciel; 20. Master méthodes informatiques appliquées à la gestion des entreprises (MIAGE); 21. Master en monétique et certification numérique; 22. Master en management qualité hygiène sécurité environnement. Supérieur d'Informatique (SUP'INFO) HA- 2021 RepSEN/Ensup-priv/HA/075-2021 1. Licence sciences économiques et de gestion 2. Licence sciences et technologie; 3. Master sciences economiques et de gestion; 4. Master sciences et technologie. 1. Licence en informatique de gestion; 2. Bachelor in computer sciences, option: maintenance - réseaux informatiques et télécoms; 3. Bachelor in computer Sciences, option: programmation-développement; 4. Licence en marketing & communication; 5. Licence commerce international; 6. Licence en transport logistique; 7. Licence en gestion des ressources humaines; 8. Licence professionnelle en finance internationale, Banque - assurance; 9. Licence en multimédia numérique; 10. Licence en internet web; 44",4,Droit,name
"Licence réseaux télécoms et mobilité; 14. Licence méthodes informatiques appliquées à la gestion des entreprises ; 15. Licence assistanat de direction; 16. Master of science in management: finance; 17. Master of science in management: audit et contrôle de gestion; 18. Master of science in management: marketing; 19. Master of science in management: commerce international; 20. Master of science in management: resources humaines; 21. Master of science in management: communication; 22. Master of science in management: droit des affaires et fiscalité; 23. Master of science in management: management des projets; 24. Master management du transport aérien; 25. Master transport maritime; 26. Master management de la logistique et des transports; 27. Master ingénieur transport et logistique; 28. Master banque finance; 29. Master assurance et risk management; 30. Master finance islamique. 10. Licence professionnelle consignation maritime; 11. Licence professionnelle manutention portuaire; 12. Master microfinance; 13. Master direction générale d'entreprise; 14. Master science of management,option: marketing digital; 15. Master science of management, option: business intelligence marketing; 16. Master en management supply chain; 17. Master en management de la communication; 18. Master en réseaux Systèmes et Sécurités; 19. Master en génie logiciel; 20. Master méthodes informatiques appliquées à la gestion des entreprises (MIAGE); 21. Master en monétique et certification numérique; 22. Master en management qualité hygiène sécurité environnement. Supérieur d'Informatique (SUP'INFO) HA- 2021 RepSEN/Ensup-priv/HA/075-2021 1. Licence sciences économiques et de gestion 2. Licence sciences et technologie; 3. Master sciences economiques et de gestion; 4. Master sciences et technologie. 1. Licence en informatique de gestion; 2. Bachelor in computer sciences, option: maintenance - réseaux informatiques et télécoms; 3. Bachelor in computer Sciences, option: programmation-développement; 4. Licence en marketing & communication; 5. Licence commerce international; 6. Licence en transport logistique; 7. Licence en gestion des ressources humaines; 8. Licence professionnelle en finance internationale, Banque - assurance; 9. Licence en multimédia numérique; 10. Licence en internet web; 44",5,Gestion,name
"Licence réseaux télécoms et mobilité; 14. Licence méthodes informatiques appliquées à la gestion des entreprises ; 15. Licence assistanat de direction; 16. Master of science in management: finance; 17. Master of science in management: audit et contrôle de gestion; 18. Master of science in management: marketing; 19. Master of science in management: commerce international; 20. Master of science in management: resources humaines; 21. Master of science in management: communication; 22. Master of science in management: droit des affaires et fiscalité; 23. Master of science in management: management des projets; 24. Master management du transport aérien; 25. Master transport maritime; 26. Master management de la logistique et des transports; 27. Master ingénieur transport et logistique; 28. Master banque finance; 29. Master assurance et risk management; 30. Master finance islamique. 10. Licence professionnelle consignation maritime; 11. Licence professionnelle manutention portuaire; 12. Master microfinance; 13. Master direction générale d'entreprise; 14. Master science of management,option: marketing digital; 15. Master science of management, option: business intelligence marketing; 16. Master en management supply chain; 17. Master en management de la communication; 18. Master en réseaux Systèmes et Sécurités; 19. Master en génie logiciel; 20. Master méthodes informatiques appliquées à la gestion des entreprises (MIAGE); 21. Master en monétique et certification numérique; 22. Master en management qualité hygiène sécurité environnement. Supérieur d'Informatique (SUP'INFO) HA- 2021 RepSEN/Ensup-priv/HA/075-2021 1. Licence sciences économiques et de gestion 2. Licence sciences et technologie; 3. Master sciences economiques et de gestion; 4. Master sciences et technologie. 1. Licence en informatique de gestion; 2. Bachelor in computer sciences, option: maintenance - réseaux informatiques et télécoms; 3. Bachelor in computer Sciences, option: programmation-développement; 4. Licence en marketing & communication; 5. Licence commerce international; 6. Licence en transport logistique; 7. Licence en gestion des ressources humaines; 8. Licence professionnelle en finance internationale, Banque - assurance; 9. Licence en multimédia numérique; 10. Licence en internet web; 44",7,Marketing,name
"Licence réseaux télécoms et mobilité; 14. Licence méthodes informatiques appliquées à la gestion des entreprises ; 15. Licence assistanat de direction; 16. Master of science in management: finance; 17. Master of science in management: audit et contrôle de gestion; 18. Master of science in management: marketing; 19. Master of science in management: commerce international; 20. Master of science in management: resources humaines; 21. Master of science in management: communication; 22. Master of science in management: droit des affaires et fiscalité; 23. Master of science in management: management des projets; 24. Master management du transport aérien; 25. Master transport maritime; 26. Master management de la logistique et des transports; 27. Master ingénieur transport et logistique; 28. Master banque finance; 29. Master assurance et risk management; 30. Master finance islamique. 10. Licence professionnelle consignation maritime; 11. Licence professionnelle manutention portuaire; 12. Master microfinance; 13. Master direction générale d'entreprise; 14. Master science of management,option: marketing digital; 15. Master science of management, option: business intelligence marketing; 16. Master en management supply chain; 17. Master en management de la communication; 18. Master en réseaux Systèmes et Sécurités; 19. Master en génie logiciel; 20. Master méthodes informatiques appliquées à la gestion des entreprises (MIAGE); 21. Master en monétique et certification numérique; 22. Master en management qualité hygiène sécurité environnement. Supérieur d'Informatique (SUP'INFO) HA- 2021 RepSEN/Ensup-priv/HA/075-2021 1. Licence sciences économiques et de gestion 2. Licence sciences et technologie; 3. Master sciences economiques et de gestion; 4. Master sciences et technologie. 1. Licence en informatique de gestion; 2. Bachelor in computer sciences, option: maintenance - réseaux informatiques et télécoms; 3. Bachelor in computer Sciences, option: programmation-développement; 4. Licence en marketing & communication; 5. Licence commerce international; 6. Licence en transport logistique; 7. Licence en gestion des ressources humaines; 8. Licence professionnelle en finance internationale, Banque - assurance; 9. Licence en multimédia numérique; 10. Licence en internet web; 44",9,Génie Logiciel,name
"Licence réseaux télécoms et mobilité; 14. Licence méthodes informatiques appliquées à la gestion des entreprises ; 15. Licence assistanat de direction; 16. Master of science in management: finance; 17. Master of science in management: audit et contrôle de gestion; 18. Master of science in management: marketing; 19. Master of science in management: commerce international; 20. Master of science in management: resources humaines; 21. Master of science in management: communication; 22. Master of science in management: droit des affaires et fiscalité; 23. Master of science in management: management des projets; 24. Master management du transport aérien; 25. Master transport maritime; 26. Master management de la logistique et des transports; 27. Master ingénieur transport et logistique; 28. Master banque finance; 29. Master assurance et risk management; 30. Master finance islamique. 10. Licence professionnelle consignation maritime; 11. Licence professionnelle manutention portuaire; 12. Master microfinance; 13. Master direction générale d'entreprise; 14. Master science of management,option: marketing digital; 15. Master science of management, option: business intelligence marketing; 16. Master en management supply chain; 17. Master en management de la communication; 18. Master en réseaux Systèmes et Sécurités; 19. Master en génie logiciel; 20. Master méthodes informatiques appliquées à la gestion des entreprises (MIAGE); 21. Master en monétique et certification numérique; 22. Master en management qualité hygiène sécurité environnement. Supérieur d'Informatique (SUP'INFO) HA- 2021 RepSEN/Ensup-priv/HA/075-2021 1. Licence sciences économiques et de gestion 2. Licence sciences et technologie; 3. Master sciences economiques et de gestion; 4. Master sciences et technologie. 1. Licence en informatique de gestion; 2. Bachelor in computer sciences, option: maintenance - réseaux informatiques et télécoms; 3. Bachelor in computer Sciences, option: programmation-développement; 4. Licence en marketing & communication; 5. Licence commerce international; 6. Licence en transport logistique; 7. Licence en gestion des ressources humaines; 8. Licence professionnelle en finance internationale, Banque - assurance; 9. Licence en multimédia numérique; 10. Licence en internet web; 44",15,Informatique de Gestion,name
"Licence réseaux télécoms et mobilité; 14. Licence méthodes informatiques appliquées à la gestion des entreprises ; 15. Licence assistanat de direction; 16. Master of science in management: finance; 17. Master of science in management: audit et contrôle de gestion; 18. Master of science in management: marketing; 19. Master of science in management: commerce international; 20. Master of science in management: resources humaines; 21. Master of science in management: communication; 22. Master of science in management: droit des affaires et fiscalité; 23. Master of science in management: management des projets; 24. Master management du transport aérien; 25. Master transport maritime; 26. Master management de la logistique et des transports; 27. Master ingénieur transport et logistique; 28. Master banque finance; 29. Master assurance et risk management; 30. Master finance islamique. 10. Licence professionnelle consignation maritime; 11. Licence professionnelle manutention portuaire; 12. Master microfinance; 13. Master direction générale d'entreprise; 14. Master science of management,option: marketing digital; 15. Master science of management, option: business intelligence marketing; 16. Master en management supply chain; 17. Master en management de la communication; 18. Master en réseaux Systèmes et Sécurités; 19. Master en génie logiciel; 20. Master méthodes informatiques appliquées à la gestion des entreprises (MIAGE); 21. Master en monétique et certification numérique; 22. Master en management qualité hygiène sécurité environnement. Supérieur d'Informatique (SUP'INFO) HA- 2021 RepSEN/Ensup-priv/HA/075-2021 1. Licence sciences économiques et de gestion 2. Licence sciences et technologie; 3. Master sciences economiques et de gestion; 4. Master sciences et technologie. 1. Licence en informatique de gestion; 2. Bachelor in computer sciences, option: maintenance - réseaux informatiques et télécoms; 3. Bachelor in computer Sciences, option: programmation-développement; 4. Licence en marketing & communication; 5. Licence commerce international; 6. Licence en transport logistique; 7. Licence en gestion des ressources humaines; 8. Licence professionnelle en finance internationale, Banque - assurance; 9. Licence en multimédia numérique; 10. Licence en internet web; 44",64,Management,name
"Licence réseaux télécoms et mobilité; 14. Licence méthodes informatiques appliquées à la gestion des entreprises ; 15. Licence assistanat de direction; 16. Master of science in management: finance; 17. Master of science in management: audit et contrôle de gestion; 18. Master of science in management: marketing; 19. Master of science in management: commerce international; 20. Master of science in management: resources humaines; 21. Master of science in management: communication; 22. Master of science in management: droit des affaires et fiscalité; 23. Master of science in management: management des projets; 24. Master management du transport aérien; 25. Master transport maritime; 26. Master management de la logistique et des transports; 27. Master ingénieur transport et logistique; 28. Master banque finance; 29. Master assurance et risk management; 30. Master finance islamique. 10. Licence professionnelle consignation maritime; 11. Licence professionnelle manutention portuaire; 12. Master microfinance; 13. Master direction générale d'entreprise; 14. Master science of management,option: marketing digital; 15. Master science of management, option: business intelligence marketing; 16. Master en management supply chain; 17. Master en management de la communication; 18. Master en réseaux Systèmes et Sécurités; 19. Master en génie logiciel; 20. Master méthodes informatiques appliquées à la gestion des entreprises (MIAGE); 21. Master en monétique et certification numérique; 22. Master en management qualité hygiène sécurité environnement. Supérieur d'Informatique (SUP'INFO) HA- 2021 RepSEN/Ensup-priv/HA/075-2021 1. Licence sciences économiques et de gestion 2. Licence sciences et technologie; 3. Master sciences economiques et de gestion; 4. Master sciences et technologie. 1. Licence en informatique de gestion; 2. Bachelor in computer sciences, option: maintenance - réseaux informatiques et télécoms; 3. Bachelor in computer Sciences, option: programmation-développement; 4. Licence en marketing & communication; 5. Licence commerce international; 6. Licence en transport logistique; 7. Licence en gestion des ressources humaines; 8. Licence professionnelle en finance internationale, Banque - assurance; 9. Licence en multimédia numérique; 10. Licence en internet web; 44",68,Gestion des ressources humaines,name
"Licence réseaux télécoms et mobilité; 14. Licence méthodes informatiques appliquées à la gestion des entreprises ; 15. Licence assistanat de direction; 16. Master of science in management: finance; 17. Master of science in management: audit et contrôle de gestion; 18. Master of science in management: marketing; 19. Master of science in management: commerce international; 20. Master of science in management: resources humaines; 21. Master of science in management: communication; 22. Master of science in management: droit des affaires et fiscalité; 23. Master of science in management: management des projets; 24. Master management du transport aérien; 25. Master transport maritime; 26. Master management de la logistique et des transports; 27. Master ingénieur transport et logistique; 28. Master banque finance; 29. Master assurance et risk management; 30. Master finance islamique. 10. Licence professionnelle consignation maritime; 11. Licence professionnelle manutention portuaire; 12. Master microfinance; 13. Master direction générale d'entreprise; 14. Master science of management,option: marketing digital; 15. Master science of management, option: business intelligence marketing; 16. Master en management supply chain; 17. Master en management de la communication; 18. Master en réseaux Systèmes et Sécurités; 19. Master en génie logiciel; 20. Master méthodes informatiques appliquées à la gestion des entreprises (MIAGE); 21. Master en monétique et certification numérique; 22. Master en management qualité hygiène sécurité environnement. Supérieur d'Informatique (SUP'INFO) HA- 2021 RepSEN/Ensup-priv/HA/075-2021 1. Licence sciences économiques et de gestion 2. Licence sciences et technologie; 3. Master sciences economiques et de gestion; 4. Master sciences et technologie. 1. Licence en informatique de gestion; 2. Bachelor in computer sciences, option: maintenance - réseaux informatiques et télécoms; 3. Bachelor in computer Sciences, option: programmation-développement; 4. Licence en marketing & communication; 5. Licence commerce international; 6. Licence en transport logistique; 7. Licence en gestion des ressources humaines; 8. Licence professionnelle en finance internationale, Banque - assurance; 9. Licence en multimédia numérique; 10. Licence en internet web; 44",73,Droit des affaires,name
"Licence réseaux télécoms et mobilité; 14. Licence méthodes informatiques appliquées à la gestion des entreprises ; 15. Licence assistanat de direction; 16. Master of science in management: finance; 17. Master of science in management: audit et contrôle de gestion; 18. Master of science in management: marketing; 19. Master of science in management: commerce international; 20. Master of science in management: resources humaines; 21. Master of science in management: communication; 22. Master of science in management: droit des affaires et fiscalité; 23. Master of science in management: management des projets; 24. Master management du transport aérien; 25. Master transport maritime; 26. Master management de la logistique et des transports; 27. Master ingénieur transport et logistique; 28. Master banque finance; 29. Master assurance et risk management; 30. Master finance islamique. 10. Licence professionnelle consignation maritime; 11. Licence professionnelle manutention portuaire; 12. Master microfinance; 13. Master direction générale d'entreprise; 14. Master science of management,option: marketing digital; 15. Master science of management, option: business intelligence marketing; 16. Master en management supply chain; 17. Master en management de la communication; 18. Master en réseaux Systèmes et Sécurités; 19. Master en génie logiciel; 20. Master méthodes informatiques appliquées à la gestion des entreprises (MIAGE); 21. Master en monétique et certification numérique; 22. Master en management qualité hygiène sécurité environnement. Supérieur d'Informatique (SUP'INFO) HA- 2021 RepSEN/Ensup-priv/HA/075-2021 1. Licence sciences économiques et de gestion 2. Licence sciences et technologie; 3. Master sciences economiques et de gestion; 4. Master sciences et technologie. 1. Licence en informatique de gestion; 2. Bachelor in computer sciences, option: maintenance - réseaux informatiques et télécoms; 3. Bachelor in computer Sciences, option: programmation-développement; 4. Licence en marketing & communication; 5. Licence commerce international; 6. Licence en transport logistique; 7. Licence en gestion des ressources humaines; 8. Licence professionnelle en finance internationale, Banque - assurance; 9. Licence en multimédia numérique; 10. Licence en internet web; 44",78,Transport logistique,name
"Licence réseaux télécoms et mobilité; 14. Licence méthodes informatiques appliquées à la gestion des entreprises ; 15. Licence assistanat de direction; 16. Master of science in management: finance; 17. Master of science in management: audit et contrôle de gestion; 18. Master of science in management: marketing; 19. Master of science in management: commerce international; 20. Master of science in management: resources humaines; 21. Master of science in management: communication; 22. Master of science in management: droit des affaires et fiscalité; 23. Master of science in management: management des projets; 24. Master management du transport aérien; 25. Master transport maritime; 26. Master management de la logistique et des transports; 27. Master ingénieur transport et logistique; 28. Master banque finance; 29. Master assurance et risk management; 30. Master finance islamique. 10. Licence professionnelle consignation maritime; 11. Licence professionnelle manutention portuaire; 12. Master microfinance; 13. Master direction générale d'entreprise; 14. Master science of management,option: marketing digital; 15. Master science of management, option: business intelligence marketing; 16. Master en management supply chain; 17. Master en management de la communication; 18. Master en réseaux Systèmes et Sécurités; 19. Master en génie logiciel; 20. Master méthodes informatiques appliquées à la gestion des entreprises (MIAGE); 21. Master en monétique et certification numérique; 22. Master en management qualité hygiène sécurité environnement. Supérieur d'Informatique (SUP'INFO) HA- 2021 RepSEN/Ensup-priv/HA/075-2021 1. Licence sciences économiques et de gestion 2. Licence sciences et technologie; 3. Master sciences economiques et de gestion; 4. Master sciences et technologie. 1. Licence en informatique de gestion; 2. Bachelor in computer sciences, option: maintenance - réseaux informatiques et télécoms; 3. Bachelor in computer Sciences, option: programmation-développement; 4. Licence en marketing & communication; 5. Licence commerce international; 6. Licence en transport logistique; 7. Licence en gestion des ressources humaines; 8. Licence professionnelle en finance internationale, Banque - assurance; 9. Licence en multimédia numérique; 10. Licence en internet web; 44",79,Commerce international,name
"Licence réseaux télécoms et mobilité; 14. Licence méthodes informatiques appliquées à la gestion des entreprises ; 15. Licence assistanat de direction; 16. Master of science in management: finance; 17. Master of science in management: audit et contrôle de gestion; 18. Master of science in management: marketing; 19. Master of science in management: commerce international; 20. Master of science in management: resources humaines; 21. Master of science in management: communication; 22. Master of science in management: droit des affaires et fiscalité; 23. Master of science in management: management des projets; 24. Master management du transport aérien; 25. Master transport maritime; 26. Master management de la logistique et des transports; 27. Master ingénieur transport et logistique; 28. Master banque finance; 29. Master assurance et risk management; 30. Master finance islamique. 10. Licence professionnelle consignation maritime; 11. Licence professionnelle manutention portuaire; 12. Master microfinance; 13. Master direction générale d'entreprise; 14. Master science of management,option: marketing digital; 15. Master science of management, option: business intelligence marketing; 16. Master en management supply chain; 17. Master en management de la communication; 18. Master en réseaux Systèmes et Sécurités; 19. Master en génie logiciel; 20. Master méthodes informatiques appliquées à la gestion des entreprises (MIAGE); 21. Master en monétique et certification numérique; 22. Master en management qualité hygiène sécurité environnement. Supérieur d'Informatique (SUP'INFO) HA- 2021 RepSEN/Ensup-priv/HA/075-2021 1. Licence sciences économiques et de gestion 2. Licence sciences et technologie; 3. Master sciences economiques et de gestion; 4. Master sciences et technologie. 1. Licence en informatique de gestion; 2. Bachelor in computer sciences, option: maintenance - réseaux informatiques et télécoms; 3. Bachelor in computer Sciences, option: programmation-développement; 4. Licence en marketing & communication; 5. Licence commerce international; 6. Licence en transport logistique; 7. Licence en gestion des ressources humaines; 8. Licence professionnelle en finance internationale, Banque - assurance; 9. Licence en multimédia numérique; 10. Licence en internet web; 44",97,Audit et Contrôle de Gestion,name
"Licence réseaux télécoms et mobilité; 14. Licence méthodes informatiques appliquées à la gestion des entreprises ; 15. Licence assistanat de direction; 16. Master of science in management: finance; 17. Master of science in management: audit et contrôle de gestion; 18. Master of science in management: marketing; 19. Master of science in management: commerce international; 20. Master of science in management: resources humaines; 21. Master of science in management: communication; 22. Master of science in management: droit des affaires et fiscalité; 23. Master of science in management: management des projets; 24. Master management du transport aérien; 25. Master transport maritime; 26. Master management de la logistique et des transports; 27. Master ingénieur transport et logistique; 28. Master banque finance; 29. Master assurance et risk management; 30. Master finance islamique. 10. Licence professionnelle consignation maritime; 11. Licence professionnelle manutention portuaire; 12. Master microfinance; 13. Master direction générale d'entreprise; 14. Master science of management,option: marketing digital; 15. Master science of management, option: business intelligence marketing; 16. Master en management supply chain; 17. Master en management de la communication; 18. Master en réseaux Systèmes et Sécurités; 19. Master en génie logiciel; 20. Master méthodes informatiques appliquées à la gestion des entreprises (MIAGE); 21. Master en monétique et certification numérique; 22. Master en management qualité hygiène sécurité environnement. Supérieur d'Informatique (SUP'INFO) HA- 2021 RepSEN/Ensup-priv/HA/075-2021 1. Licence sciences économiques et de gestion 2. Licence sciences et technologie; 3. Master sciences economiques et de gestion; 4. Master sciences et technologie. 1. Licence en informatique de gestion; 2. Bachelor in computer sciences, option: maintenance - réseaux informatiques et télécoms; 3. Bachelor in computer Sciences, option: programmation-développement; 4. Licence en marketing & communication; 5. Licence commerce international; 6. Licence en transport logistique; 7. Licence en gestion des ressources humaines; 8. Licence professionnelle en finance internationale, Banque - assurance; 9. Licence en multimédia numérique; 10. Licence en internet web; 44",107,Réseaux Informatiques,name
"Licence réseaux télécoms et mobilité; 14. Licence méthodes informatiques appliquées à la gestion des entreprises ; 15. Licence assistanat de direction; 16. Master of science in management: finance; 17. Master of science in management: audit et contrôle de gestion; 18. Master of science in management: marketing; 19. Master of science in management: commerce international; 20. Master of science in management: resources humaines; 21. Master of science in management: communication; 22. Master of science in management: droit des affaires et fiscalité; 23. Master of science in management: management des projets; 24. Master management du transport aérien; 25. Master transport maritime; 26. Master management de la logistique et des transports; 27. Master ingénieur transport et logistique; 28. Master banque finance; 29. Master assurance et risk management; 30. Master finance islamique. 10. Licence professionnelle consignation maritime; 11. Licence professionnelle manutention portuaire; 12. Master microfinance; 13. Master direction générale d'entreprise; 14. Master science of management,option: marketing digital; 15. Master science of management, option: business intelligence marketing; 16. Master en management supply chain; 17. Master en management de la communication; 18. Master en réseaux Systèmes et Sécurités; 19. Master en génie logiciel; 20. Master méthodes informatiques appliquées à la gestion des entreprises (MIAGE); 21. Master en monétique et certification numérique; 22. Master en management qualité hygiène sécurité environnement. Supérieur d'Informatique (SUP'INFO) HA- 2021 RepSEN/Ensup-priv/HA/075-2021 1. Licence sciences économiques et de gestion 2. Licence sciences et technologie; 3. Master sciences economiques et de gestion; 4. Master sciences et technologie. 1. Licence en informatique de gestion; 2. Bachelor in computer sciences, option: maintenance - réseaux informatiques et télécoms; 3. Bachelor in computer Sciences, option: programmation-développement; 4. Licence en marketing & communication; 5. Licence commerce international; 6. Licence en transport logistique; 7. Licence en gestion des ressources humaines; 8. Licence professionnelle en finance internationale, Banque - assurance; 9. Licence en multimédia numérique; 10. Licence en internet web; 44",117,Fiscalité,name
"Licence réseaux télécoms et mobilité; 14. Licence méthodes informatiques appliquées à la gestion des entreprises ; 15. Licence assistanat de direction; 16. Master of science in management: finance; 17. Master of science in management: audit et contrôle de gestion; 18. Master of science in management: marketing; 19. Master of science in management: commerce international; 20. Master of science in management: resources humaines; 21. Master of science in management: communication; 22. Master of science in management: droit des affaires et fiscalité; 23. Master of science in management: management des projets; 24. Master management du transport aérien; 25. Master transport maritime; 26. Master management de la logistique et des transports; 27. Master ingénieur transport et logistique; 28. Master banque finance; 29. Master assurance et risk management; 30. Master finance islamique. 10. Licence professionnelle consignation maritime; 11. Licence professionnelle manutention portuaire; 12. Master microfinance; 13. Master direction générale d'entreprise; 14. Master science of management,option: marketing digital; 15. Master science of management, option: business intelligence marketing; 16. Master en management supply chain; 17. Master en management de la communication; 18. Master en réseaux Systèmes et Sécurités; 19. Master en génie logiciel; 20. Master méthodes informatiques appliquées à la gestion des entreprises (MIAGE); 21. Master en monétique et certification numérique; 22. Master en management qualité hygiène sécurité environnement. Supérieur d'Informatique (SUP'INFO) HA- 2021 RepSEN/Ensup-priv/HA/075-2021 1. Licence sciences économiques et de gestion 2. Licence sciences et technologie; 3. Master sciences economiques et de gestion; 4. Master sciences et technologie. 1. Licence en informatique de gestion; 2. Bachelor in computer sciences, option: maintenance - réseaux informatiques et télécoms; 3. Bachelor in computer Sciences, option: programmation-développement; 4. Licence en marketing & communication; 5. Licence commerce international; 6. Licence en transport logistique; 7. Licence en gestion des ressources humaines; 8. Licence professionnelle en finance internationale, Banque - assurance; 9. Licence en multimédia numérique; 10. Licence en internet web; 44",121,Communication,name
"Licence réseaux télécoms et mobilité; 14. Licence méthodes informatiques appliquées à la gestion des entreprises ; 15. Licence assistanat de direction; 16. Master of science in management: finance; 17. Master of science in management: audit et contrôle de gestion; 18. Master of science in management: marketing; 19. Master of science in management: commerce international; 20. Master of science in management: resources humaines; 21. Master of science in management: communication; 22. Master of science in management: droit des affaires et fiscalité; 23. Master of science in management: management des projets; 24. Master management du transport aérien; 25. Master transport maritime; 26. Master management de la logistique et des transports; 27. Master ingénieur transport et logistique; 28. Master banque finance; 29. Master assurance et risk management; 30. Master finance islamique. 10. Licence professionnelle consignation maritime; 11. Licence professionnelle manutention portuaire; 12. Master microfinance; 13. Master direction générale d'entreprise; 14. Master science of management,option: marketing digital; 15. Master science of management, option: business intelligence marketing; 16. Master en management supply chain; 17. Master en management de la communication; 18. Master en réseaux Systèmes et Sécurités; 19. Master en génie logiciel; 20. Master méthodes informatiques appliquées à la gestion des entreprises (MIAGE); 21. Master en monétique et certification numérique; 22. Master en management qualité hygiène sécurité environnement. Supérieur d'Informatique (SUP'INFO) HA- 2021 RepSEN/Ensup-priv/HA/075-2021 1. Licence sciences économiques et de gestion 2. Licence sciences et technologie; 3. Master sciences economiques et de gestion; 4. Master sciences et technologie. 1. Licence en informatique de gestion; 2. Bachelor in computer sciences, option: maintenance - réseaux informatiques et télécoms; 3. Bachelor in computer Sciences, option: programmation-développement; 4. Licence en marketing & communication; 5. Licence commerce international; 6. Licence en transport logistique; 7. Licence en gestion des ressources humaines; 8. Licence professionnelle en finance internationale, Banque - assurance; 9. Licence en multimédia numérique; 10. Licence en internet web; 44",131,Microfinance,name
"Licence réseaux télécoms et mobilité; 14. Licence méthodes informatiques appliquées à la gestion des entreprises ; 15. Licence assistanat de direction; 16. Master of science in management: finance; 17. Master of science in management: audit et contrôle de gestion; 18. Master of science in management: marketing; 19. Master of science in management: commerce international; 20. Master of science in management: resources humaines; 21. Master of science in management: communication; 22. Master of science in management: droit des affaires et fiscalité; 23. Master of science in management: management des projets; 24. Master management du transport aérien; 25. Master transport maritime; 26. Master management de la logistique et des transports; 27. Master ingénieur transport et logistique; 28. Master banque finance; 29. Master assurance et risk management; 30. Master finance islamique. 10. Licence professionnelle consignation maritime; 11. Licence professionnelle manutention portuaire; 12. Master microfinance; 13. Master direction générale d'entreprise; 14. Master science of management,option: marketing digital; 15. Master science of management, option: business intelligence marketing; 16. Master en management supply chain; 17. Master en management de la communication; 18. Master en réseaux Systèmes et Sécurités; 19. Master en génie logiciel; 20. Master méthodes informatiques appliquées à la gestion des entreprises (MIAGE); 21. Master en monétique et certification numérique; 22. Master en management qualité hygiène sécurité environnement. Supérieur d'Informatique (SUP'INFO) HA- 2021 RepSEN/Ensup-priv/HA/075-2021 1. Licence sciences économiques et de gestion 2. Licence sciences et technologie; 3. Master sciences economiques et de gestion; 4. Master sciences et technologie. 1. Licence en informatique de gestion; 2. Bachelor in computer sciences, option: maintenance - réseaux informatiques et télécoms; 3. Bachelor in computer Sciences, option: programmation-développement; 4. Licence en marketing & communication; 5. Licence commerce international; 6. Licence en transport logistique; 7. Licence en gestion des ressources humaines; 8. Licence professionnelle en finance internationale, Banque - assurance; 9. Licence en multimédia numérique; 10. Licence en internet web; 44",138,Assistanat de Direction,name
"Licence réseaux télécoms et mobilité; 14. Licence méthodes informatiques appliquées à la gestion des entreprises ; 15. Licence assistanat de direction; 16. Master of science in management: finance; 17. Master of science in management: audit et contrôle de gestion; 18. Master of science in management: marketing; 19. Master of science in management: commerce international; 20. Master of science in management: resources humaines; 21. Master of science in management: communication; 22. Master of science in management: droit des affaires et fiscalité; 23. Master of science in management: management des projets; 24. Master management du transport aérien; 25. Master transport maritime; 26. Master management de la logistique et des transports; 27. Master ingénieur transport et logistique; 28. Master banque finance; 29. Master assurance et risk management; 30. Master finance islamique. 10. Licence professionnelle consignation maritime; 11. Licence professionnelle manutention portuaire; 12. Master microfinance; 13. Master direction générale d'entreprise; 14. Master science of management,option: marketing digital; 15. Master science of management, option: business intelligence marketing; 16. Master en management supply chain; 17. Master en management de la communication; 18. Master en réseaux Systèmes et Sécurités; 19. Master en génie logiciel; 20. Master méthodes informatiques appliquées à la gestion des entreprises (MIAGE); 21. Master en monétique et certification numérique; 22. Master en management qualité hygiène sécurité environnement. Supérieur d'Informatique (SUP'INFO) HA- 2021 RepSEN/Ensup-priv/HA/075-2021 1. Licence sciences économiques et de gestion 2. Licence sciences et technologie; 3. Master sciences economiques et de gestion; 4. Master sciences et technologie. 1. Licence en informatique de gestion; 2. Bachelor in computer sciences, option: maintenance - réseaux informatiques et télécoms; 3. Bachelor in computer Sciences, option: programmation-développement; 4. Licence en marketing & communication; 5. Licence commerce international; 6. Licence en transport logistique; 7. Licence en gestion des ressources humaines; 8. Licence professionnelle en finance internationale, Banque - assurance; 9. Licence en multimédia numérique; 10. Licence en internet web; 44",139,Marketing digital,name
"Licence réseaux télécoms et mobilité; 14. Licence méthodes informatiques appliquées à la gestion des entreprises ; 15. Licence assistanat de direction; 16. Master of science in management: finance; 17. Master of science in management: audit et contrôle de gestion; 18. Master of science in management: marketing; 19. Master of science in management: commerce international; 20. Master of science in management: resources humaines; 21. Master of science in management: communication; 22. Master of science in management: droit des affaires et fiscalité; 23. Master of science in management: management des projets; 24. Master management du transport aérien; 25. Master transport maritime; 26. Master management de la logistique et des transports; 27. Master ingénieur transport et logistique; 28. Master banque finance; 29. Master assurance et risk management; 30. Master finance islamique. 10. Licence professionnelle consignation maritime; 11. Licence professionnelle manutention portuaire; 12. Master microfinance; 13. Master direction générale d'entreprise; 14. Master science of management,option: marketing digital; 15. Master science of management, option: business intelligence marketing; 16. Master en management supply chain; 17. Master en management de la communication; 18. Master en réseaux Systèmes et Sécurités; 19. Master en génie logiciel; 20. Master méthodes informatiques appliquées à la gestion des entreprises (MIAGE); 21. Master en monétique et certification numérique; 22. Master en management qualité hygiène sécurité environnement. Supérieur d'Informatique (SUP'INFO) HA- 2021 RepSEN/Ensup-priv/HA/075-2021 1. Licence sciences économiques et de gestion 2. Licence sciences et technologie; 3. Master sciences economiques et de gestion; 4. Master sciences et technologie. 1. Licence en informatique de gestion; 2. Bachelor in computer sciences, option: maintenance - réseaux informatiques et télécoms; 3. Bachelor in computer Sciences, option: programmation-développement; 4. Licence en marketing & communication; 5. Licence commerce international; 6. Licence en transport logistique; 7. Licence en gestion des ressources humaines; 8. Licence professionnelle en finance internationale, Banque - assurance; 9. Licence en multimédia numérique; 10. Licence en internet web; 44",140,Management Supply Chain,name
"Licence réseaux télécoms et mobilité; 14. Licence méthodes informatiques appliquées à la gestion des entreprises ; 15. Licence assistanat de direction; 16. Master of science in management: finance; 17. Master of science in management: audit et contrôle de gestion; 18. Master of science in management: marketing; 19. Master of science in management: commerce international; 20. Master of science in management: resources humaines; 21. Master of science in management: communication; 22. Master of science in management: droit des affaires et fiscalité; 23. Master of science in management: management des projets; 24. Master management du transport aérien; 25. Master transport maritime; 26. Master management de la logistique et des transports; 27. Master ingénieur transport et logistique; 28. Master banque finance; 29. Master assurance et risk management; 30. Master finance islamique. 10. Licence professionnelle consignation maritime; 11. Licence professionnelle manutention portuaire; 12. Master microfinance; 13. Master direction générale d'entreprise; 14. Master science of management,option: marketing digital; 15. Master science of management, option: business intelligence marketing; 16. Master en management supply chain; 17. Master en management de la communication; 18. Master en réseaux Systèmes et Sécurités; 19. Master en génie logiciel; 20. Master méthodes informatiques appliquées à la gestion des entreprises (MIAGE); 21. Master en monétique et certification numérique; 22. Master en management qualité hygiène sécurité environnement. Supérieur d'Informatique (SUP'INFO) HA- 2021 RepSEN/Ensup-priv/HA/075-2021 1. Licence sciences économiques et de gestion 2. Licence sciences et technologie; 3. Master sciences economiques et de gestion; 4. Master sciences et technologie. 1. Licence en informatique de gestion; 2. Bachelor in computer sciences, option: maintenance - réseaux informatiques et télécoms; 3. Bachelor in computer Sciences, option: programmation-développement; 4. Licence en marketing & communication; 5. Licence commerce international; 6. Licence en transport logistique; 7. Licence en gestion des ressources humaines; 8. Licence professionnelle en finance internationale, Banque - assurance; 9. Licence en multimédia numérique; 10. Licence en internet web; 44",159,Droit des affaires et Fiscalité,name
"Licence en génie civil; 2. Master en génie civil, option: route et ouvrage d'art; 3. Master en génie civil, option: calcul de structures en béton; 4. Master en génie civil, option: hydraulique et assainissement HA-2018 11. Master in computer science, option: advanced network security; 12. Master in computer science, option: e-banking management; 13. Master in computer science, option: génie logiciel & automates prog. 14. Master in computer science, option: systèmes d'info. geog. 15. Master in computer science, option: e-learning management; 16. Master in computer science, option: database architect; 17. Master in computer science, option: call center management; 18. Master in computer science, option: informatique de gestion; 19. Master in computer science, option: programmation-développement; 20. Master in computer science, option: maintenance & réseaux info-télécoms; 21. Master professionnel en finance international banque-assurance; 22. Master professionnel en marketing communication; 23. Master professionnel en commerce international; 24. Master professionnel en gestion des ressources humaines; 25. Master professionnel en transport-logistique. 1. Licence en management, option: management 45",1,Informatique,name
"Licence en génie civil; 2. Master en génie civil, option: route et ouvrage d'art; 3. Master en génie civil, option: calcul de structures en béton; 4. Master en génie civil, option: hydraulique et assainissement HA-2018 11. Master in computer science, option: advanced network security; 12. Master in computer science, option: e-banking management; 13. Master in computer science, option: génie logiciel & automates prog. 14. Master in computer science, option: systèmes d'info. geog. 15. Master in computer science, option: e-learning management; 16. Master in computer science, option: database architect; 17. Master in computer science, option: call center management; 18. Master in computer science, option: informatique de gestion; 19. Master in computer science, option: programmation-développement; 20. Master in computer science, option: maintenance & réseaux info-télécoms; 21. Master professionnel en finance international banque-assurance; 22. Master professionnel en marketing communication; 23. Master professionnel en commerce international; 24. Master professionnel en gestion des ressources humaines; 25. Master professionnel en transport-logistique. 1. Licence en management, option: management 45",2,Génie Civil,name
"Licence en génie civil; 2. Master en génie civil, option: route et ouvrage d'art; 3. Master en génie civil, option: calcul de structures en béton; 4. Master en génie civil, option: hydraulique et assainissement HA-2018 11. Master in computer science, option: advanced network security; 12. Master in computer science, option: e-banking management; 13. Master in computer science, option: génie logiciel & automates prog. 14. Master in computer science, option: systèmes d'info. geog. 15. Master in computer science, option: e-learning management; 16. Master in computer science, option: database architect; 17. Master in computer science, option: call center management; 18. Master in computer science, option: informatique de gestion; 19. Master in computer science, option: programmation-développement; 20. Master in computer science, option: maintenance & réseaux info-télécoms; 21. Master professionnel en finance international banque-assurance; 22. Master professionnel en marketing communication; 23. Master professionnel en commerce international; 24. Master professionnel en gestion des ressources humaines; 25. Master professionnel en transport-logistique. 1. Licence en management, option: management 45",5,Gestion,name
"Licence en génie civil; 2. Master en génie civil, option: route et ouvrage d'art; 3. Master en génie civil, option: calcul de structures en béton; 4. Master en génie civil, option: hydraulique et assainissement HA-2018 11. Master in computer science, option: advanced network security; 12. Master in computer science, option: e-banking management; 13. Master in computer science, option: génie logiciel & automates prog. 14. Master in computer science, option: systèmes d'info. geog. 15. Master in computer science, option: e-learning management; 16. Master in computer science, option: database architect; 17. Master in computer science, option: call center management; 18. Master in computer science, option: informatique de gestion; 19. Master in computer science, option: programmation-développement; 20. Master in computer science, option: maintenance & réseaux info-télécoms; 21. Master professionnel en finance international banque-assurance; 22. Master professionnel en marketing communication; 23. Master professionnel en commerce international; 24. Master professionnel en gestion des ressources humaines; 25. Master professionnel en transport-logistique. 1. Licence en management, option: management 45",7,Marketing,name
"Licence en génie civil; 2. Master en génie civil, option: route et ouvrage d'art; 3. Master en génie civil, option: calcul de structures en béton; 4. Master en génie civil, option: hydraulique et assainissement HA-2018 11. Master in computer science, option: advanced network security; 12. Master in computer science, option: e-banking management; 13. Master in computer science, option: génie logiciel & automates prog. 14. Master in computer science, option: systèmes d'info. geog. 15. Master in computer science, option: e-learning management; 16. Master in computer science, option: database architect; 17. Master in computer science, option: call center management; 18. Master in computer science, option: informatique de gestion; 19. Master in computer science, option: programmation-développement; 20. Master in computer science, option: maintenance & réseaux info-télécoms; 21. Master professionnel en finance international banque-assurance; 22. Master professionnel en marketing communication; 23. Master professionnel en commerce international; 24. Master professionnel en gestion des ressources humaines; 25. Master professionnel en transport-logistique. 1. Licence en management, option: management 45",9,Génie Logiciel,name
"Licence en génie civil; 2. Master en génie civil, option: route et ouvrage d'art; 3. Master en génie civil, option: calcul de structures en béton; 4. Master en génie civil, option: hydraulique et assainissement HA-2018 11. Master in computer science, option: advanced network security; 12. Master in computer science, option: e-banking management; 13. Master in computer science, option: génie logiciel & automates prog. 14. Master in computer science, option: systèmes d'info. geog. 15. Master in computer science, option: e-learning management; 16. Master in computer science, option: database architect; 17. Master in computer science, option: call center management; 18. Master in computer science, option: informatique de gestion; 19. Master in computer science, option: programmation-développement; 20. Master in computer science, option: maintenance & réseaux info-télécoms; 21. Master professionnel en finance international banque-assurance; 22. Master professionnel en marketing communication; 23. Master professionnel en commerce international; 24. Master professionnel en gestion des ressources humaines; 25. Master professionnel en transport-logistique. 1. Licence en management, option: management 45",15,Informatique de Gestion,name
"Licence en génie civil; 2. Master en génie civil, option: route et ouvrage d'art; 3. Master en génie civil, option: calcul de structures en béton; 4. Master en génie civil, option: hydraulique et assainissement HA-2018 11. Master in computer science, option: advanced network security; 12. Master in computer science, option: e-banking management; 13. Master in computer science, option: génie logiciel & automates prog. 14. Master in computer science, option: systèmes d'info. geog. 15. Master in computer science, option: e-learning management; 16. Master in computer science, option: database architect; 17. Master in computer science, option: call center management; 18. Master in computer science, option: informatique de gestion; 19. Master in computer science, option: programmation-développement; 20. Master in computer science, option: maintenance & réseaux info-télécoms; 21. Master professionnel en finance international banque-assurance; 22. Master professionnel en marketing communication; 23. Master professionnel en commerce international; 24. Master professionnel en gestion des ressources humaines; 25. Master professionnel en transport-logistique. 1. Licence en management, option: management 45",64,Management,name
"Licence en génie civil; 2. Master en génie civil, option: route et ouvrage d'art; 3. Master en génie civil, option: calcul de structures en béton; 4. Master en génie civil, option: hydraulique et assainissement HA-2018 11. Master in computer science, option: advanced network security; 12. Master in computer science, option: e-banking management; 13. Master in computer science, option: génie logiciel & automates prog. 14. Master in computer science, option: systèmes d'info. geog. 15. Master in computer science, option: e-learning management; 16. Master in computer science, option: database architect; 17. Master in computer science, option: call center management; 18. Master in computer science, option: informatique de gestion; 19. Master in computer science, option: programmation-développement; 20. Master in computer science, option: maintenance & réseaux info-télécoms; 21. Master professionnel en finance international banque-assurance; 22. Master professionnel en marketing communication; 23. Master professionnel en commerce international; 24. Master professionnel en gestion des ressources humaines; 25. Master professionnel en transport-logistique. 1. Licence en management, option: management 45",68,Gestion des ressources humaines,name
"Licence en génie civil; 2. Master en génie civil, option: route et ouvrage d'art; 3. Master en génie civil, option: calcul de structures en béton; 4. Master en génie civil, option: hydraulique et assainissement HA-2018 11. Master in computer science, option: advanced network security; 12. Master in computer science, option: e-banking management; 13. Master in computer science, option: génie logiciel & automates prog. 14. Master in computer science, option: systèmes d'info. geog. 15. Master in computer science, option: e-learning management; 16. Master in computer science, option: database architect; 17. Master in computer science, option: call center management; 18. Master in computer science, option: informatique de gestion; 19. Master in computer science, option: programmation-développement; 20. Master in computer science, option: maintenance & réseaux info-télécoms; 21. Master professionnel en finance international banque-assurance; 22. Master professionnel en marketing communication; 23. Master professionnel en commerce international; 24. Master professionnel en gestion des ressources humaines; 25. Master professionnel en transport-logistique. 1. Licence en management, option: management 45",79,Commerce international,name
"Licence en génie civil; 2. Master en génie civil, option: route et ouvrage d'art; 3. Master en génie civil, option: calcul de structures en béton; 4. Master en génie civil, option: hydraulique et assainissement HA-2018 11. Master in computer science, option: advanced network security; 12. Master in computer science, option: e-banking management; 13. Master in computer science, option: génie logiciel & automates prog. 14. Master in computer science, option: systèmes d'info. geog. 15. Master in computer science, option: e-learning management; 16. Master in computer science, option: database architect; 17. Master in computer science, option: call center management; 18. Master in computer science, option: informatique de gestion; 19. Master in computer science, option: programmation-développement; 20. Master in computer science, option: maintenance & réseaux info-télécoms; 21. Master professionnel en finance international banque-assurance; 22. Master professionnel en marketing communication; 23. Master professionnel en commerce international; 24. Master professionnel en gestion des ressources humaines; 25. Master professionnel en transport-logistique. 1. Licence en management, option: management 45",85,Hydraulique et assainissement,name
"Licence en génie civil; 2. Master en génie civil, option: route et ouvrage d'art; 3. Master en génie civil, option: calcul de structures en béton; 4. Master en génie civil, option: hydraulique et assainissement HA-2018 11. Master in computer science, option: advanced network security; 12. Master in computer science, option: e-banking management; 13. Master in computer science, option: génie logiciel & automates prog. 14. Master in computer science, option: systèmes d'info. geog. 15. Master in computer science, option: e-learning management; 16. Master in computer science, option: database architect; 17. Master in computer science, option: call center management; 18. Master in computer science, option: informatique de gestion; 19. Master in computer science, option: programmation-développement; 20. Master in computer science, option: maintenance & réseaux info-télécoms; 21. Master professionnel en finance international banque-assurance; 22. Master professionnel en marketing communication; 23. Master professionnel en commerce international; 24. Master professionnel en gestion des ressources humaines; 25. Master professionnel en transport-logistique. 1. Licence en management, option: management 45",121,Communication,name
"Bachelor in luxury and hospitality management (bac+3); 2. Bachelor hospitality management (bac+3); 3. Bachelor in luxury management (bac+3); 4. Bachelor in fashion and design management (bac+3). HA-2018 RepSEN/Ensup-priv/HA/041-2019 1. Licence professionnelle en sciences de gestion, option: finances-comptabilité; 2. Licence professionnelle en sciences de gestion, option: banque-assurance; 3. Licence en sciences juridiques, option: droit public; 4. Licence en sciences juridiques, option: droit privé; 5. Licence professionnelle en sciences et technologie de l'information et de la communication, option: informatique; 6. Licence en sciences et technologie de l'information et de la communication, option: réseaux et télécommunication; 7. Licence professionnelle en sciences agroalimentaires (SAA), option: industries agroalimentaire (IAA); 8. Licence professionnelle en sciences agroalimentaires (SAA), option: agronomie et production végétale (APV); 9. Licence en santé communautaire; 10. Master professionnel en sciences de gestion, option: finances-comptabilité; 11. Master professionnel en sciences de gestion, option: audit et contrôle de gestion; 12. Master de recherche et professionnel en sciences juridiques, option: management public et relations internationales; 13. Master professionnel en sciences juridiques, option: juriste et conseil d'entreprise; 14. Master professionnel en sciences juridiques, option: activités maritime et portuaires; immobilier.",1,Informatique,name
"Bachelor in luxury and hospitality management (bac+3); 2. Bachelor hospitality management (bac+3); 3. Bachelor in luxury management (bac+3); 4. Bachelor in fashion and design management (bac+3). HA-2018 RepSEN/Ensup-priv/HA/041-2019 1. Licence professionnelle en sciences de gestion, option: finances-comptabilité; 2. Licence professionnelle en sciences de gestion, option: banque-assurance; 3. Licence en sciences juridiques, option: droit public; 4. Licence en sciences juridiques, option: droit privé; 5. Licence professionnelle en sciences et technologie de l'information et de la communication, option: informatique; 6. Licence en sciences et technologie de l'information et de la communication, option: réseaux et télécommunication; 7. Licence professionnelle en sciences agroalimentaires (SAA), option: industries agroalimentaire (IAA); 8. Licence professionnelle en sciences agroalimentaires (SAA), option: agronomie et production végétale (APV); 9. Licence en santé communautaire; 10. Master professionnel en sciences de gestion, option: finances-comptabilité; 11. Master professionnel en sciences de gestion, option: audit et contrôle de gestion; 12. Master de recherche et professionnel en sciences juridiques, option: management public et relations internationales; 13. Master professionnel en sciences juridiques, option: juriste et conseil d'entreprise; 14. Master professionnel en sciences juridiques, option: activités maritime et portuaires; immobilier.",4,Droit,name
"Bachelor in luxury and hospitality management (bac+3); 2. Bachelor hospitality management (bac+3); 3. Bachelor in luxury management (bac+3); 4. Bachelor in fashion and design management (bac+3). HA-2018 RepSEN/Ensup-priv/HA/041-2019 1. Licence professionnelle en sciences de gestion, option: finances-comptabilité; 2. Licence professionnelle en sciences de gestion, option: banque-assurance; 3. Licence en sciences juridiques, option: droit public; 4. Licence en sciences juridiques, option: droit privé; 5. Licence professionnelle en sciences et technologie de l'information et de la communication, option: informatique; 6. Licence en sciences et technologie de l'information et de la communication, option: réseaux et télécommunication; 7. Licence professionnelle en sciences agroalimentaires (SAA), option: industries agroalimentaire (IAA); 8. Licence professionnelle en sciences agroalimentaires (SAA), option: agronomie et production végétale (APV); 9. Licence en santé communautaire; 10. Master professionnel en sciences de gestion, option: finances-comptabilité; 11. Master professionnel en sciences de gestion, option: audit et contrôle de gestion; 12. Master de recherche et professionnel en sciences juridiques, option: management public et relations internationales; 13. Master professionnel en sciences juridiques, option: juriste et conseil d'entreprise; 14. Master professionnel en sciences juridiques, option: activités maritime et portuaires; immobilier.",5,Gestion,name
"Bachelor in luxury and hospitality management (bac+3); 2. Bachelor hospitality management (bac+3); 3. Bachelor in luxury management (bac+3); 4. Bachelor in fashion and design management (bac+3). HA-2018 RepSEN/Ensup-priv/HA/041-2019 1. Licence professionnelle en sciences de gestion, option: finances-comptabilité; 2. Licence professionnelle en sciences de gestion, option: banque-assurance; 3. Licence en sciences juridiques, option: droit public; 4. Licence en sciences juridiques, option: droit privé; 5. Licence professionnelle en sciences et technologie de l'information et de la communication, option: informatique; 6. Licence en sciences et technologie de l'information et de la communication, option: réseaux et télécommunication; 7. Licence professionnelle en sciences agroalimentaires (SAA), option: industries agroalimentaire (IAA); 8. Licence professionnelle en sciences agroalimentaires (SAA), option: agronomie et production végétale (APV); 9. Licence en santé communautaire; 10. Master professionnel en sciences de gestion, option: finances-comptabilité; 11. Master professionnel en sciences de gestion, option: audit et contrôle de gestion; 12. Master de recherche et professionnel en sciences juridiques, option: management public et relations internationales; 13. Master professionnel en sciences juridiques, option: juriste et conseil d'entreprise; 14. Master professionnel en sciences juridiques, option: activités maritime et portuaires; immobilier.",64,Management,name
"Bachelor in luxury and hospitality management (bac+3); 2. Bachelor hospitality management (bac+3); 3. Bachelor in luxury management (bac+3); 4. Bachelor in fashion and design management (bac+3). HA-2018 RepSEN/Ensup-priv/HA/041-2019 1. Licence professionnelle en sciences de gestion, option: finances-comptabilité; 2. Licence professionnelle en sciences de gestion, option: banque-assurance; 3. Licence en sciences juridiques, option: droit public; 4. Licence en sciences juridiques, option: droit privé; 5. Licence professionnelle en sciences et technologie de l'information et de la communication, option: informatique; 6. Licence en sciences et technologie de l'information et de la communication, option: réseaux et télécommunication; 7. Licence professionnelle en sciences agroalimentaires (SAA), option: industries agroalimentaire (IAA); 8. Licence professionnelle en sciences agroalimentaires (SAA), option: agronomie et production végétale (APV); 9. Licence en santé communautaire; 10. Master professionnel en sciences de gestion, option: finances-comptabilité; 11. Master professionnel en sciences de gestion, option: audit et contrôle de gestion; 12. Master de recherche et professionnel en sciences juridiques, option: management public et relations internationales; 13. Master professionnel en sciences juridiques, option: juriste et conseil d'entreprise; 14. Master professionnel en sciences juridiques, option: activités maritime et portuaires; immobilier.",97,Audit et Contrôle de Gestion,name
"Bachelor in luxury and hospitality management (bac+3); 2. Bachelor hospitality management (bac+3); 3. Bachelor in luxury management (bac+3); 4. Bachelor in fashion and design management (bac+3). HA-2018 RepSEN/Ensup-priv/HA/041-2019 1. Licence professionnelle en sciences de gestion, option: finances-comptabilité; 2. Licence professionnelle en sciences de gestion, option: banque-assurance; 3. Licence en sciences juridiques, option: droit public; 4. Licence en sciences juridiques, option: droit privé; 5. Licence professionnelle en sciences et technologie de l'information et de la communication, option: informatique; 6. Licence en sciences et technologie de l'information et de la communication, option: réseaux et télécommunication; 7. Licence professionnelle en sciences agroalimentaires (SAA), option: industries agroalimentaire (IAA); 8. Licence professionnelle en sciences agroalimentaires (SAA), option: agronomie et production végétale (APV); 9. Licence en santé communautaire; 10. Master professionnel en sciences de gestion, option: finances-comptabilité; 11. Master professionnel en sciences de gestion, option: audit et contrôle de gestion; 12. Master de recherche et professionnel en sciences juridiques, option: management public et relations internationales; 13. Master professionnel en sciences juridiques, option: juriste et conseil d'entreprise; 14. Master professionnel en sciences juridiques, option: activités maritime et portuaires; immobilier.",105,Comptabilité,name
"Bachelor in luxury and hospitality management (bac+3); 2. Bachelor hospitality management (bac+3); 3. Bachelor in luxury management (bac+3); 4. Bachelor in fashion and design management (bac+3). HA-2018 RepSEN/Ensup-priv/HA/041-2019 1. Licence professionnelle en sciences de gestion, option: finances-comptabilité; 2. Licence professionnelle en sciences de gestion, option: banque-assurance; 3. Licence en sciences juridiques, option: droit public; 4. Licence en sciences juridiques, option: droit privé; 5. Licence professionnelle en sciences et technologie de l'information et de la communication, option: informatique; 6. Licence en sciences et technologie de l'information et de la communication, option: réseaux et télécommunication; 7. Licence professionnelle en sciences agroalimentaires (SAA), option: industries agroalimentaire (IAA); 8. Licence professionnelle en sciences agroalimentaires (SAA), option: agronomie et production végétale (APV); 9. Licence en santé communautaire; 10. Master professionnel en sciences de gestion, option: finances-comptabilité; 11. Master professionnel en sciences de gestion, option: audit et contrôle de gestion; 12. Master de recherche et professionnel en sciences juridiques, option: management public et relations internationales; 13. Master professionnel en sciences juridiques, option: juriste et conseil d'entreprise; 14. Master professionnel en sciences juridiques, option: activités maritime et portuaires; immobilier.",110,Agronomie,name
"Bachelor in luxury and hospitality management (bac+3); 2. Bachelor hospitality management (bac+3); 3. Bachelor in luxury management (bac+3); 4. Bachelor in fashion and design management (bac+3). HA-2018 RepSEN/Ensup-priv/HA/041-2019 1. Licence professionnelle en sciences de gestion, option: finances-comptabilité; 2. Licence professionnelle en sciences de gestion, option: banque-assurance; 3. Licence en sciences juridiques, option: droit public; 4. Licence en sciences juridiques, option: droit privé; 5. Licence professionnelle en sciences et technologie de l'information et de la communication, option: informatique; 6. Licence en sciences et technologie de l'information et de la communication, option: réseaux et télécommunication; 7. Licence professionnelle en sciences agroalimentaires (SAA), option: industries agroalimentaire (IAA); 8. Licence professionnelle en sciences agroalimentaires (SAA), option: agronomie et production végétale (APV); 9. Licence en santé communautaire; 10. Master professionnel en sciences de gestion, option: finances-comptabilité; 11. Master professionnel en sciences de gestion, option: audit et contrôle de gestion; 12. Master de recherche et professionnel en sciences juridiques, option: management public et relations internationales; 13. Master professionnel en sciences juridiques, option: juriste et conseil d'entreprise; 14. Master professionnel en sciences juridiques, option: activités maritime et portuaires; immobilier.",121,Communication,name
"Bachelor in luxury and hospitality management (bac+3); 2. Bachelor hospitality management (bac+3); 3. Bachelor in luxury management (bac+3); 4. Bachelor in fashion and design management (bac+3). HA-2018 RepSEN/Ensup-priv/HA/041-2019 1. Licence professionnelle en sciences de gestion, option: finances-comptabilité; 2. Licence professionnelle en sciences de gestion, option: banque-assurance; 3. Licence en sciences juridiques, option: droit public; 4. Licence en sciences juridiques, option: droit privé; 5. Licence professionnelle en sciences et technologie de l'information et de la communication, option: informatique; 6. Licence en sciences et technologie de l'information et de la communication, option: réseaux et télécommunication; 7. Licence professionnelle en sciences agroalimentaires (SAA), option: industries agroalimentaire (IAA); 8. Licence professionnelle en sciences agroalimentaires (SAA), option: agronomie et production végétale (APV); 9. Licence en santé communautaire; 10. Master professionnel en sciences de gestion, option: finances-comptabilité; 11. Master professionnel en sciences de gestion, option: audit et contrôle de gestion; 12. Master de recherche et professionnel en sciences juridiques, option: management public et relations internationales; 13. Master professionnel en sciences juridiques, option: juriste et conseil d'entreprise; 14. Master professionnel en sciences juridiques, option: activités maritime et portuaires; immobilier.",128,Droit public,name
"Bachelor in luxury and hospitality management (bac+3); 2. Bachelor hospitality management (bac+3); 3. Bachelor in luxury management (bac+3); 4. Bachelor in fashion and design management (bac+3). HA-2018 RepSEN/Ensup-priv/HA/041-2019 1. Licence professionnelle en sciences de gestion, option: finances-comptabilité; 2. Licence professionnelle en sciences de gestion, option: banque-assurance; 3. Licence en sciences juridiques, option: droit public; 4. Licence en sciences juridiques, option: droit privé; 5. Licence professionnelle en sciences et technologie de l'information et de la communication, option: informatique; 6. Licence en sciences et technologie de l'information et de la communication, option: réseaux et télécommunication; 7. Licence professionnelle en sciences agroalimentaires (SAA), option: industries agroalimentaire (IAA); 8. Licence professionnelle en sciences agroalimentaires (SAA), option: agronomie et production végétale (APV); 9. Licence en santé communautaire; 10. Master professionnel en sciences de gestion, option: finances-comptabilité; 11. Master professionnel en sciences de gestion, option: audit et contrôle de gestion; 12. Master de recherche et professionnel en sciences juridiques, option: management public et relations internationales; 13. Master professionnel en sciences juridiques, option: juriste et conseil d'entreprise; 14. Master professionnel en sciences juridiques, option: activités maritime et portuaires; immobilier.",129,Droit privé,name
"Bachelor in luxury and hospitality management (bac+3); 2. Bachelor hospitality management (bac+3); 3. Bachelor in luxury management (bac+3); 4. Bachelor in fashion and design management (bac+3). HA-2018 RepSEN/Ensup-priv/HA/041-2019 1. Licence professionnelle en sciences de gestion, option: finances-comptabilité; 2. Licence professionnelle en sciences de gestion, option: banque-assurance; 3. Licence en sciences juridiques, option: droit public; 4. Licence en sciences juridiques, option: droit privé; 5. Licence professionnelle en sciences et technologie de l'information et de la communication, option: informatique; 6. Licence en sciences et technologie de l'information et de la communication, option: réseaux et télécommunication; 7. Licence professionnelle en sciences agroalimentaires (SAA), option: industries agroalimentaire (IAA); 8. Licence professionnelle en sciences agroalimentaires (SAA), option: agronomie et production végétale (APV); 9. Licence en santé communautaire; 10. Master professionnel en sciences de gestion, option: finances-comptabilité; 11. Master professionnel en sciences de gestion, option: audit et contrôle de gestion; 12. Master de recherche et professionnel en sciences juridiques, option: management public et relations internationales; 13. Master professionnel en sciences juridiques, option: juriste et conseil d'entreprise; 14. Master professionnel en sciences juridiques, option: activités maritime et portuaires; immobilier.",144,Luxury and Hospitality Management,name
"Bachelor in luxury and hospitality management (bac+3); 2. Bachelor hospitality management (bac+3); 3. Bachelor in luxury management (bac+3); 4. Bachelor in fashion and design management (bac+3). HA-2018 RepSEN/Ensup-priv/HA/041-2019 1. Licence professionnelle en sciences de gestion, option: finances-comptabilité; 2. Licence professionnelle en sciences de gestion, option: banque-assurance; 3. Licence en sciences juridiques, option: droit public; 4. Licence en sciences juridiques, option: droit privé; 5. Licence professionnelle en sciences et technologie de l'information et de la communication, option: informatique; 6. Licence en sciences et technologie de l'information et de la communication, option: réseaux et télécommunication; 7. Licence professionnelle en sciences agroalimentaires (SAA), option: industries agroalimentaire (IAA); 8. Licence professionnelle en sciences agroalimentaires (SAA), option: agronomie et production végétale (APV); 9. Licence en santé communautaire; 10. Master professionnel en sciences de gestion, option: finances-comptabilité; 11. Master professionnel en sciences de gestion, option: audit et contrôle de gestion; 12. Master de recherche et professionnel en sciences juridiques, option: management public et relations internationales; 13. Master professionnel en sciences juridiques, option: juriste et conseil d'entreprise; 14. Master professionnel en sciences juridiques, option: activités maritime et portuaires; immobilier.",145,Sciences juridiques,name
"Bachelor in luxury and hospitality management (bac+3); 2. Bachelor hospitality management (bac+3); 3. Bachelor in luxury management (bac+3); 4. Bachelor in fashion and design management (bac+3). HA-2018 RepSEN/Ensup-priv/HA/041-2019 1. Licence professionnelle en sciences de gestion, option: finances-comptabilité; 2. Licence professionnelle en sciences de gestion, option: banque-assurance; 3. Licence en sciences juridiques, option: droit public; 4. Licence en sciences juridiques, option: droit privé; 5. Licence professionnelle en sciences et technologie de l'information et de la communication, option: informatique; 6. Licence en sciences et technologie de l'information et de la communication, option: réseaux et télécommunication; 7. Licence professionnelle en sciences agroalimentaires (SAA), option: industries agroalimentaire (IAA); 8. Licence professionnelle en sciences agroalimentaires (SAA), option: agronomie et production végétale (APV); 9. Licence en santé communautaire; 10. Master professionnel en sciences de gestion, option: finances-comptabilité; 11. Master professionnel en sciences de gestion, option: audit et contrôle de gestion; 12. Master de recherche et professionnel en sciences juridiques, option: management public et relations internationales; 13. Master professionnel en sciences juridiques, option: juriste et conseil d'entreprise; 14. Master professionnel en sciences juridiques, option: activités maritime et portuaires; immobilier.",146,Sciences agroalimentaires,name
"Bachelor in luxury and hospitality management (bac+3); 2. Bachelor hospitality management (bac+3); 3. Bachelor in luxury management (bac+3); 4. Bachelor in fashion and design management (bac+3). HA-2018 RepSEN/Ensup-priv/HA/041-2019 1. Licence professionnelle en sciences de gestion, option: finances-comptabilité; 2. Licence professionnelle en sciences de gestion, option: banque-assurance; 3. Licence en sciences juridiques, option: droit public; 4. Licence en sciences juridiques, option: droit privé; 5. Licence professionnelle en sciences et technologie de l'information et de la communication, option: informatique; 6. Licence en sciences et technologie de l'information et de la communication, option: réseaux et télécommunication; 7. Licence professionnelle en sciences agroalimentaires (SAA), option: industries agroalimentaire (IAA); 8. Licence professionnelle en sciences agroalimentaires (SAA), option: agronomie et production végétale (APV); 9. Licence en santé communautaire; 10. Master professionnel en sciences de gestion, option: finances-comptabilité; 11. Master professionnel en sciences de gestion, option: audit et contrôle de gestion; 12. Master de recherche et professionnel en sciences juridiques, option: management public et relations internationales; 13. Master professionnel en sciences juridiques, option: juriste et conseil d'entreprise; 14. Master professionnel en sciences juridiques, option: activités maritime et portuaires; immobilier.",147,Agronomie et Production végétale,name
"Bachelor in luxury and hospitality management (bac+3); 2. Bachelor hospitality management (bac+3); 3. Bachelor in luxury management (bac+3); 4. Bachelor in fashion and design management (bac+3). HA-2018 RepSEN/Ensup-priv/HA/041-2019 1. Licence professionnelle en sciences de gestion, option: finances-comptabilité; 2. Licence professionnelle en sciences de gestion, option: banque-assurance; 3. Licence en sciences juridiques, option: droit public; 4. Licence en sciences juridiques, option: droit privé; 5. Licence professionnelle en sciences et technologie de l'information et de la communication, option: informatique; 6. Licence en sciences et technologie de l'information et de la communication, option: réseaux et télécommunication; 7. Licence professionnelle en sciences agroalimentaires (SAA), option: industries agroalimentaire (IAA); 8. Licence professionnelle en sciences agroalimentaires (SAA), option: agronomie et production végétale (APV); 9. Licence en santé communautaire; 10. Master professionnel en sciences de gestion, option: finances-comptabilité; 11. Master professionnel en sciences de gestion, option: audit et contrôle de gestion; 12. Master de recherche et professionnel en sciences juridiques, option: management public et relations internationales; 13. Master professionnel en sciences juridiques, option: juriste et conseil d'entreprise; 14. Master professionnel en sciences juridiques, option: activités maritime et portuaires; immobilier.",151,Sciences de gestion,name
"Master professionnel en sciences juridiques, option: fiscalité; 16. Master professionnel en sciences juridiques, option: droit notarial; 17. Master professionnel en sciences juridiques, option: carrières judiciaires sciences criminels; 18- Master professionnel en sciences et technologies de l'information et de la communication (STIC), option: informatique; 19- Master professionnel en sciences et technologies de l'information et de la communication (STIC), option: réseaux et télécommunications; 20- Master professionnel en sciences agroalimentaires (SAA), option: industries agroalimentaires (IAA); 21- Master professionnel en sciences agroalimentaires (SAA), option: développement agricole et rural (DAR); 22. Diplôme d'Etat de docteur en médecine. HA-2021 RepSEN/Ensup-priv/HA/080-2021 1. Licence en gestion des organisations; 2. Licence en sciences politiques et relations internationales; 3. Licence en sciences de l'information et de la communication 1. Master en Sciences Politiques et Relations Internationales",1,Informatique,name
"Master professionnel en sciences juridiques, option: fiscalité; 16. Master professionnel en sciences juridiques, option: droit notarial; 17. Master professionnel en sciences juridiques, option: carrières judiciaires sciences criminels; 18- Master professionnel en sciences et technologies de l'information et de la communication (STIC), option: informatique; 19- Master professionnel en sciences et technologies de l'information et de la communication (STIC), option: réseaux et télécommunications; 20- Master professionnel en sciences agroalimentaires (SAA), option: industries agroalimentaires (IAA); 21- Master professionnel en sciences agroalimentaires (SAA), option: développement agricole et rural (DAR); 22. Diplôme d'Etat de docteur en médecine. HA-2021 RepSEN/Ensup-priv/HA/080-2021 1. Licence en gestion des organisations; 2. Licence en sciences politiques et relations internationales; 3. Licence en sciences de l'information et de la communication 1. Master en Sciences Politiques et Relations Internationales",3,Médecine,name
"Master professionnel en sciences juridiques, option: fiscalité; 16. Master professionnel en sciences juridiques, option: droit notarial; 17. Master professionnel en sciences juridiques, option: carrières judiciaires sciences criminels; 18- Master professionnel en sciences et technologies de l'information et de la communication (STIC), option: informatique; 19- Master professionnel en sciences et technologies de l'information et de la communication (STIC), option: réseaux et télécommunications; 20- Master professionnel en sciences agroalimentaires (SAA), option: industries agroalimentaires (IAA); 21- Master professionnel en sciences agroalimentaires (SAA), option: développement agricole et rural (DAR); 22. Diplôme d'Etat de docteur en médecine. HA-2021 RepSEN/Ensup-priv/HA/080-2021 1. Licence en gestion des organisations; 2. Licence en sciences politiques et relations internationales; 3. Licence en sciences de l'information et de la communication 1. Master en Sciences Politiques et Relations Internationales",4,Droit,name
"Master professionnel en sciences juridiques, option: fiscalité; 16. Master professionnel en sciences juridiques, option: droit notarial; 17. Master professionnel en sciences juridiques, option: carrières judiciaires sciences criminels; 18- Master professionnel en sciences et technologies de l'information et de la communication (STIC), option: informatique; 19- Master professionnel en sciences et technologies de l'information et de la communication (STIC), option: réseaux et télécommunications; 20- Master professionnel en sciences agroalimentaires (SAA), option: industries agroalimentaires (IAA); 21- Master professionnel en sciences agroalimentaires (SAA), option: développement agricole et rural (DAR); 22. Diplôme d'Etat de docteur en médecine. HA-2021 RepSEN/Ensup-priv/HA/080-2021 1. Licence en gestion des organisations; 2. Licence en sciences politiques et relations internationales; 3. Licence en sciences de l'information et de la communication 1. Master en Sciences Politiques et Relations Internationales",4,Médecin,name
"Master professionnel en sciences juridiques, option: fiscalité; 16. Master professionnel en sciences juridiques, option: droit notarial; 17. Master professionnel en sciences juridiques, option: carrières judiciaires sciences criminels; 18- Master professionnel en sciences et technologies de l'information et de la communication (STIC), option: informatique; 19- Master professionnel en sciences et technologies de l'information et de la communication (STIC), option: réseaux et télécommunications; 20- Master professionnel en sciences agroalimentaires (SAA), option: industries agroalimentaires (IAA); 21- Master professionnel en sciences agroalimentaires (SAA), option: développement agricole et rural (DAR); 22. Diplôme d'Etat de docteur en médecine. HA-2021 RepSEN/Ensup-priv/HA/080-2021 1. Licence en gestion des organisations; 2. Licence en sciences politiques et relations internationales; 3. Licence en sciences de l'information et de la communication 1. Master en Sciences Politiques et Relations Internationales",5,Gestion,name
"Master professionnel en sciences juridiques, option: fiscalité; 16. Master professionnel en sciences juridiques, option: droit notarial; 17. Master professionnel en sciences juridiques, option: carrières judiciaires sciences criminels; 18- Master professionnel en sciences et technologies de l'information et de la communication (STIC), option: informatique; 19- Master professionnel en sciences et technologies de l'information et de la communication (STIC), option: réseaux et télécommunications; 20- Master professionnel en sciences agroalimentaires (SAA), option: industries agroalimentaires (IAA); 21- Master professionnel en sciences agroalimentaires (SAA), option: développement agricole et rural (DAR); 22. Diplôme d'Etat de docteur en médecine. HA-2021 RepSEN/Ensup-priv/HA/080-2021 1. Licence en gestion des organisations; 2. Licence en sciences politiques et relations internationales; 3. Licence en sciences de l'information et de la communication 1. Master en Sciences Politiques et Relations Internationales",10,Réseaux et Télécommunications,name
"Master professionnel en sciences juridiques, option: fiscalité; 16. Master professionnel en sciences juridiques, option: droit notarial; 17. Master professionnel en sciences juridiques, option: carrières judiciaires sciences criminels; 18- Master professionnel en sciences et technologies de l'information et de la communication (STIC), option: informatique; 19- Master professionnel en sciences et technologies de l'information et de la communication (STIC), option: réseaux et télécommunications; 20- Master professionnel en sciences agroalimentaires (SAA), option: industries agroalimentaires (IAA); 21- Master professionnel en sciences agroalimentaires (SAA), option: développement agricole et rural (DAR); 22. Diplôme d'Etat de docteur en médecine. HA-2021 RepSEN/Ensup-priv/HA/080-2021 1. Licence en gestion des organisations; 2. Licence en sciences politiques et relations internationales; 3. Licence en sciences de l'information et de la communication 1. Master en Sciences Politiques et Relations Internationales",101,Sciences Politiques,name
"Master professionnel en sciences juridiques, option: fiscalité; 16. Master professionnel en sciences juridiques, option: droit notarial; 17. Master professionnel en sciences juridiques, option: carrières judiciaires sciences criminels; 18- Master professionnel en sciences et technologies de l'information et de la communication (STIC), option: informatique; 19- Master professionnel en sciences et technologies de l'information et de la communication (STIC), option: réseaux et télécommunications; 20- Master professionnel en sciences agroalimentaires (SAA), option: industries agroalimentaires (IAA); 21- Master professionnel en sciences agroalimentaires (SAA), option: développement agricole et rural (DAR); 22. Diplôme d'Etat de docteur en médecine. HA-2021 RepSEN/Ensup-priv/HA/080-2021 1. Licence en gestion des organisations; 2. Licence en sciences politiques et relations internationales; 3. Licence en sciences de l'information et de la communication 1. Master en Sciences Politiques et Relations Internationales",117,Fiscalité,name
"Master professionnel en sciences juridiques, option: fiscalité; 16. Master professionnel en sciences juridiques, option: droit notarial; 17. Master professionnel en sciences juridiques, option: carrières judiciaires sciences criminels; 18- Master professionnel en sciences et technologies de l'information et de la communication (STIC), option: informatique; 19- Master professionnel en sciences et technologies de l'information et de la communication (STIC), option: réseaux et télécommunications; 20- Master professionnel en sciences agroalimentaires (SAA), option: industries agroalimentaires (IAA); 21- Master professionnel en sciences agroalimentaires (SAA), option: développement agricole et rural (DAR); 22. Diplôme d'Etat de docteur en médecine. HA-2021 RepSEN/Ensup-priv/HA/080-2021 1. Licence en gestion des organisations; 2. Licence en sciences politiques et relations internationales; 3. Licence en sciences de l'information et de la communication 1. Master en Sciences Politiques et Relations Internationales",121,Communication,name
"Master professionnel en sciences juridiques, option: fiscalité; 16. Master professionnel en sciences juridiques, option: droit notarial; 17. Master professionnel en sciences juridiques, option: carrières judiciaires sciences criminels; 18- Master professionnel en sciences et technologies de l'information et de la communication (STIC), option: informatique; 19- Master professionnel en sciences et technologies de l'information et de la communication (STIC), option: réseaux et télécommunications; 20- Master professionnel en sciences agroalimentaires (SAA), option: industries agroalimentaires (IAA); 21- Master professionnel en sciences agroalimentaires (SAA), option: développement agricole et rural (DAR); 22. Diplôme d'Etat de docteur en médecine. HA-2021 RepSEN/Ensup-priv/HA/080-2021 1. Licence en gestion des organisations; 2. Licence en sciences politiques et relations internationales; 3. Licence en sciences de l'information et de la communication 1. Master en Sciences Politiques et Relations Internationales",125,Sciences Politiques et Relations Internationales,name
"Master professionnel en sciences juridiques, option: fiscalité; 16. Master professionnel en sciences juridiques, option: droit notarial; 17. Master professionnel en sciences juridiques, option: carrières judiciaires sciences criminels; 18- Master professionnel en sciences et technologies de l'information et de la communication (STIC), option: informatique; 19- Master professionnel en sciences et technologies de l'information et de la communication (STIC), option: réseaux et télécommunications; 20- Master professionnel en sciences agroalimentaires (SAA), option: industries agroalimentaires (IAA); 21- Master professionnel en sciences agroalimentaires (SAA), option: développement agricole et rural (DAR); 22. Diplôme d'Etat de docteur en médecine. HA-2021 RepSEN/Ensup-priv/HA/080-2021 1. Licence en gestion des organisations; 2. Licence en sciences politiques et relations internationales; 3. Licence en sciences de l'information et de la communication 1. Master en Sciences Politiques et Relations Internationales",142,Sciences et Technologies,name
"Master professionnel en sciences juridiques, option: fiscalité; 16. Master professionnel en sciences juridiques, option: droit notarial; 17. Master professionnel en sciences juridiques, option: carrières judiciaires sciences criminels; 18- Master professionnel en sciences et technologies de l'information et de la communication (STIC), option: informatique; 19- Master professionnel en sciences et technologies de l'information et de la communication (STIC), option: réseaux et télécommunications; 20- Master professionnel en sciences agroalimentaires (SAA), option: industries agroalimentaires (IAA); 21- Master professionnel en sciences agroalimentaires (SAA), option: développement agricole et rural (DAR); 22. Diplôme d'Etat de docteur en médecine. HA-2021 RepSEN/Ensup-priv/HA/080-2021 1. Licence en gestion des organisations; 2. Licence en sciences politiques et relations internationales; 3. Licence en sciences de l'information et de la communication 1. Master en Sciences Politiques et Relations Internationales",145,Sciences juridiques,name
"Master professionnel en sciences juridiques, option: fiscalité; 16. Master professionnel en sciences juridiques, option: droit notarial; 17. Master professionnel en sciences juridiques, option: carrières judiciaires sciences criminels; 18- Master professionnel en sciences et technologies de l'information et de la communication (STIC), option: informatique; 19- Master professionnel en sciences et technologies de l'information et de la communication (STIC), option: réseaux et télécommunications; 20- Master professionnel en sciences agroalimentaires (SAA), option: industries agroalimentaires (IAA); 21- Master professionnel en sciences agroalimentaires (SAA), option: développement agricole et rural (DAR); 22. Diplôme d'Etat de docteur en médecine. HA-2021 RepSEN/Ensup-priv/HA/080-2021 1. Licence en gestion des organisations; 2. Licence en sciences politiques et relations internationales; 3. Licence en sciences de l'information et de la communication 1. Master en Sciences Politiques et Relations Internationales",146,Sciences agroalimentaires,name
"Master professionnel en sciences juridiques, option: fiscalité; 16. Master professionnel en sciences juridiques, option: droit notarial; 17. Master professionnel en sciences juridiques, option: carrières judiciaires sciences criminels; 18- Master professionnel en sciences et technologies de l'information et de la communication (STIC), option: informatique; 19- Master professionnel en sciences et technologies de l'information et de la communication (STIC), option: réseaux et télécommunications; 20- Master professionnel en sciences agroalimentaires (SAA), option: industries agroalimentaires (IAA); 21- Master professionnel en sciences agroalimentaires (SAA), option: développement agricole et rural (DAR); 22. Diplôme d'Etat de docteur en médecine. HA-2021 RepSEN/Ensup-priv/HA/080-2021 1. Licence en gestion des organisations; 2. Licence en sciences politiques et relations internationales; 3. Licence en sciences de l'information et de la communication 1. Master en Sciences Politiques et Relations Internationales",162,Télécommunications,name
"Licence en comptabilité finance; 2. Licence en hautes études comptables et financières; 3. Licence en science de gestion; 4. Licence en gestion des ressources humaines (GRH); 5. Licence en commerce et échanges internationaux; 6. Licence en informatique de gestion; 7. Licence en réseaux et systèmes informatiques; 8. Licence en droit économique et des affaires; 9. Master en informatique de gestion; 10. Master en comptabilité finance; 11. Master en administration et échanges internationaux; 12. Master en gestion des ressources humaines (GRH); 13. Master en hautes études comptables et financières; 14. Master en audit et contrôle de gestion; 15. Master en management de la qualité et des projets innovants; 16. Master en banque, assurance et micro-finance. 1. Diplôme élémentaire de comptabilité ; 2. Diplôme supérieur de comptabilité ; 3. Licence en Transport logistique 4. Master en droit économique et des affaires, option: contentieux des affaires; 5. Master en marketing, option: marketing stratégie et commerciale; 6. Master en marketing, option : marketing digital et e-commerce ; 7. Master en gestion production, logistique, achats, option : achat international.",1,Informatique,name
"Licence en comptabilité finance; 2. Licence en hautes études comptables et financières; 3. Licence en science de gestion; 4. Licence en gestion des ressources humaines (GRH); 5. Licence en commerce et échanges internationaux; 6. Licence en informatique de gestion; 7. Licence en réseaux et systèmes informatiques; 8. Licence en droit économique et des affaires; 9. Master en informatique de gestion; 10. Master en comptabilité finance; 11. Master en administration et échanges internationaux; 12. Master en gestion des ressources humaines (GRH); 13. Master en hautes études comptables et financières; 14. Master en audit et contrôle de gestion; 15. Master en management de la qualité et des projets innovants; 16. Master en banque, assurance et micro-finance. 1. Diplôme élémentaire de comptabilité ; 2. Diplôme supérieur de comptabilité ; 3. Licence en Transport logistique 4. Master en droit économique et des affaires, option: contentieux des affaires; 5. Master en marketing, option: marketing stratégie et commerciale; 6. Master en marketing, option : marketing digital et e-commerce ; 7. Master en gestion production, logistique, achats, option : achat international.",4,Droit,name
"Licence en comptabilité finance; 2. Licence en hautes études comptables et financières; 3. Licence en science de gestion; 4. Licence en gestion des ressources humaines (GRH); 5. Licence en commerce et échanges internationaux; 6. Licence en informatique de gestion; 7. Licence en réseaux et systèmes informatiques; 8. Licence en droit économique et des affaires; 9. Master en informatique de gestion; 10. Master en comptabilité finance; 11. Master en administration et échanges internationaux; 12. Master en gestion des ressources humaines (GRH); 13. Master en hautes études comptables et financières; 14. Master en audit et contrôle de gestion; 15. Master en management de la qualité et des projets innovants; 16. Master en banque, assurance et micro-finance. 1. Diplôme élémentaire de comptabilité ; 2. Diplôme supérieur de comptabilité ; 3. Licence en Transport logistique 4. Master en droit économique et des affaires, option: contentieux des affaires; 5. Master en marketing, option: marketing stratégie et commerciale; 6. Master en marketing, option : marketing digital et e-commerce ; 7. Master en gestion production, logistique, achats, option : achat international.",5,Gestion,name
"Licence en comptabilité finance; 2. Licence en hautes études comptables et financières; 3. Licence en science de gestion; 4. Licence en gestion des ressources humaines (GRH); 5. Licence en commerce et échanges internationaux; 6. Licence en informatique de gestion; 7. Licence en réseaux et systèmes informatiques; 8. Licence en droit économique et des affaires; 9. Master en informatique de gestion; 10. Master en comptabilité finance; 11. Master en administration et échanges internationaux; 12. Master en gestion des ressources humaines (GRH); 13. Master en hautes études comptables et financières; 14. Master en audit et contrôle de gestion; 15. Master en management de la qualité et des projets innovants; 16. Master en banque, assurance et micro-finance. 1. Diplôme élémentaire de comptabilité ; 2. Diplôme supérieur de comptabilité ; 3. Licence en Transport logistique 4. Master en droit économique et des affaires, option: contentieux des affaires; 5. Master en marketing, option: marketing stratégie et commerciale; 6. Master en marketing, option : marketing digital et e-commerce ; 7. Master en gestion production, logistique, achats, option : achat international.",6,Comptable,name
"Licence en comptabilité finance; 2. Licence en hautes études comptables et financières; 3. Licence en science de gestion; 4. Licence en gestion des ressources humaines (GRH); 5. Licence en commerce et échanges internationaux; 6. Licence en informatique de gestion; 7. Licence en réseaux et systèmes informatiques; 8. Licence en droit économique et des affaires; 9. Master en informatique de gestion; 10. Master en comptabilité finance; 11. Master en administration et échanges internationaux; 12. Master en gestion des ressources humaines (GRH); 13. Master en hautes études comptables et financières; 14. Master en audit et contrôle de gestion; 15. Master en management de la qualité et des projets innovants; 16. Master en banque, assurance et micro-finance. 1. Diplôme élémentaire de comptabilité ; 2. Diplôme supérieur de comptabilité ; 3. Licence en Transport logistique 4. Master en droit économique et des affaires, option: contentieux des affaires; 5. Master en marketing, option: marketing stratégie et commerciale; 6. Master en marketing, option : marketing digital et e-commerce ; 7. Master en gestion production, logistique, achats, option : achat international.",7,Marketing,name
"Licence en comptabilité finance; 2. Licence en hautes études comptables et financières; 3. Licence en science de gestion; 4. Licence en gestion des ressources humaines (GRH); 5. Licence en commerce et échanges internationaux; 6. Licence en informatique de gestion; 7. Licence en réseaux et systèmes informatiques; 8. Licence en droit économique et des affaires; 9. Master en informatique de gestion; 10. Master en comptabilité finance; 11. Master en administration et échanges internationaux; 12. Master en gestion des ressources humaines (GRH); 13. Master en hautes études comptables et financières; 14. Master en audit et contrôle de gestion; 15. Master en management de la qualité et des projets innovants; 16. Master en banque, assurance et micro-finance. 1. Diplôme élémentaire de comptabilité ; 2. Diplôme supérieur de comptabilité ; 3. Licence en Transport logistique 4. Master en droit économique et des affaires, option: contentieux des affaires; 5. Master en marketing, option: marketing stratégie et commerciale; 6. Master en marketing, option : marketing digital et e-commerce ; 7. Master en gestion production, logistique, achats, option : achat international.",15,Informatique de Gestion,name
"Licence en comptabilité finance; 2. Licence en hautes études comptables et financières; 3. Licence en science de gestion; 4. Licence en gestion des ressources humaines (GRH); 5. Licence en commerce et échanges internationaux; 6. Licence en informatique de gestion; 7. Licence en réseaux et systèmes informatiques; 8. Licence en droit économique et des affaires; 9. Master en informatique de gestion; 10. Master en comptabilité finance; 11. Master en administration et échanges internationaux; 12. Master en gestion des ressources humaines (GRH); 13. Master en hautes études comptables et financières; 14. Master en audit et contrôle de gestion; 15. Master en management de la qualité et des projets innovants; 16. Master en banque, assurance et micro-finance. 1. Diplôme élémentaire de comptabilité ; 2. Diplôme supérieur de comptabilité ; 3. Licence en Transport logistique 4. Master en droit économique et des affaires, option: contentieux des affaires; 5. Master en marketing, option: marketing stratégie et commerciale; 6. Master en marketing, option : marketing digital et e-commerce ; 7. Master en gestion production, logistique, achats, option : achat international.",64,Management,name
"Licence en comptabilité finance; 2. Licence en hautes études comptables et financières; 3. Licence en science de gestion; 4. Licence en gestion des ressources humaines (GRH); 5. Licence en commerce et échanges internationaux; 6. Licence en informatique de gestion; 7. Licence en réseaux et systèmes informatiques; 8. Licence en droit économique et des affaires; 9. Master en informatique de gestion; 10. Master en comptabilité finance; 11. Master en administration et échanges internationaux; 12. Master en gestion des ressources humaines (GRH); 13. Master en hautes études comptables et financières; 14. Master en audit et contrôle de gestion; 15. Master en management de la qualité et des projets innovants; 16. Master en banque, assurance et micro-finance. 1. Diplôme élémentaire de comptabilité ; 2. Diplôme supérieur de comptabilité ; 3. Licence en Transport logistique 4. Master en droit économique et des affaires, option: contentieux des affaires; 5. Master en marketing, option: marketing stratégie et commerciale; 6. Master en marketing, option : marketing digital et e-commerce ; 7. Master en gestion production, logistique, achats, option : achat international.",68,Gestion des ressources humaines,name
"Licence en comptabilité finance; 2. Licence en hautes études comptables et financières; 3. Licence en science de gestion; 4. Licence en gestion des ressources humaines (GRH); 5. Licence en commerce et échanges internationaux; 6. Licence en informatique de gestion; 7. Licence en réseaux et systèmes informatiques; 8. Licence en droit économique et des affaires; 9. Master en informatique de gestion; 10. Master en comptabilité finance; 11. Master en administration et échanges internationaux; 12. Master en gestion des ressources humaines (GRH); 13. Master en hautes études comptables et financières; 14. Master en audit et contrôle de gestion; 15. Master en management de la qualité et des projets innovants; 16. Master en banque, assurance et micro-finance. 1. Diplôme élémentaire de comptabilité ; 2. Diplôme supérieur de comptabilité ; 3. Licence en Transport logistique 4. Master en droit économique et des affaires, option: contentieux des affaires; 5. Master en marketing, option: marketing stratégie et commerciale; 6. Master en marketing, option : marketing digital et e-commerce ; 7. Master en gestion production, logistique, achats, option : achat international.",78,Transport logistique,name
"Licence en comptabilité finance; 2. Licence en hautes études comptables et financières; 3. Licence en science de gestion; 4. Licence en gestion des ressources humaines (GRH); 5. Licence en commerce et échanges internationaux; 6. Licence en informatique de gestion; 7. Licence en réseaux et systèmes informatiques; 8. Licence en droit économique et des affaires; 9. Master en informatique de gestion; 10. Master en comptabilité finance; 11. Master en administration et échanges internationaux; 12. Master en gestion des ressources humaines (GRH); 13. Master en hautes études comptables et financières; 14. Master en audit et contrôle de gestion; 15. Master en management de la qualité et des projets innovants; 16. Master en banque, assurance et micro-finance. 1. Diplôme élémentaire de comptabilité ; 2. Diplôme supérieur de comptabilité ; 3. Licence en Transport logistique 4. Master en droit économique et des affaires, option: contentieux des affaires; 5. Master en marketing, option: marketing stratégie et commerciale; 6. Master en marketing, option : marketing digital et e-commerce ; 7. Master en gestion production, logistique, achats, option : achat international.",97,Audit et Contrôle de Gestion,name
"Licence en comptabilité finance; 2. Licence en hautes études comptables et financières; 3. Licence en science de gestion; 4. Licence en gestion des ressources humaines (GRH); 5. Licence en commerce et échanges internationaux; 6. Licence en informatique de gestion; 7. Licence en réseaux et systèmes informatiques; 8. Licence en droit économique et des affaires; 9. Master en informatique de gestion; 10. Master en comptabilité finance; 11. Master en administration et échanges internationaux; 12. Master en gestion des ressources humaines (GRH); 13. Master en hautes études comptables et financières; 14. Master en audit et contrôle de gestion; 15. Master en management de la qualité et des projets innovants; 16. Master en banque, assurance et micro-finance. 1. Diplôme élémentaire de comptabilité ; 2. Diplôme supérieur de comptabilité ; 3. Licence en Transport logistique 4. Master en droit économique et des affaires, option: contentieux des affaires; 5. Master en marketing, option: marketing stratégie et commerciale; 6. Master en marketing, option : marketing digital et e-commerce ; 7. Master en gestion production, logistique, achats, option : achat international.",105,Comptabilité,name
"Licence en comptabilité finance; 2. Licence en hautes études comptables et financières; 3. Licence en science de gestion; 4. Licence en gestion des ressources humaines (GRH); 5. Licence en commerce et échanges internationaux; 6. Licence en informatique de gestion; 7. Licence en réseaux et systèmes informatiques; 8. Licence en droit économique et des affaires; 9. Master en informatique de gestion; 10. Master en comptabilité finance; 11. Master en administration et échanges internationaux; 12. Master en gestion des ressources humaines (GRH); 13. Master en hautes études comptables et financières; 14. Master en audit et contrôle de gestion; 15. Master en management de la qualité et des projets innovants; 16. Master en banque, assurance et micro-finance. 1. Diplôme élémentaire de comptabilité ; 2. Diplôme supérieur de comptabilité ; 3. Licence en Transport logistique 4. Master en droit économique et des affaires, option: contentieux des affaires; 5. Master en marketing, option: marketing stratégie et commerciale; 6. Master en marketing, option : marketing digital et e-commerce ; 7. Master en gestion production, logistique, achats, option : achat international.",139,Marketing digital,name
"Licence en comptabilité finance; 2. Licence en hautes études comptables et financières; 3. Licence en science de gestion; 4. Licence en gestion des ressources humaines (GRH); 5. Licence en commerce et échanges internationaux; 6. Licence en informatique de gestion; 7. Licence en réseaux et systèmes informatiques; 8. Licence en droit économique et des affaires; 9. Master en informatique de gestion; 10. Master en comptabilité finance; 11. Master en administration et échanges internationaux; 12. Master en gestion des ressources humaines (GRH); 13. Master en hautes études comptables et financières; 14. Master en audit et contrôle de gestion; 15. Master en management de la qualité et des projets innovants; 16. Master en banque, assurance et micro-finance. 1. Diplôme élémentaire de comptabilité ; 2. Diplôme supérieur de comptabilité ; 3. Licence en Transport logistique 4. Master en droit économique et des affaires, option: contentieux des affaires; 5. Master en marketing, option: marketing stratégie et commerciale; 6. Master en marketing, option : marketing digital et e-commerce ; 7. Master en gestion production, logistique, achats, option : achat international.",149,Études comptables et financières,name
"Licence en comptabilité finance; 2. Licence en hautes études comptables et financières; 3. Licence en science de gestion; 4. Licence en gestion des ressources humaines (GRH); 5. Licence en commerce et échanges internationaux; 6. Licence en informatique de gestion; 7. Licence en réseaux et systèmes informatiques; 8. Licence en droit économique et des affaires; 9. Master en informatique de gestion; 10. Master en comptabilité finance; 11. Master en administration et échanges internationaux; 12. Master en gestion des ressources humaines (GRH); 13. Master en hautes études comptables et financières; 14. Master en audit et contrôle de gestion; 15. Master en management de la qualité et des projets innovants; 16. Master en banque, assurance et micro-finance. 1. Diplôme élémentaire de comptabilité ; 2. Diplôme supérieur de comptabilité ; 3. Licence en Transport logistique 4. Master en droit économique et des affaires, option: contentieux des affaires; 5. Master en marketing, option: marketing stratégie et commerciale; 6. Master en marketing, option : marketing digital et e-commerce ; 7. Master en gestion production, logistique, achats, option : achat international.",150,Droit économique et des affaires,name
"Licence en comptabilité finance; 2. Licence en hautes études comptables et financières; 3. Licence en science de gestion; 4. Licence en gestion des ressources humaines (GRH); 5. Licence en commerce et échanges internationaux; 6. Licence en informatique de gestion; 7. Licence en réseaux et systèmes informatiques; 8. Licence en droit économique et des affaires; 9. Master en informatique de gestion; 10. Master en comptabilité finance; 11. Master en administration et échanges internationaux; 12. Master en gestion des ressources humaines (GRH); 13. Master en hautes études comptables et financières; 14. Master en audit et contrôle de gestion; 15. Master en management de la qualité et des projets innovants; 16. Master en banque, assurance et micro-finance. 1. Diplôme élémentaire de comptabilité ; 2. Diplôme supérieur de comptabilité ; 3. Licence en Transport logistique 4. Master en droit économique et des affaires, option: contentieux des affaires; 5. Master en marketing, option: marketing stratégie et commerciale; 6. Master en marketing, option : marketing digital et e-commerce ; 7. Master en gestion production, logistique, achats, option : achat international.",155,Commercial,name
"Licence en comptabilité, contrôle, audit, option: comptabilité finance; 2. Licence en management, option: management des entreprise; 3. Licence en gestion, option: gestion des entreprises; 4. Licence en science politique, option: sciences politiques et relations internationales; 5. Licence en gestion, option: gestion hôtelière et touristique; 6. Licence en gestion, option: informatique de gestion; 7. Licence en science de l'éducation, option: sciences de l'éducation; 8. Master en comptabilité, contrôle, audit, option: 48",1,Informatique,name
"Licence en comptabilité, contrôle, audit, option: comptabilité finance; 2. Licence en management, option: management des entreprise; 3. Licence en gestion, option: gestion des entreprises; 4. Licence en science politique, option: sciences politiques et relations internationales; 5. Licence en gestion, option: gestion hôtelière et touristique; 6. Licence en gestion, option: informatique de gestion; 7. Licence en science de l'éducation, option: sciences de l'éducation; 8. Master en comptabilité, contrôle, audit, option: 48",5,Gestion,name
"Licence en comptabilité, contrôle, audit, option: comptabilité finance; 2. Licence en management, option: management des entreprise; 3. Licence en gestion, option: gestion des entreprises; 4. Licence en science politique, option: sciences politiques et relations internationales; 5. Licence en gestion, option: gestion hôtelière et touristique; 6. Licence en gestion, option: informatique de gestion; 7. Licence en science de l'éducation, option: sciences de l'éducation; 8. Master en comptabilité, contrôle, audit, option: 48",15,Informatique de Gestion,name
"Licence en comptabilité, contrôle, audit, option: comptabilité finance; 2. Licence en management, option: management des entreprise; 3. Licence en gestion, option: gestion des entreprises; 4. Licence en science politique, option: sciences politiques et relations internationales; 5. Licence en gestion, option: gestion hôtelière et touristique; 6. Licence en gestion, option: informatique de gestion; 7. Licence en science de l'éducation, option: sciences de l'éducation; 8. Master en comptabilité, contrôle, audit, option: 48",64,Management,name
"Licence en comptabilité, contrôle, audit, option: comptabilité finance; 2. Licence en management, option: management des entreprise; 3. Licence en gestion, option: gestion des entreprises; 4. Licence en science politique, option: sciences politiques et relations internationales; 5. Licence en gestion, option: gestion hôtelière et touristique; 6. Licence en gestion, option: informatique de gestion; 7. Licence en science de l'éducation, option: sciences de l'éducation; 8. Master en comptabilité, contrôle, audit, option: 48",101,Sciences Politiques,name
"Licence en comptabilité, contrôle, audit, option: comptabilité finance; 2. Licence en management, option: management des entreprise; 3. Licence en gestion, option: gestion des entreprises; 4. Licence en science politique, option: sciences politiques et relations internationales; 5. Licence en gestion, option: gestion hôtelière et touristique; 6. Licence en gestion, option: informatique de gestion; 7. Licence en science de l'éducation, option: sciences de l'éducation; 8. Master en comptabilité, contrôle, audit, option: 48",105,Comptabilité,name
"Licence en comptabilité, contrôle, audit, option: comptabilité finance; 2. Licence en management, option: management des entreprise; 3. Licence en gestion, option: gestion des entreprises; 4. Licence en science politique, option: sciences politiques et relations internationales; 5. Licence en gestion, option: gestion hôtelière et touristique; 6. Licence en gestion, option: informatique de gestion; 7. Licence en science de l'éducation, option: sciences de l'éducation; 8. Master en comptabilité, contrôle, audit, option: 48",125,Sciences Politiques et Relations Internationales,name
"Master en gestion des ressources humaines, option: gestion des ressources humaines. HA-2017 RepSEN/Ensup-priv/HA/012-2017 1. Licence Comptabilité, contrôle, audit, option: comptabilité-finance; 2. Licence en gestion, option: informatique de gestion; 3. Licence en science politique, option: sciences politiques et relations internationales. HA-2017 RepSEN/Ensup-priv.HA/014-2017 1. Licence en qualité, sécurité environnementales et alimentaires, option: industrie agro-alimentaire; 2. Licence en qualité, sécurité environnementales et alimentaires, option: hygiène, sécurité, environnement; 3. Licence en commerce, option: commerce et affaires internationales; 4. Licence en gestion, option: gestion et administration des entreprises (LPGAE); 5. Licence en gestion production, logistique, achats, option: gestion de la logistique et transport. HA-2021 RepSEN/Ensup-priv/HA/074-2021 1. Licence en sciences de gestion et droit des affaires internationales (SGDAI); 2. Licence en ingénierie juridique, banque, Assurance (IJBA); 3. Licence en sciences et techniques financières et Comptables (STCF); 4. Licence en banque assurance finance (BAF); 5. Licence en sciences de gestion (SG); 6. Licence en génie logiciel (GL); 7. Licence en systèmes réseaux et télécommunications (SRT); 8. Licence en méthodes informatiques appliquées à la gestion (MIAGE); 1. Licence en management des organisations et de la qualité (LMOQUA). UFR des Sciences et Technologies: 1. Licence d'informatique (LINFO); UFR de Génie Langues et Affaires: 2. Master management de projets internationaux et multilingues (MPIM); UFR de Génie Gestion Économique: 3. Master sciences de gestion (MSG); 4. Master sciences et techniques comptables et financières (MSTCF); 5. Master banque-finance-assurance (MBAF); UFR de Génie Juridique 6. Master sciences de gestion et droit des affaires internationales (MSG-DAI). 49",1,Informatique,name
"Master en gestion des ressources humaines, option: gestion des ressources humaines. HA-2017 RepSEN/Ensup-priv/HA/012-2017 1. Licence Comptabilité, contrôle, audit, option: comptabilité-finance; 2. Licence en gestion, option: informatique de gestion; 3. Licence en science politique, option: sciences politiques et relations internationales. HA-2017 RepSEN/Ensup-priv.HA/014-2017 1. Licence en qualité, sécurité environnementales et alimentaires, option: industrie agro-alimentaire; 2. Licence en qualité, sécurité environnementales et alimentaires, option: hygiène, sécurité, environnement; 3. Licence en commerce, option: commerce et affaires internationales; 4. Licence en gestion, option: gestion et administration des entreprises (LPGAE); 5. Licence en gestion production, logistique, achats, option: gestion de la logistique et transport. HA-2021 RepSEN/Ensup-priv/HA/074-2021 1. Licence en sciences de gestion et droit des affaires internationales (SGDAI); 2. Licence en ingénierie juridique, banque, Assurance (IJBA); 3. Licence en sciences et techniques financières et Comptables (STCF); 4. Licence en banque assurance finance (BAF); 5. Licence en sciences de gestion (SG); 6. Licence en génie logiciel (GL); 7. Licence en systèmes réseaux et télécommunications (SRT); 8. Licence en méthodes informatiques appliquées à la gestion (MIAGE); 1. Licence en management des organisations et de la qualité (LMOQUA). UFR des Sciences et Technologies: 1. Licence d'informatique (LINFO); UFR de Génie Langues et Affaires: 2. Master management de projets internationaux et multilingues (MPIM); UFR de Génie Gestion Économique: 3. Master sciences de gestion (MSG); 4. Master sciences et techniques comptables et financières (MSTCF); 5. Master banque-finance-assurance (MBAF); UFR de Génie Juridique 6. Master sciences de gestion et droit des affaires internationales (MSG-DAI). 49",4,Droit,name
"Master en gestion des ressources humaines, option: gestion des ressources humaines. HA-2017 RepSEN/Ensup-priv/HA/012-2017 1. Licence Comptabilité, contrôle, audit, option: comptabilité-finance; 2. Licence en gestion, option: informatique de gestion; 3. Licence en science politique, option: sciences politiques et relations internationales. HA-2017 RepSEN/Ensup-priv.HA/014-2017 1. Licence en qualité, sécurité environnementales et alimentaires, option: industrie agro-alimentaire; 2. Licence en qualité, sécurité environnementales et alimentaires, option: hygiène, sécurité, environnement; 3. Licence en commerce, option: commerce et affaires internationales; 4. Licence en gestion, option: gestion et administration des entreprises (LPGAE); 5. Licence en gestion production, logistique, achats, option: gestion de la logistique et transport. HA-2021 RepSEN/Ensup-priv/HA/074-2021 1. Licence en sciences de gestion et droit des affaires internationales (SGDAI); 2. Licence en ingénierie juridique, banque, Assurance (IJBA); 3. Licence en sciences et techniques financières et Comptables (STCF); 4. Licence en banque assurance finance (BAF); 5. Licence en sciences de gestion (SG); 6. Licence en génie logiciel (GL); 7. Licence en systèmes réseaux et télécommunications (SRT); 8. Licence en méthodes informatiques appliquées à la gestion (MIAGE); 1. Licence en management des organisations et de la qualité (LMOQUA). UFR des Sciences et Technologies: 1. Licence d'informatique (LINFO); UFR de Génie Langues et Affaires: 2. Master management de projets internationaux et multilingues (MPIM); UFR de Génie Gestion Économique: 3. Master sciences de gestion (MSG); 4. Master sciences et techniques comptables et financières (MSTCF); 5. Master banque-finance-assurance (MBAF); UFR de Génie Juridique 6. Master sciences de gestion et droit des affaires internationales (MSG-DAI). 49",5,Gestion,name
"Master en gestion des ressources humaines, option: gestion des ressources humaines. HA-2017 RepSEN/Ensup-priv/HA/012-2017 1. Licence Comptabilité, contrôle, audit, option: comptabilité-finance; 2. Licence en gestion, option: informatique de gestion; 3. Licence en science politique, option: sciences politiques et relations internationales. HA-2017 RepSEN/Ensup-priv.HA/014-2017 1. Licence en qualité, sécurité environnementales et alimentaires, option: industrie agro-alimentaire; 2. Licence en qualité, sécurité environnementales et alimentaires, option: hygiène, sécurité, environnement; 3. Licence en commerce, option: commerce et affaires internationales; 4. Licence en gestion, option: gestion et administration des entreprises (LPGAE); 5. Licence en gestion production, logistique, achats, option: gestion de la logistique et transport. HA-2021 RepSEN/Ensup-priv/HA/074-2021 1. Licence en sciences de gestion et droit des affaires internationales (SGDAI); 2. Licence en ingénierie juridique, banque, Assurance (IJBA); 3. Licence en sciences et techniques financières et Comptables (STCF); 4. Licence en banque assurance finance (BAF); 5. Licence en sciences de gestion (SG); 6. Licence en génie logiciel (GL); 7. Licence en systèmes réseaux et télécommunications (SRT); 8. Licence en méthodes informatiques appliquées à la gestion (MIAGE); 1. Licence en management des organisations et de la qualité (LMOQUA). UFR des Sciences et Technologies: 1. Licence d'informatique (LINFO); UFR de Génie Langues et Affaires: 2. Master management de projets internationaux et multilingues (MPIM); UFR de Génie Gestion Économique: 3. Master sciences de gestion (MSG); 4. Master sciences et techniques comptables et financières (MSTCF); 5. Master banque-finance-assurance (MBAF); UFR de Génie Juridique 6. Master sciences de gestion et droit des affaires internationales (MSG-DAI). 49",6,Comptable,name
"Master en gestion des ressources humaines, option: gestion des ressources humaines. HA-2017 RepSEN/Ensup-priv/HA/012-2017 1. Licence Comptabilité, contrôle, audit, option: comptabilité-finance; 2. Licence en gestion, option: informatique de gestion; 3. Licence en science politique, option: sciences politiques et relations internationales. HA-2017 RepSEN/Ensup-priv.HA/014-2017 1. Licence en qualité, sécurité environnementales et alimentaires, option: industrie agro-alimentaire; 2. Licence en qualité, sécurité environnementales et alimentaires, option: hygiène, sécurité, environnement; 3. Licence en commerce, option: commerce et affaires internationales; 4. Licence en gestion, option: gestion et administration des entreprises (LPGAE); 5. Licence en gestion production, logistique, achats, option: gestion de la logistique et transport. HA-2021 RepSEN/Ensup-priv/HA/074-2021 1. Licence en sciences de gestion et droit des affaires internationales (SGDAI); 2. Licence en ingénierie juridique, banque, Assurance (IJBA); 3. Licence en sciences et techniques financières et Comptables (STCF); 4. Licence en banque assurance finance (BAF); 5. Licence en sciences de gestion (SG); 6. Licence en génie logiciel (GL); 7. Licence en systèmes réseaux et télécommunications (SRT); 8. Licence en méthodes informatiques appliquées à la gestion (MIAGE); 1. Licence en management des organisations et de la qualité (LMOQUA). UFR des Sciences et Technologies: 1. Licence d'informatique (LINFO); UFR de Génie Langues et Affaires: 2. Master management de projets internationaux et multilingues (MPIM); UFR de Génie Gestion Économique: 3. Master sciences de gestion (MSG); 4. Master sciences et techniques comptables et financières (MSTCF); 5. Master banque-finance-assurance (MBAF); UFR de Génie Juridique 6. Master sciences de gestion et droit des affaires internationales (MSG-DAI). 49",9,Génie Logiciel,name
"Master en gestion des ressources humaines, option: gestion des ressources humaines. HA-2017 RepSEN/Ensup-priv/HA/012-2017 1. Licence Comptabilité, contrôle, audit, option: comptabilité-finance; 2. Licence en gestion, option: informatique de gestion; 3. Licence en science politique, option: sciences politiques et relations internationales. HA-2017 RepSEN/Ensup-priv.HA/014-2017 1. Licence en qualité, sécurité environnementales et alimentaires, option: industrie agro-alimentaire; 2. Licence en qualité, sécurité environnementales et alimentaires, option: hygiène, sécurité, environnement; 3. Licence en commerce, option: commerce et affaires internationales; 4. Licence en gestion, option: gestion et administration des entreprises (LPGAE); 5. Licence en gestion production, logistique, achats, option: gestion de la logistique et transport. HA-2021 RepSEN/Ensup-priv/HA/074-2021 1. Licence en sciences de gestion et droit des affaires internationales (SGDAI); 2. Licence en ingénierie juridique, banque, Assurance (IJBA); 3. Licence en sciences et techniques financières et Comptables (STCF); 4. Licence en banque assurance finance (BAF); 5. Licence en sciences de gestion (SG); 6. Licence en génie logiciel (GL); 7. Licence en systèmes réseaux et télécommunications (SRT); 8. Licence en méthodes informatiques appliquées à la gestion (MIAGE); 1. Licence en management des organisations et de la qualité (LMOQUA). UFR des Sciences et Technologies: 1. Licence d'informatique (LINFO); UFR de Génie Langues et Affaires: 2. Master management de projets internationaux et multilingues (MPIM); UFR de Génie Gestion Économique: 3. Master sciences de gestion (MSG); 4. Master sciences et techniques comptables et financières (MSTCF); 5. Master banque-finance-assurance (MBAF); UFR de Génie Juridique 6. Master sciences de gestion et droit des affaires internationales (MSG-DAI). 49",10,Réseaux et Télécommunications,name
"Master en gestion des ressources humaines, option: gestion des ressources humaines. HA-2017 RepSEN/Ensup-priv/HA/012-2017 1. Licence Comptabilité, contrôle, audit, option: comptabilité-finance; 2. Licence en gestion, option: informatique de gestion; 3. Licence en science politique, option: sciences politiques et relations internationales. HA-2017 RepSEN/Ensup-priv.HA/014-2017 1. Licence en qualité, sécurité environnementales et alimentaires, option: industrie agro-alimentaire; 2. Licence en qualité, sécurité environnementales et alimentaires, option: hygiène, sécurité, environnement; 3. Licence en commerce, option: commerce et affaires internationales; 4. Licence en gestion, option: gestion et administration des entreprises (LPGAE); 5. Licence en gestion production, logistique, achats, option: gestion de la logistique et transport. HA-2021 RepSEN/Ensup-priv/HA/074-2021 1. Licence en sciences de gestion et droit des affaires internationales (SGDAI); 2. Licence en ingénierie juridique, banque, Assurance (IJBA); 3. Licence en sciences et techniques financières et Comptables (STCF); 4. Licence en banque assurance finance (BAF); 5. Licence en sciences de gestion (SG); 6. Licence en génie logiciel (GL); 7. Licence en systèmes réseaux et télécommunications (SRT); 8. Licence en méthodes informatiques appliquées à la gestion (MIAGE); 1. Licence en management des organisations et de la qualité (LMOQUA). UFR des Sciences et Technologies: 1. Licence d'informatique (LINFO); UFR de Génie Langues et Affaires: 2. Master management de projets internationaux et multilingues (MPIM); UFR de Génie Gestion Économique: 3. Master sciences de gestion (MSG); 4. Master sciences et techniques comptables et financières (MSTCF); 5. Master banque-finance-assurance (MBAF); UFR de Génie Juridique 6. Master sciences de gestion et droit des affaires internationales (MSG-DAI). 49",15,Informatique de Gestion,name
"Master en gestion des ressources humaines, option: gestion des ressources humaines. HA-2017 RepSEN/Ensup-priv/HA/012-2017 1. Licence Comptabilité, contrôle, audit, option: comptabilité-finance; 2. Licence en gestion, option: informatique de gestion; 3. Licence en science politique, option: sciences politiques et relations internationales. HA-2017 RepSEN/Ensup-priv.HA/014-2017 1. Licence en qualité, sécurité environnementales et alimentaires, option: industrie agro-alimentaire; 2. Licence en qualité, sécurité environnementales et alimentaires, option: hygiène, sécurité, environnement; 3. Licence en commerce, option: commerce et affaires internationales; 4. Licence en gestion, option: gestion et administration des entreprises (LPGAE); 5. Licence en gestion production, logistique, achats, option: gestion de la logistique et transport. HA-2021 RepSEN/Ensup-priv/HA/074-2021 1. Licence en sciences de gestion et droit des affaires internationales (SGDAI); 2. Licence en ingénierie juridique, banque, Assurance (IJBA); 3. Licence en sciences et techniques financières et Comptables (STCF); 4. Licence en banque assurance finance (BAF); 5. Licence en sciences de gestion (SG); 6. Licence en génie logiciel (GL); 7. Licence en systèmes réseaux et télécommunications (SRT); 8. Licence en méthodes informatiques appliquées à la gestion (MIAGE); 1. Licence en management des organisations et de la qualité (LMOQUA). UFR des Sciences et Technologies: 1. Licence d'informatique (LINFO); UFR de Génie Langues et Affaires: 2. Master management de projets internationaux et multilingues (MPIM); UFR de Génie Gestion Économique: 3. Master sciences de gestion (MSG); 4. Master sciences et techniques comptables et financières (MSTCF); 5. Master banque-finance-assurance (MBAF); UFR de Génie Juridique 6. Master sciences de gestion et droit des affaires internationales (MSG-DAI). 49",64,Management,name
"Master en gestion des ressources humaines, option: gestion des ressources humaines. HA-2017 RepSEN/Ensup-priv/HA/012-2017 1. Licence Comptabilité, contrôle, audit, option: comptabilité-finance; 2. Licence en gestion, option: informatique de gestion; 3. Licence en science politique, option: sciences politiques et relations internationales. HA-2017 RepSEN/Ensup-priv.HA/014-2017 1. Licence en qualité, sécurité environnementales et alimentaires, option: industrie agro-alimentaire; 2. Licence en qualité, sécurité environnementales et alimentaires, option: hygiène, sécurité, environnement; 3. Licence en commerce, option: commerce et affaires internationales; 4. Licence en gestion, option: gestion et administration des entreprises (LPGAE); 5. Licence en gestion production, logistique, achats, option: gestion de la logistique et transport. HA-2021 RepSEN/Ensup-priv/HA/074-2021 1. Licence en sciences de gestion et droit des affaires internationales (SGDAI); 2. Licence en ingénierie juridique, banque, Assurance (IJBA); 3. Licence en sciences et techniques financières et Comptables (STCF); 4. Licence en banque assurance finance (BAF); 5. Licence en sciences de gestion (SG); 6. Licence en génie logiciel (GL); 7. Licence en systèmes réseaux et télécommunications (SRT); 8. Licence en méthodes informatiques appliquées à la gestion (MIAGE); 1. Licence en management des organisations et de la qualité (LMOQUA). UFR des Sciences et Technologies: 1. Licence d'informatique (LINFO); UFR de Génie Langues et Affaires: 2. Master management de projets internationaux et multilingues (MPIM); UFR de Génie Gestion Économique: 3. Master sciences de gestion (MSG); 4. Master sciences et techniques comptables et financières (MSTCF); 5. Master banque-finance-assurance (MBAF); UFR de Génie Juridique 6. Master sciences de gestion et droit des affaires internationales (MSG-DAI). 49",68,Gestion des ressources humaines,name
"Master en gestion des ressources humaines, option: gestion des ressources humaines. HA-2017 RepSEN/Ensup-priv/HA/012-2017 1. Licence Comptabilité, contrôle, audit, option: comptabilité-finance; 2. Licence en gestion, option: informatique de gestion; 3. Licence en science politique, option: sciences politiques et relations internationales. HA-2017 RepSEN/Ensup-priv.HA/014-2017 1. Licence en qualité, sécurité environnementales et alimentaires, option: industrie agro-alimentaire; 2. Licence en qualité, sécurité environnementales et alimentaires, option: hygiène, sécurité, environnement; 3. Licence en commerce, option: commerce et affaires internationales; 4. Licence en gestion, option: gestion et administration des entreprises (LPGAE); 5. Licence en gestion production, logistique, achats, option: gestion de la logistique et transport. HA-2021 RepSEN/Ensup-priv/HA/074-2021 1. Licence en sciences de gestion et droit des affaires internationales (SGDAI); 2. Licence en ingénierie juridique, banque, Assurance (IJBA); 3. Licence en sciences et techniques financières et Comptables (STCF); 4. Licence en banque assurance finance (BAF); 5. Licence en sciences de gestion (SG); 6. Licence en génie logiciel (GL); 7. Licence en systèmes réseaux et télécommunications (SRT); 8. Licence en méthodes informatiques appliquées à la gestion (MIAGE); 1. Licence en management des organisations et de la qualité (LMOQUA). UFR des Sciences et Technologies: 1. Licence d'informatique (LINFO); UFR de Génie Langues et Affaires: 2. Master management de projets internationaux et multilingues (MPIM); UFR de Génie Gestion Économique: 3. Master sciences de gestion (MSG); 4. Master sciences et techniques comptables et financières (MSTCF); 5. Master banque-finance-assurance (MBAF); UFR de Génie Juridique 6. Master sciences de gestion et droit des affaires internationales (MSG-DAI). 49",73,Droit des affaires,name
"Master en gestion des ressources humaines, option: gestion des ressources humaines. HA-2017 RepSEN/Ensup-priv/HA/012-2017 1. Licence Comptabilité, contrôle, audit, option: comptabilité-finance; 2. Licence en gestion, option: informatique de gestion; 3. Licence en science politique, option: sciences politiques et relations internationales. HA-2017 RepSEN/Ensup-priv.HA/014-2017 1. Licence en qualité, sécurité environnementales et alimentaires, option: industrie agro-alimentaire; 2. Licence en qualité, sécurité environnementales et alimentaires, option: hygiène, sécurité, environnement; 3. Licence en commerce, option: commerce et affaires internationales; 4. Licence en gestion, option: gestion et administration des entreprises (LPGAE); 5. Licence en gestion production, logistique, achats, option: gestion de la logistique et transport. HA-2021 RepSEN/Ensup-priv/HA/074-2021 1. Licence en sciences de gestion et droit des affaires internationales (SGDAI); 2. Licence en ingénierie juridique, banque, Assurance (IJBA); 3. Licence en sciences et techniques financières et Comptables (STCF); 4. Licence en banque assurance finance (BAF); 5. Licence en sciences de gestion (SG); 6. Licence en génie logiciel (GL); 7. Licence en systèmes réseaux et télécommunications (SRT); 8. Licence en méthodes informatiques appliquées à la gestion (MIAGE); 1. Licence en management des organisations et de la qualité (LMOQUA). UFR des Sciences et Technologies: 1. Licence d'informatique (LINFO); UFR de Génie Langues et Affaires: 2. Master management de projets internationaux et multilingues (MPIM); UFR de Génie Gestion Économique: 3. Master sciences de gestion (MSG); 4. Master sciences et techniques comptables et financières (MSTCF); 5. Master banque-finance-assurance (MBAF); UFR de Génie Juridique 6. Master sciences de gestion et droit des affaires internationales (MSG-DAI). 49",75,Management de projet,name
"Master en gestion des ressources humaines, option: gestion des ressources humaines. HA-2017 RepSEN/Ensup-priv/HA/012-2017 1. Licence Comptabilité, contrôle, audit, option: comptabilité-finance; 2. Licence en gestion, option: informatique de gestion; 3. Licence en science politique, option: sciences politiques et relations internationales. HA-2017 RepSEN/Ensup-priv.HA/014-2017 1. Licence en qualité, sécurité environnementales et alimentaires, option: industrie agro-alimentaire; 2. Licence en qualité, sécurité environnementales et alimentaires, option: hygiène, sécurité, environnement; 3. Licence en commerce, option: commerce et affaires internationales; 4. Licence en gestion, option: gestion et administration des entreprises (LPGAE); 5. Licence en gestion production, logistique, achats, option: gestion de la logistique et transport. HA-2021 RepSEN/Ensup-priv/HA/074-2021 1. Licence en sciences de gestion et droit des affaires internationales (SGDAI); 2. Licence en ingénierie juridique, banque, Assurance (IJBA); 3. Licence en sciences et techniques financières et Comptables (STCF); 4. Licence en banque assurance finance (BAF); 5. Licence en sciences de gestion (SG); 6. Licence en génie logiciel (GL); 7. Licence en systèmes réseaux et télécommunications (SRT); 8. Licence en méthodes informatiques appliquées à la gestion (MIAGE); 1. Licence en management des organisations et de la qualité (LMOQUA). UFR des Sciences et Technologies: 1. Licence d'informatique (LINFO); UFR de Génie Langues et Affaires: 2. Master management de projets internationaux et multilingues (MPIM); UFR de Génie Gestion Économique: 3. Master sciences de gestion (MSG); 4. Master sciences et techniques comptables et financières (MSTCF); 5. Master banque-finance-assurance (MBAF); UFR de Génie Juridique 6. Master sciences de gestion et droit des affaires internationales (MSG-DAI). 49",80,Management des organisations,name
"Master en gestion des ressources humaines, option: gestion des ressources humaines. HA-2017 RepSEN/Ensup-priv/HA/012-2017 1. Licence Comptabilité, contrôle, audit, option: comptabilité-finance; 2. Licence en gestion, option: informatique de gestion; 3. Licence en science politique, option: sciences politiques et relations internationales. HA-2017 RepSEN/Ensup-priv.HA/014-2017 1. Licence en qualité, sécurité environnementales et alimentaires, option: industrie agro-alimentaire; 2. Licence en qualité, sécurité environnementales et alimentaires, option: hygiène, sécurité, environnement; 3. Licence en commerce, option: commerce et affaires internationales; 4. Licence en gestion, option: gestion et administration des entreprises (LPGAE); 5. Licence en gestion production, logistique, achats, option: gestion de la logistique et transport. HA-2021 RepSEN/Ensup-priv/HA/074-2021 1. Licence en sciences de gestion et droit des affaires internationales (SGDAI); 2. Licence en ingénierie juridique, banque, Assurance (IJBA); 3. Licence en sciences et techniques financières et Comptables (STCF); 4. Licence en banque assurance finance (BAF); 5. Licence en sciences de gestion (SG); 6. Licence en génie logiciel (GL); 7. Licence en systèmes réseaux et télécommunications (SRT); 8. Licence en méthodes informatiques appliquées à la gestion (MIAGE); 1. Licence en management des organisations et de la qualité (LMOQUA). UFR des Sciences et Technologies: 1. Licence d'informatique (LINFO); UFR de Génie Langues et Affaires: 2. Master management de projets internationaux et multilingues (MPIM); UFR de Génie Gestion Économique: 3. Master sciences de gestion (MSG); 4. Master sciences et techniques comptables et financières (MSTCF); 5. Master banque-finance-assurance (MBAF); UFR de Génie Juridique 6. Master sciences de gestion et droit des affaires internationales (MSG-DAI). 49",101,Sciences Politiques,name
"Master en gestion des ressources humaines, option: gestion des ressources humaines. HA-2017 RepSEN/Ensup-priv/HA/012-2017 1. Licence Comptabilité, contrôle, audit, option: comptabilité-finance; 2. Licence en gestion, option: informatique de gestion; 3. Licence en science politique, option: sciences politiques et relations internationales. HA-2017 RepSEN/Ensup-priv.HA/014-2017 1. Licence en qualité, sécurité environnementales et alimentaires, option: industrie agro-alimentaire; 2. Licence en qualité, sécurité environnementales et alimentaires, option: hygiène, sécurité, environnement; 3. Licence en commerce, option: commerce et affaires internationales; 4. Licence en gestion, option: gestion et administration des entreprises (LPGAE); 5. Licence en gestion production, logistique, achats, option: gestion de la logistique et transport. HA-2021 RepSEN/Ensup-priv/HA/074-2021 1. Licence en sciences de gestion et droit des affaires internationales (SGDAI); 2. Licence en ingénierie juridique, banque, Assurance (IJBA); 3. Licence en sciences et techniques financières et Comptables (STCF); 4. Licence en banque assurance finance (BAF); 5. Licence en sciences de gestion (SG); 6. Licence en génie logiciel (GL); 7. Licence en systèmes réseaux et télécommunications (SRT); 8. Licence en méthodes informatiques appliquées à la gestion (MIAGE); 1. Licence en management des organisations et de la qualité (LMOQUA). UFR des Sciences et Technologies: 1. Licence d'informatique (LINFO); UFR de Génie Langues et Affaires: 2. Master management de projets internationaux et multilingues (MPIM); UFR de Génie Gestion Économique: 3. Master sciences de gestion (MSG); 4. Master sciences et techniques comptables et financières (MSTCF); 5. Master banque-finance-assurance (MBAF); UFR de Génie Juridique 6. Master sciences de gestion et droit des affaires internationales (MSG-DAI). 49",105,Comptabilité,name
"Master en gestion des ressources humaines, option: gestion des ressources humaines. HA-2017 RepSEN/Ensup-priv/HA/012-2017 1. Licence Comptabilité, contrôle, audit, option: comptabilité-finance; 2. Licence en gestion, option: informatique de gestion; 3. Licence en science politique, option: sciences politiques et relations internationales. HA-2017 RepSEN/Ensup-priv.HA/014-2017 1. Licence en qualité, sécurité environnementales et alimentaires, option: industrie agro-alimentaire; 2. Licence en qualité, sécurité environnementales et alimentaires, option: hygiène, sécurité, environnement; 3. Licence en commerce, option: commerce et affaires internationales; 4. Licence en gestion, option: gestion et administration des entreprises (LPGAE); 5. Licence en gestion production, logistique, achats, option: gestion de la logistique et transport. HA-2021 RepSEN/Ensup-priv/HA/074-2021 1. Licence en sciences de gestion et droit des affaires internationales (SGDAI); 2. Licence en ingénierie juridique, banque, Assurance (IJBA); 3. Licence en sciences et techniques financières et Comptables (STCF); 4. Licence en banque assurance finance (BAF); 5. Licence en sciences de gestion (SG); 6. Licence en génie logiciel (GL); 7. Licence en systèmes réseaux et télécommunications (SRT); 8. Licence en méthodes informatiques appliquées à la gestion (MIAGE); 1. Licence en management des organisations et de la qualité (LMOQUA). UFR des Sciences et Technologies: 1. Licence d'informatique (LINFO); UFR de Génie Langues et Affaires: 2. Master management de projets internationaux et multilingues (MPIM); UFR de Génie Gestion Économique: 3. Master sciences de gestion (MSG); 4. Master sciences et techniques comptables et financières (MSTCF); 5. Master banque-finance-assurance (MBAF); UFR de Génie Juridique 6. Master sciences de gestion et droit des affaires internationales (MSG-DAI). 49",121,Communication,name
"Master en gestion des ressources humaines, option: gestion des ressources humaines. HA-2017 RepSEN/Ensup-priv/HA/012-2017 1. Licence Comptabilité, contrôle, audit, option: comptabilité-finance; 2. Licence en gestion, option: informatique de gestion; 3. Licence en science politique, option: sciences politiques et relations internationales. HA-2017 RepSEN/Ensup-priv.HA/014-2017 1. Licence en qualité, sécurité environnementales et alimentaires, option: industrie agro-alimentaire; 2. Licence en qualité, sécurité environnementales et alimentaires, option: hygiène, sécurité, environnement; 3. Licence en commerce, option: commerce et affaires internationales; 4. Licence en gestion, option: gestion et administration des entreprises (LPGAE); 5. Licence en gestion production, logistique, achats, option: gestion de la logistique et transport. HA-2021 RepSEN/Ensup-priv/HA/074-2021 1. Licence en sciences de gestion et droit des affaires internationales (SGDAI); 2. Licence en ingénierie juridique, banque, Assurance (IJBA); 3. Licence en sciences et techniques financières et Comptables (STCF); 4. Licence en banque assurance finance (BAF); 5. Licence en sciences de gestion (SG); 6. Licence en génie logiciel (GL); 7. Licence en systèmes réseaux et télécommunications (SRT); 8. Licence en méthodes informatiques appliquées à la gestion (MIAGE); 1. Licence en management des organisations et de la qualité (LMOQUA). UFR des Sciences et Technologies: 1. Licence d'informatique (LINFO); UFR de Génie Langues et Affaires: 2. Master management de projets internationaux et multilingues (MPIM); UFR de Génie Gestion Économique: 3. Master sciences de gestion (MSG); 4. Master sciences et techniques comptables et financières (MSTCF); 5. Master banque-finance-assurance (MBAF); UFR de Génie Juridique 6. Master sciences de gestion et droit des affaires internationales (MSG-DAI). 49",125,Sciences Politiques et Relations Internationales,name
"Master en gestion des ressources humaines, option: gestion des ressources humaines. HA-2017 RepSEN/Ensup-priv/HA/012-2017 1. Licence Comptabilité, contrôle, audit, option: comptabilité-finance; 2. Licence en gestion, option: informatique de gestion; 3. Licence en science politique, option: sciences politiques et relations internationales. HA-2017 RepSEN/Ensup-priv.HA/014-2017 1. Licence en qualité, sécurité environnementales et alimentaires, option: industrie agro-alimentaire; 2. Licence en qualité, sécurité environnementales et alimentaires, option: hygiène, sécurité, environnement; 3. Licence en commerce, option: commerce et affaires internationales; 4. Licence en gestion, option: gestion et administration des entreprises (LPGAE); 5. Licence en gestion production, logistique, achats, option: gestion de la logistique et transport. HA-2021 RepSEN/Ensup-priv/HA/074-2021 1. Licence en sciences de gestion et droit des affaires internationales (SGDAI); 2. Licence en ingénierie juridique, banque, Assurance (IJBA); 3. Licence en sciences et techniques financières et Comptables (STCF); 4. Licence en banque assurance finance (BAF); 5. Licence en sciences de gestion (SG); 6. Licence en génie logiciel (GL); 7. Licence en systèmes réseaux et télécommunications (SRT); 8. Licence en méthodes informatiques appliquées à la gestion (MIAGE); 1. Licence en management des organisations et de la qualité (LMOQUA). UFR des Sciences et Technologies: 1. Licence d'informatique (LINFO); UFR de Génie Langues et Affaires: 2. Master management de projets internationaux et multilingues (MPIM); UFR de Génie Gestion Économique: 3. Master sciences de gestion (MSG); 4. Master sciences et techniques comptables et financières (MSTCF); 5. Master banque-finance-assurance (MBAF); UFR de Génie Juridique 6. Master sciences de gestion et droit des affaires internationales (MSG-DAI). 49",142,Sciences et Technologies,name
"Master en gestion des ressources humaines, option: gestion des ressources humaines. HA-2017 RepSEN/Ensup-priv/HA/012-2017 1. Licence Comptabilité, contrôle, audit, option: comptabilité-finance; 2. Licence en gestion, option: informatique de gestion; 3. Licence en science politique, option: sciences politiques et relations internationales. HA-2017 RepSEN/Ensup-priv.HA/014-2017 1. Licence en qualité, sécurité environnementales et alimentaires, option: industrie agro-alimentaire; 2. Licence en qualité, sécurité environnementales et alimentaires, option: hygiène, sécurité, environnement; 3. Licence en commerce, option: commerce et affaires internationales; 4. Licence en gestion, option: gestion et administration des entreprises (LPGAE); 5. Licence en gestion production, logistique, achats, option: gestion de la logistique et transport. HA-2021 RepSEN/Ensup-priv/HA/074-2021 1. Licence en sciences de gestion et droit des affaires internationales (SGDAI); 2. Licence en ingénierie juridique, banque, Assurance (IJBA); 3. Licence en sciences et techniques financières et Comptables (STCF); 4. Licence en banque assurance finance (BAF); 5. Licence en sciences de gestion (SG); 6. Licence en génie logiciel (GL); 7. Licence en systèmes réseaux et télécommunications (SRT); 8. Licence en méthodes informatiques appliquées à la gestion (MIAGE); 1. Licence en management des organisations et de la qualité (LMOQUA). UFR des Sciences et Technologies: 1. Licence d'informatique (LINFO); UFR de Génie Langues et Affaires: 2. Master management de projets internationaux et multilingues (MPIM); UFR de Génie Gestion Économique: 3. Master sciences de gestion (MSG); 4. Master sciences et techniques comptables et financières (MSTCF); 5. Master banque-finance-assurance (MBAF); UFR de Génie Juridique 6. Master sciences de gestion et droit des affaires internationales (MSG-DAI). 49",151,Sciences de gestion,name
"Master en gestion des ressources humaines, option: gestion des ressources humaines. HA-2017 RepSEN/Ensup-priv/HA/012-2017 1. Licence Comptabilité, contrôle, audit, option: comptabilité-finance; 2. Licence en gestion, option: informatique de gestion; 3. Licence en science politique, option: sciences politiques et relations internationales. HA-2017 RepSEN/Ensup-priv.HA/014-2017 1. Licence en qualité, sécurité environnementales et alimentaires, option: industrie agro-alimentaire; 2. Licence en qualité, sécurité environnementales et alimentaires, option: hygiène, sécurité, environnement; 3. Licence en commerce, option: commerce et affaires internationales; 4. Licence en gestion, option: gestion et administration des entreprises (LPGAE); 5. Licence en gestion production, logistique, achats, option: gestion de la logistique et transport. HA-2021 RepSEN/Ensup-priv/HA/074-2021 1. Licence en sciences de gestion et droit des affaires internationales (SGDAI); 2. Licence en ingénierie juridique, banque, Assurance (IJBA); 3. Licence en sciences et techniques financières et Comptables (STCF); 4. Licence en banque assurance finance (BAF); 5. Licence en sciences de gestion (SG); 6. Licence en génie logiciel (GL); 7. Licence en systèmes réseaux et télécommunications (SRT); 8. Licence en méthodes informatiques appliquées à la gestion (MIAGE); 1. Licence en management des organisations et de la qualité (LMOQUA). UFR des Sciences et Technologies: 1. Licence d'informatique (LINFO); UFR de Génie Langues et Affaires: 2. Master management de projets internationaux et multilingues (MPIM); UFR de Génie Gestion Économique: 3. Master sciences de gestion (MSG); 4. Master sciences et techniques comptables et financières (MSTCF); 5. Master banque-finance-assurance (MBAF); UFR de Génie Juridique 6. Master sciences de gestion et droit des affaires internationales (MSG-DAI). 49",162,Télécommunications,name
"Licence en mathématique (Mth); 10. Licence en physique et chimie (PC); 11. Licence en génie des langues et affaires(GLA); 12. Licence en langues traduction et interprétariat (LTI); 13. Licence en langues management et commerce international(LMCI); 14. Licence en identité et représentation dans les aires culturelles africaines (IRDACA). 15. Master en gestion juridique des affaires (GIA); 16. Master en droit de l'ingénierie financière et fiscale (DIFF); 17. Master en ingénierie juridique et bancaire (IJA); 18. Master ingénierie juridique et assurances; 19. Master en droit maritime (DMA); 20. Master en finance appliquée (FAP); 21. Master en audit et contrôle de gestion (ACG); 22. Master en monnaie banque finance(MBF); 23. Master en génie logiciel (GL); 24. Master en systèmes réseaux et télécommunications (SRT); 25. Master en méthodes informatiques appliquées à la gestion (MIAGE); 26. Master en mathématiques (Mth); 27.Master en physique et chimie (PC); 28.Master en langues traduction et interprétariat (LTI); 29.Master en langues management et commerce international (LMCI); 30.Master en identité et représentation dans les aires culturelles africaines (IRDACA). HA-2018 RepSEN/Enp-priv/HA/042-2018 1. Licence en sociologie; 2. Licence en sciences économiques et de gestion. HA-2021 RepSEN/Ensup-priv/HA/076-2021 1. Licence en marketing et Stratégie; 2. Licence en banque, assurance, finance; 3. Licence en gestion des ressources humaines; 4. Licence en transport et logistique; 5. Licence en commerce international; 6. Licence en entrepreneuriat des PME. 7. Master en marketing et stratégie; 1. Licence en génie en informatique; 2. Licence en génie civil; 3. Licence en management, qualité, hygiène, sécurité, environnement; 4. Licence en droit des affaires; 5. Licence en journalisme communication; 6. Master en génie informatique; 7. Master en génie civil; 8. Master en management, qualité, hygiène,",1,Informatique,name
"Licence en mathématique (Mth); 10. Licence en physique et chimie (PC); 11. Licence en génie des langues et affaires(GLA); 12. Licence en langues traduction et interprétariat (LTI); 13. Licence en langues management et commerce international(LMCI); 14. Licence en identité et représentation dans les aires culturelles africaines (IRDACA). 15. Master en gestion juridique des affaires (GIA); 16. Master en droit de l'ingénierie financière et fiscale (DIFF); 17. Master en ingénierie juridique et bancaire (IJA); 18. Master ingénierie juridique et assurances; 19. Master en droit maritime (DMA); 20. Master en finance appliquée (FAP); 21. Master en audit et contrôle de gestion (ACG); 22. Master en monnaie banque finance(MBF); 23. Master en génie logiciel (GL); 24. Master en systèmes réseaux et télécommunications (SRT); 25. Master en méthodes informatiques appliquées à la gestion (MIAGE); 26. Master en mathématiques (Mth); 27.Master en physique et chimie (PC); 28.Master en langues traduction et interprétariat (LTI); 29.Master en langues management et commerce international (LMCI); 30.Master en identité et représentation dans les aires culturelles africaines (IRDACA). HA-2018 RepSEN/Enp-priv/HA/042-2018 1. Licence en sociologie; 2. Licence en sciences économiques et de gestion. HA-2021 RepSEN/Ensup-priv/HA/076-2021 1. Licence en marketing et Stratégie; 2. Licence en banque, assurance, finance; 3. Licence en gestion des ressources humaines; 4. Licence en transport et logistique; 5. Licence en commerce international; 6. Licence en entrepreneuriat des PME. 7. Master en marketing et stratégie; 1. Licence en génie en informatique; 2. Licence en génie civil; 3. Licence en management, qualité, hygiène, sécurité, environnement; 4. Licence en droit des affaires; 5. Licence en journalisme communication; 6. Master en génie informatique; 7. Master en génie civil; 8. Master en management, qualité, hygiène,",2,Génie Civil,name
"Licence en mathématique (Mth); 10. Licence en physique et chimie (PC); 11. Licence en génie des langues et affaires(GLA); 12. Licence en langues traduction et interprétariat (LTI); 13. Licence en langues management et commerce international(LMCI); 14. Licence en identité et représentation dans les aires culturelles africaines (IRDACA). 15. Master en gestion juridique des affaires (GIA); 16. Master en droit de l'ingénierie financière et fiscale (DIFF); 17. Master en ingénierie juridique et bancaire (IJA); 18. Master ingénierie juridique et assurances; 19. Master en droit maritime (DMA); 20. Master en finance appliquée (FAP); 21. Master en audit et contrôle de gestion (ACG); 22. Master en monnaie banque finance(MBF); 23. Master en génie logiciel (GL); 24. Master en systèmes réseaux et télécommunications (SRT); 25. Master en méthodes informatiques appliquées à la gestion (MIAGE); 26. Master en mathématiques (Mth); 27.Master en physique et chimie (PC); 28.Master en langues traduction et interprétariat (LTI); 29.Master en langues management et commerce international (LMCI); 30.Master en identité et représentation dans les aires culturelles africaines (IRDACA). HA-2018 RepSEN/Enp-priv/HA/042-2018 1. Licence en sociologie; 2. Licence en sciences économiques et de gestion. HA-2021 RepSEN/Ensup-priv/HA/076-2021 1. Licence en marketing et Stratégie; 2. Licence en banque, assurance, finance; 3. Licence en gestion des ressources humaines; 4. Licence en transport et logistique; 5. Licence en commerce international; 6. Licence en entrepreneuriat des PME. 7. Master en marketing et stratégie; 1. Licence en génie en informatique; 2. Licence en génie civil; 3. Licence en management, qualité, hygiène, sécurité, environnement; 4. Licence en droit des affaires; 5. Licence en journalisme communication; 6. Master en génie informatique; 7. Master en génie civil; 8. Master en management, qualité, hygiène,",4,Droit,name
"Licence en mathématique (Mth); 10. Licence en physique et chimie (PC); 11. Licence en génie des langues et affaires(GLA); 12. Licence en langues traduction et interprétariat (LTI); 13. Licence en langues management et commerce international(LMCI); 14. Licence en identité et représentation dans les aires culturelles africaines (IRDACA). 15. Master en gestion juridique des affaires (GIA); 16. Master en droit de l'ingénierie financière et fiscale (DIFF); 17. Master en ingénierie juridique et bancaire (IJA); 18. Master ingénierie juridique et assurances; 19. Master en droit maritime (DMA); 20. Master en finance appliquée (FAP); 21. Master en audit et contrôle de gestion (ACG); 22. Master en monnaie banque finance(MBF); 23. Master en génie logiciel (GL); 24. Master en systèmes réseaux et télécommunications (SRT); 25. Master en méthodes informatiques appliquées à la gestion (MIAGE); 26. Master en mathématiques (Mth); 27.Master en physique et chimie (PC); 28.Master en langues traduction et interprétariat (LTI); 29.Master en langues management et commerce international (LMCI); 30.Master en identité et représentation dans les aires culturelles africaines (IRDACA). HA-2018 RepSEN/Enp-priv/HA/042-2018 1. Licence en sociologie; 2. Licence en sciences économiques et de gestion. HA-2021 RepSEN/Ensup-priv/HA/076-2021 1. Licence en marketing et Stratégie; 2. Licence en banque, assurance, finance; 3. Licence en gestion des ressources humaines; 4. Licence en transport et logistique; 5. Licence en commerce international; 6. Licence en entrepreneuriat des PME. 7. Master en marketing et stratégie; 1. Licence en génie en informatique; 2. Licence en génie civil; 3. Licence en management, qualité, hygiène, sécurité, environnement; 4. Licence en droit des affaires; 5. Licence en journalisme communication; 6. Master en génie informatique; 7. Master en génie civil; 8. Master en management, qualité, hygiène,",5,Gestion,name
"Licence en mathématique (Mth); 10. Licence en physique et chimie (PC); 11. Licence en génie des langues et affaires(GLA); 12. Licence en langues traduction et interprétariat (LTI); 13. Licence en langues management et commerce international(LMCI); 14. Licence en identité et représentation dans les aires culturelles africaines (IRDACA). 15. Master en gestion juridique des affaires (GIA); 16. Master en droit de l'ingénierie financière et fiscale (DIFF); 17. Master en ingénierie juridique et bancaire (IJA); 18. Master ingénierie juridique et assurances; 19. Master en droit maritime (DMA); 20. Master en finance appliquée (FAP); 21. Master en audit et contrôle de gestion (ACG); 22. Master en monnaie banque finance(MBF); 23. Master en génie logiciel (GL); 24. Master en systèmes réseaux et télécommunications (SRT); 25. Master en méthodes informatiques appliquées à la gestion (MIAGE); 26. Master en mathématiques (Mth); 27.Master en physique et chimie (PC); 28.Master en langues traduction et interprétariat (LTI); 29.Master en langues management et commerce international (LMCI); 30.Master en identité et représentation dans les aires culturelles africaines (IRDACA). HA-2018 RepSEN/Enp-priv/HA/042-2018 1. Licence en sociologie; 2. Licence en sciences économiques et de gestion. HA-2021 RepSEN/Ensup-priv/HA/076-2021 1. Licence en marketing et Stratégie; 2. Licence en banque, assurance, finance; 3. Licence en gestion des ressources humaines; 4. Licence en transport et logistique; 5. Licence en commerce international; 6. Licence en entrepreneuriat des PME. 7. Master en marketing et stratégie; 1. Licence en génie en informatique; 2. Licence en génie civil; 3. Licence en management, qualité, hygiène, sécurité, environnement; 4. Licence en droit des affaires; 5. Licence en journalisme communication; 6. Master en génie informatique; 7. Master en génie civil; 8. Master en management, qualité, hygiène,",7,Marketing,name
"Licence en mathématique (Mth); 10. Licence en physique et chimie (PC); 11. Licence en génie des langues et affaires(GLA); 12. Licence en langues traduction et interprétariat (LTI); 13. Licence en langues management et commerce international(LMCI); 14. Licence en identité et représentation dans les aires culturelles africaines (IRDACA). 15. Master en gestion juridique des affaires (GIA); 16. Master en droit de l'ingénierie financière et fiscale (DIFF); 17. Master en ingénierie juridique et bancaire (IJA); 18. Master ingénierie juridique et assurances; 19. Master en droit maritime (DMA); 20. Master en finance appliquée (FAP); 21. Master en audit et contrôle de gestion (ACG); 22. Master en monnaie banque finance(MBF); 23. Master en génie logiciel (GL); 24. Master en systèmes réseaux et télécommunications (SRT); 25. Master en méthodes informatiques appliquées à la gestion (MIAGE); 26. Master en mathématiques (Mth); 27.Master en physique et chimie (PC); 28.Master en langues traduction et interprétariat (LTI); 29.Master en langues management et commerce international (LMCI); 30.Master en identité et représentation dans les aires culturelles africaines (IRDACA). HA-2018 RepSEN/Enp-priv/HA/042-2018 1. Licence en sociologie; 2. Licence en sciences économiques et de gestion. HA-2021 RepSEN/Ensup-priv/HA/076-2021 1. Licence en marketing et Stratégie; 2. Licence en banque, assurance, finance; 3. Licence en gestion des ressources humaines; 4. Licence en transport et logistique; 5. Licence en commerce international; 6. Licence en entrepreneuriat des PME. 7. Master en marketing et stratégie; 1. Licence en génie en informatique; 2. Licence en génie civil; 3. Licence en management, qualité, hygiène, sécurité, environnement; 4. Licence en droit des affaires; 5. Licence en journalisme communication; 6. Master en génie informatique; 7. Master en génie civil; 8. Master en management, qualité, hygiène,",9,Génie Logiciel,name
"Licence en mathématique (Mth); 10. Licence en physique et chimie (PC); 11. Licence en génie des langues et affaires(GLA); 12. Licence en langues traduction et interprétariat (LTI); 13. Licence en langues management et commerce international(LMCI); 14. Licence en identité et représentation dans les aires culturelles africaines (IRDACA). 15. Master en gestion juridique des affaires (GIA); 16. Master en droit de l'ingénierie financière et fiscale (DIFF); 17. Master en ingénierie juridique et bancaire (IJA); 18. Master ingénierie juridique et assurances; 19. Master en droit maritime (DMA); 20. Master en finance appliquée (FAP); 21. Master en audit et contrôle de gestion (ACG); 22. Master en monnaie banque finance(MBF); 23. Master en génie logiciel (GL); 24. Master en systèmes réseaux et télécommunications (SRT); 25. Master en méthodes informatiques appliquées à la gestion (MIAGE); 26. Master en mathématiques (Mth); 27.Master en physique et chimie (PC); 28.Master en langues traduction et interprétariat (LTI); 29.Master en langues management et commerce international (LMCI); 30.Master en identité et représentation dans les aires culturelles africaines (IRDACA). HA-2018 RepSEN/Enp-priv/HA/042-2018 1. Licence en sociologie; 2. Licence en sciences économiques et de gestion. HA-2021 RepSEN/Ensup-priv/HA/076-2021 1. Licence en marketing et Stratégie; 2. Licence en banque, assurance, finance; 3. Licence en gestion des ressources humaines; 4. Licence en transport et logistique; 5. Licence en commerce international; 6. Licence en entrepreneuriat des PME. 7. Master en marketing et stratégie; 1. Licence en génie en informatique; 2. Licence en génie civil; 3. Licence en management, qualité, hygiène, sécurité, environnement; 4. Licence en droit des affaires; 5. Licence en journalisme communication; 6. Master en génie informatique; 7. Master en génie civil; 8. Master en management, qualité, hygiène,",10,Réseaux et Télécommunications,name
"Licence en mathématique (Mth); 10. Licence en physique et chimie (PC); 11. Licence en génie des langues et affaires(GLA); 12. Licence en langues traduction et interprétariat (LTI); 13. Licence en langues management et commerce international(LMCI); 14. Licence en identité et représentation dans les aires culturelles africaines (IRDACA). 15. Master en gestion juridique des affaires (GIA); 16. Master en droit de l'ingénierie financière et fiscale (DIFF); 17. Master en ingénierie juridique et bancaire (IJA); 18. Master ingénierie juridique et assurances; 19. Master en droit maritime (DMA); 20. Master en finance appliquée (FAP); 21. Master en audit et contrôle de gestion (ACG); 22. Master en monnaie banque finance(MBF); 23. Master en génie logiciel (GL); 24. Master en systèmes réseaux et télécommunications (SRT); 25. Master en méthodes informatiques appliquées à la gestion (MIAGE); 26. Master en mathématiques (Mth); 27.Master en physique et chimie (PC); 28.Master en langues traduction et interprétariat (LTI); 29.Master en langues management et commerce international (LMCI); 30.Master en identité et représentation dans les aires culturelles africaines (IRDACA). HA-2018 RepSEN/Enp-priv/HA/042-2018 1. Licence en sociologie; 2. Licence en sciences économiques et de gestion. HA-2021 RepSEN/Ensup-priv/HA/076-2021 1. Licence en marketing et Stratégie; 2. Licence en banque, assurance, finance; 3. Licence en gestion des ressources humaines; 4. Licence en transport et logistique; 5. Licence en commerce international; 6. Licence en entrepreneuriat des PME. 7. Master en marketing et stratégie; 1. Licence en génie en informatique; 2. Licence en génie civil; 3. Licence en management, qualité, hygiène, sécurité, environnement; 4. Licence en droit des affaires; 5. Licence en journalisme communication; 6. Master en génie informatique; 7. Master en génie civil; 8. Master en management, qualité, hygiène,",64,Management,name
"Licence en mathématique (Mth); 10. Licence en physique et chimie (PC); 11. Licence en génie des langues et affaires(GLA); 12. Licence en langues traduction et interprétariat (LTI); 13. Licence en langues management et commerce international(LMCI); 14. Licence en identité et représentation dans les aires culturelles africaines (IRDACA). 15. Master en gestion juridique des affaires (GIA); 16. Master en droit de l'ingénierie financière et fiscale (DIFF); 17. Master en ingénierie juridique et bancaire (IJA); 18. Master ingénierie juridique et assurances; 19. Master en droit maritime (DMA); 20. Master en finance appliquée (FAP); 21. Master en audit et contrôle de gestion (ACG); 22. Master en monnaie banque finance(MBF); 23. Master en génie logiciel (GL); 24. Master en systèmes réseaux et télécommunications (SRT); 25. Master en méthodes informatiques appliquées à la gestion (MIAGE); 26. Master en mathématiques (Mth); 27.Master en physique et chimie (PC); 28.Master en langues traduction et interprétariat (LTI); 29.Master en langues management et commerce international (LMCI); 30.Master en identité et représentation dans les aires culturelles africaines (IRDACA). HA-2018 RepSEN/Enp-priv/HA/042-2018 1. Licence en sociologie; 2. Licence en sciences économiques et de gestion. HA-2021 RepSEN/Ensup-priv/HA/076-2021 1. Licence en marketing et Stratégie; 2. Licence en banque, assurance, finance; 3. Licence en gestion des ressources humaines; 4. Licence en transport et logistique; 5. Licence en commerce international; 6. Licence en entrepreneuriat des PME. 7. Master en marketing et stratégie; 1. Licence en génie en informatique; 2. Licence en génie civil; 3. Licence en management, qualité, hygiène, sécurité, environnement; 4. Licence en droit des affaires; 5. Licence en journalisme communication; 6. Master en génie informatique; 7. Master en génie civil; 8. Master en management, qualité, hygiène,",68,Gestion des ressources humaines,name
"Licence en mathématique (Mth); 10. Licence en physique et chimie (PC); 11. Licence en génie des langues et affaires(GLA); 12. Licence en langues traduction et interprétariat (LTI); 13. Licence en langues management et commerce international(LMCI); 14. Licence en identité et représentation dans les aires culturelles africaines (IRDACA). 15. Master en gestion juridique des affaires (GIA); 16. Master en droit de l'ingénierie financière et fiscale (DIFF); 17. Master en ingénierie juridique et bancaire (IJA); 18. Master ingénierie juridique et assurances; 19. Master en droit maritime (DMA); 20. Master en finance appliquée (FAP); 21. Master en audit et contrôle de gestion (ACG); 22. Master en monnaie banque finance(MBF); 23. Master en génie logiciel (GL); 24. Master en systèmes réseaux et télécommunications (SRT); 25. Master en méthodes informatiques appliquées à la gestion (MIAGE); 26. Master en mathématiques (Mth); 27.Master en physique et chimie (PC); 28.Master en langues traduction et interprétariat (LTI); 29.Master en langues management et commerce international (LMCI); 30.Master en identité et représentation dans les aires culturelles africaines (IRDACA). HA-2018 RepSEN/Enp-priv/HA/042-2018 1. Licence en sociologie; 2. Licence en sciences économiques et de gestion. HA-2021 RepSEN/Ensup-priv/HA/076-2021 1. Licence en marketing et Stratégie; 2. Licence en banque, assurance, finance; 3. Licence en gestion des ressources humaines; 4. Licence en transport et logistique; 5. Licence en commerce international; 6. Licence en entrepreneuriat des PME. 7. Master en marketing et stratégie; 1. Licence en génie en informatique; 2. Licence en génie civil; 3. Licence en management, qualité, hygiène, sécurité, environnement; 4. Licence en droit des affaires; 5. Licence en journalisme communication; 6. Master en génie informatique; 7. Master en génie civil; 8. Master en management, qualité, hygiène,",73,Droit des affaires,name
"Licence en mathématique (Mth); 10. Licence en physique et chimie (PC); 11. Licence en génie des langues et affaires(GLA); 12. Licence en langues traduction et interprétariat (LTI); 13. Licence en langues management et commerce international(LMCI); 14. Licence en identité et représentation dans les aires culturelles africaines (IRDACA). 15. Master en gestion juridique des affaires (GIA); 16. Master en droit de l'ingénierie financière et fiscale (DIFF); 17. Master en ingénierie juridique et bancaire (IJA); 18. Master ingénierie juridique et assurances; 19. Master en droit maritime (DMA); 20. Master en finance appliquée (FAP); 21. Master en audit et contrôle de gestion (ACG); 22. Master en monnaie banque finance(MBF); 23. Master en génie logiciel (GL); 24. Master en systèmes réseaux et télécommunications (SRT); 25. Master en méthodes informatiques appliquées à la gestion (MIAGE); 26. Master en mathématiques (Mth); 27.Master en physique et chimie (PC); 28.Master en langues traduction et interprétariat (LTI); 29.Master en langues management et commerce international (LMCI); 30.Master en identité et représentation dans les aires culturelles africaines (IRDACA). HA-2018 RepSEN/Enp-priv/HA/042-2018 1. Licence en sociologie; 2. Licence en sciences économiques et de gestion. HA-2021 RepSEN/Ensup-priv/HA/076-2021 1. Licence en marketing et Stratégie; 2. Licence en banque, assurance, finance; 3. Licence en gestion des ressources humaines; 4. Licence en transport et logistique; 5. Licence en commerce international; 6. Licence en entrepreneuriat des PME. 7. Master en marketing et stratégie; 1. Licence en génie en informatique; 2. Licence en génie civil; 3. Licence en management, qualité, hygiène, sécurité, environnement; 4. Licence en droit des affaires; 5. Licence en journalisme communication; 6. Master en génie informatique; 7. Master en génie civil; 8. Master en management, qualité, hygiène,",77,"Banque, Assurance, Finance",name
"Licence en mathématique (Mth); 10. Licence en physique et chimie (PC); 11. Licence en génie des langues et affaires(GLA); 12. Licence en langues traduction et interprétariat (LTI); 13. Licence en langues management et commerce international(LMCI); 14. Licence en identité et représentation dans les aires culturelles africaines (IRDACA). 15. Master en gestion juridique des affaires (GIA); 16. Master en droit de l'ingénierie financière et fiscale (DIFF); 17. Master en ingénierie juridique et bancaire (IJA); 18. Master ingénierie juridique et assurances; 19. Master en droit maritime (DMA); 20. Master en finance appliquée (FAP); 21. Master en audit et contrôle de gestion (ACG); 22. Master en monnaie banque finance(MBF); 23. Master en génie logiciel (GL); 24. Master en systèmes réseaux et télécommunications (SRT); 25. Master en méthodes informatiques appliquées à la gestion (MIAGE); 26. Master en mathématiques (Mth); 27.Master en physique et chimie (PC); 28.Master en langues traduction et interprétariat (LTI); 29.Master en langues management et commerce international (LMCI); 30.Master en identité et représentation dans les aires culturelles africaines (IRDACA). HA-2018 RepSEN/Enp-priv/HA/042-2018 1. Licence en sociologie; 2. Licence en sciences économiques et de gestion. HA-2021 RepSEN/Ensup-priv/HA/076-2021 1. Licence en marketing et Stratégie; 2. Licence en banque, assurance, finance; 3. Licence en gestion des ressources humaines; 4. Licence en transport et logistique; 5. Licence en commerce international; 6. Licence en entrepreneuriat des PME. 7. Master en marketing et stratégie; 1. Licence en génie en informatique; 2. Licence en génie civil; 3. Licence en management, qualité, hygiène, sécurité, environnement; 4. Licence en droit des affaires; 5. Licence en journalisme communication; 6. Master en génie informatique; 7. Master en génie civil; 8. Master en management, qualité, hygiène,",79,Commerce international,name
"Licence en mathématique (Mth); 10. Licence en physique et chimie (PC); 11. Licence en génie des langues et affaires(GLA); 12. Licence en langues traduction et interprétariat (LTI); 13. Licence en langues management et commerce international(LMCI); 14. Licence en identité et représentation dans les aires culturelles africaines (IRDACA). 15. Master en gestion juridique des affaires (GIA); 16. Master en droit de l'ingénierie financière et fiscale (DIFF); 17. Master en ingénierie juridique et bancaire (IJA); 18. Master ingénierie juridique et assurances; 19. Master en droit maritime (DMA); 20. Master en finance appliquée (FAP); 21. Master en audit et contrôle de gestion (ACG); 22. Master en monnaie banque finance(MBF); 23. Master en génie logiciel (GL); 24. Master en systèmes réseaux et télécommunications (SRT); 25. Master en méthodes informatiques appliquées à la gestion (MIAGE); 26. Master en mathématiques (Mth); 27.Master en physique et chimie (PC); 28.Master en langues traduction et interprétariat (LTI); 29.Master en langues management et commerce international (LMCI); 30.Master en identité et représentation dans les aires culturelles africaines (IRDACA). HA-2018 RepSEN/Enp-priv/HA/042-2018 1. Licence en sociologie; 2. Licence en sciences économiques et de gestion. HA-2021 RepSEN/Ensup-priv/HA/076-2021 1. Licence en marketing et Stratégie; 2. Licence en banque, assurance, finance; 3. Licence en gestion des ressources humaines; 4. Licence en transport et logistique; 5. Licence en commerce international; 6. Licence en entrepreneuriat des PME. 7. Master en marketing et stratégie; 1. Licence en génie en informatique; 2. Licence en génie civil; 3. Licence en management, qualité, hygiène, sécurité, environnement; 4. Licence en droit des affaires; 5. Licence en journalisme communication; 6. Master en génie informatique; 7. Master en génie civil; 8. Master en management, qualité, hygiène,",97,Audit et Contrôle de Gestion,name
"Licence en mathématique (Mth); 10. Licence en physique et chimie (PC); 11. Licence en génie des langues et affaires(GLA); 12. Licence en langues traduction et interprétariat (LTI); 13. Licence en langues management et commerce international(LMCI); 14. Licence en identité et représentation dans les aires culturelles africaines (IRDACA). 15. Master en gestion juridique des affaires (GIA); 16. Master en droit de l'ingénierie financière et fiscale (DIFF); 17. Master en ingénierie juridique et bancaire (IJA); 18. Master ingénierie juridique et assurances; 19. Master en droit maritime (DMA); 20. Master en finance appliquée (FAP); 21. Master en audit et contrôle de gestion (ACG); 22. Master en monnaie banque finance(MBF); 23. Master en génie logiciel (GL); 24. Master en systèmes réseaux et télécommunications (SRT); 25. Master en méthodes informatiques appliquées à la gestion (MIAGE); 26. Master en mathématiques (Mth); 27.Master en physique et chimie (PC); 28.Master en langues traduction et interprétariat (LTI); 29.Master en langues management et commerce international (LMCI); 30.Master en identité et représentation dans les aires culturelles africaines (IRDACA). HA-2018 RepSEN/Enp-priv/HA/042-2018 1. Licence en sociologie; 2. Licence en sciences économiques et de gestion. HA-2021 RepSEN/Ensup-priv/HA/076-2021 1. Licence en marketing et Stratégie; 2. Licence en banque, assurance, finance; 3. Licence en gestion des ressources humaines; 4. Licence en transport et logistique; 5. Licence en commerce international; 6. Licence en entrepreneuriat des PME. 7. Master en marketing et stratégie; 1. Licence en génie en informatique; 2. Licence en génie civil; 3. Licence en management, qualité, hygiène, sécurité, environnement; 4. Licence en droit des affaires; 5. Licence en journalisme communication; 6. Master en génie informatique; 7. Master en génie civil; 8. Master en management, qualité, hygiène,",111,Journalisme,name
"Licence en mathématique (Mth); 10. Licence en physique et chimie (PC); 11. Licence en génie des langues et affaires(GLA); 12. Licence en langues traduction et interprétariat (LTI); 13. Licence en langues management et commerce international(LMCI); 14. Licence en identité et représentation dans les aires culturelles africaines (IRDACA). 15. Master en gestion juridique des affaires (GIA); 16. Master en droit de l'ingénierie financière et fiscale (DIFF); 17. Master en ingénierie juridique et bancaire (IJA); 18. Master ingénierie juridique et assurances; 19. Master en droit maritime (DMA); 20. Master en finance appliquée (FAP); 21. Master en audit et contrôle de gestion (ACG); 22. Master en monnaie banque finance(MBF); 23. Master en génie logiciel (GL); 24. Master en systèmes réseaux et télécommunications (SRT); 25. Master en méthodes informatiques appliquées à la gestion (MIAGE); 26. Master en mathématiques (Mth); 27.Master en physique et chimie (PC); 28.Master en langues traduction et interprétariat (LTI); 29.Master en langues management et commerce international (LMCI); 30.Master en identité et représentation dans les aires culturelles africaines (IRDACA). HA-2018 RepSEN/Enp-priv/HA/042-2018 1. Licence en sociologie; 2. Licence en sciences économiques et de gestion. HA-2021 RepSEN/Ensup-priv/HA/076-2021 1. Licence en marketing et Stratégie; 2. Licence en banque, assurance, finance; 3. Licence en gestion des ressources humaines; 4. Licence en transport et logistique; 5. Licence en commerce international; 6. Licence en entrepreneuriat des PME. 7. Master en marketing et stratégie; 1. Licence en génie en informatique; 2. Licence en génie civil; 3. Licence en management, qualité, hygiène, sécurité, environnement; 4. Licence en droit des affaires; 5. Licence en journalisme communication; 6. Master en génie informatique; 7. Master en génie civil; 8. Master en management, qualité, hygiène,",118,Ingénierie Financière,name
"Licence en mathématique (Mth); 10. Licence en physique et chimie (PC); 11. Licence en génie des langues et affaires(GLA); 12. Licence en langues traduction et interprétariat (LTI); 13. Licence en langues management et commerce international(LMCI); 14. Licence en identité et représentation dans les aires culturelles africaines (IRDACA). 15. Master en gestion juridique des affaires (GIA); 16. Master en droit de l'ingénierie financière et fiscale (DIFF); 17. Master en ingénierie juridique et bancaire (IJA); 18. Master ingénierie juridique et assurances; 19. Master en droit maritime (DMA); 20. Master en finance appliquée (FAP); 21. Master en audit et contrôle de gestion (ACG); 22. Master en monnaie banque finance(MBF); 23. Master en génie logiciel (GL); 24. Master en systèmes réseaux et télécommunications (SRT); 25. Master en méthodes informatiques appliquées à la gestion (MIAGE); 26. Master en mathématiques (Mth); 27.Master en physique et chimie (PC); 28.Master en langues traduction et interprétariat (LTI); 29.Master en langues management et commerce international (LMCI); 30.Master en identité et représentation dans les aires culturelles africaines (IRDACA). HA-2018 RepSEN/Enp-priv/HA/042-2018 1. Licence en sociologie; 2. Licence en sciences économiques et de gestion. HA-2021 RepSEN/Ensup-priv/HA/076-2021 1. Licence en marketing et Stratégie; 2. Licence en banque, assurance, finance; 3. Licence en gestion des ressources humaines; 4. Licence en transport et logistique; 5. Licence en commerce international; 6. Licence en entrepreneuriat des PME. 7. Master en marketing et stratégie; 1. Licence en génie en informatique; 2. Licence en génie civil; 3. Licence en management, qualité, hygiène, sécurité, environnement; 4. Licence en droit des affaires; 5. Licence en journalisme communication; 6. Master en génie informatique; 7. Master en génie civil; 8. Master en management, qualité, hygiène,",121,Communication,name
"Licence en mathématique (Mth); 10. Licence en physique et chimie (PC); 11. Licence en génie des langues et affaires(GLA); 12. Licence en langues traduction et interprétariat (LTI); 13. Licence en langues management et commerce international(LMCI); 14. Licence en identité et représentation dans les aires culturelles africaines (IRDACA). 15. Master en gestion juridique des affaires (GIA); 16. Master en droit de l'ingénierie financière et fiscale (DIFF); 17. Master en ingénierie juridique et bancaire (IJA); 18. Master ingénierie juridique et assurances; 19. Master en droit maritime (DMA); 20. Master en finance appliquée (FAP); 21. Master en audit et contrôle de gestion (ACG); 22. Master en monnaie banque finance(MBF); 23. Master en génie logiciel (GL); 24. Master en systèmes réseaux et télécommunications (SRT); 25. Master en méthodes informatiques appliquées à la gestion (MIAGE); 26. Master en mathématiques (Mth); 27.Master en physique et chimie (PC); 28.Master en langues traduction et interprétariat (LTI); 29.Master en langues management et commerce international (LMCI); 30.Master en identité et représentation dans les aires culturelles africaines (IRDACA). HA-2018 RepSEN/Enp-priv/HA/042-2018 1. Licence en sociologie; 2. Licence en sciences économiques et de gestion. HA-2021 RepSEN/Ensup-priv/HA/076-2021 1. Licence en marketing et Stratégie; 2. Licence en banque, assurance, finance; 3. Licence en gestion des ressources humaines; 4. Licence en transport et logistique; 5. Licence en commerce international; 6. Licence en entrepreneuriat des PME. 7. Master en marketing et stratégie; 1. Licence en génie en informatique; 2. Licence en génie civil; 3. Licence en management, qualité, hygiène, sécurité, environnement; 4. Licence en droit des affaires; 5. Licence en journalisme communication; 6. Master en génie informatique; 7. Master en génie civil; 8. Master en management, qualité, hygiène,",153,Mathématiques,name
"Licence en mathématique (Mth); 10. Licence en physique et chimie (PC); 11. Licence en génie des langues et affaires(GLA); 12. Licence en langues traduction et interprétariat (LTI); 13. Licence en langues management et commerce international(LMCI); 14. Licence en identité et représentation dans les aires culturelles africaines (IRDACA). 15. Master en gestion juridique des affaires (GIA); 16. Master en droit de l'ingénierie financière et fiscale (DIFF); 17. Master en ingénierie juridique et bancaire (IJA); 18. Master ingénierie juridique et assurances; 19. Master en droit maritime (DMA); 20. Master en finance appliquée (FAP); 21. Master en audit et contrôle de gestion (ACG); 22. Master en monnaie banque finance(MBF); 23. Master en génie logiciel (GL); 24. Master en systèmes réseaux et télécommunications (SRT); 25. Master en méthodes informatiques appliquées à la gestion (MIAGE); 26. Master en mathématiques (Mth); 27.Master en physique et chimie (PC); 28.Master en langues traduction et interprétariat (LTI); 29.Master en langues management et commerce international (LMCI); 30.Master en identité et représentation dans les aires culturelles africaines (IRDACA). HA-2018 RepSEN/Enp-priv/HA/042-2018 1. Licence en sociologie; 2. Licence en sciences économiques et de gestion. HA-2021 RepSEN/Ensup-priv/HA/076-2021 1. Licence en marketing et Stratégie; 2. Licence en banque, assurance, finance; 3. Licence en gestion des ressources humaines; 4. Licence en transport et logistique; 5. Licence en commerce international; 6. Licence en entrepreneuriat des PME. 7. Master en marketing et stratégie; 1. Licence en génie en informatique; 2. Licence en génie civil; 3. Licence en management, qualité, hygiène, sécurité, environnement; 4. Licence en droit des affaires; 5. Licence en journalisme communication; 6. Master en génie informatique; 7. Master en génie civil; 8. Master en management, qualité, hygiène,",155,Sociologie,name
"Licence en mathématique (Mth); 10. Licence en physique et chimie (PC); 11. Licence en génie des langues et affaires(GLA); 12. Licence en langues traduction et interprétariat (LTI); 13. Licence en langues management et commerce international(LMCI); 14. Licence en identité et représentation dans les aires culturelles africaines (IRDACA). 15. Master en gestion juridique des affaires (GIA); 16. Master en droit de l'ingénierie financière et fiscale (DIFF); 17. Master en ingénierie juridique et bancaire (IJA); 18. Master ingénierie juridique et assurances; 19. Master en droit maritime (DMA); 20. Master en finance appliquée (FAP); 21. Master en audit et contrôle de gestion (ACG); 22. Master en monnaie banque finance(MBF); 23. Master en génie logiciel (GL); 24. Master en systèmes réseaux et télécommunications (SRT); 25. Master en méthodes informatiques appliquées à la gestion (MIAGE); 26. Master en mathématiques (Mth); 27.Master en physique et chimie (PC); 28.Master en langues traduction et interprétariat (LTI); 29.Master en langues management et commerce international (LMCI); 30.Master en identité et représentation dans les aires culturelles africaines (IRDACA). HA-2018 RepSEN/Enp-priv/HA/042-2018 1. Licence en sociologie; 2. Licence en sciences économiques et de gestion. HA-2021 RepSEN/Ensup-priv/HA/076-2021 1. Licence en marketing et Stratégie; 2. Licence en banque, assurance, finance; 3. Licence en gestion des ressources humaines; 4. Licence en transport et logistique; 5. Licence en commerce international; 6. Licence en entrepreneuriat des PME. 7. Master en marketing et stratégie; 1. Licence en génie en informatique; 2. Licence en génie civil; 3. Licence en management, qualité, hygiène, sécurité, environnement; 4. Licence en droit des affaires; 5. Licence en journalisme communication; 6. Master en génie informatique; 7. Master en génie civil; 8. Master en management, qualité, hygiène,",156,Entrepreneuriat,name
"Licence en mathématique (Mth); 10. Licence en physique et chimie (PC); 11. Licence en génie des langues et affaires(GLA); 12. Licence en langues traduction et interprétariat (LTI); 13. Licence en langues management et commerce international(LMCI); 14. Licence en identité et représentation dans les aires culturelles africaines (IRDACA). 15. Master en gestion juridique des affaires (GIA); 16. Master en droit de l'ingénierie financière et fiscale (DIFF); 17. Master en ingénierie juridique et bancaire (IJA); 18. Master ingénierie juridique et assurances; 19. Master en droit maritime (DMA); 20. Master en finance appliquée (FAP); 21. Master en audit et contrôle de gestion (ACG); 22. Master en monnaie banque finance(MBF); 23. Master en génie logiciel (GL); 24. Master en systèmes réseaux et télécommunications (SRT); 25. Master en méthodes informatiques appliquées à la gestion (MIAGE); 26. Master en mathématiques (Mth); 27.Master en physique et chimie (PC); 28.Master en langues traduction et interprétariat (LTI); 29.Master en langues management et commerce international (LMCI); 30.Master en identité et représentation dans les aires culturelles africaines (IRDACA). HA-2018 RepSEN/Enp-priv/HA/042-2018 1. Licence en sociologie; 2. Licence en sciences économiques et de gestion. HA-2021 RepSEN/Ensup-priv/HA/076-2021 1. Licence en marketing et Stratégie; 2. Licence en banque, assurance, finance; 3. Licence en gestion des ressources humaines; 4. Licence en transport et logistique; 5. Licence en commerce international; 6. Licence en entrepreneuriat des PME. 7. Master en marketing et stratégie; 1. Licence en génie en informatique; 2. Licence en génie civil; 3. Licence en management, qualité, hygiène, sécurité, environnement; 4. Licence en droit des affaires; 5. Licence en journalisme communication; 6. Master en génie informatique; 7. Master en génie civil; 8. Master en management, qualité, hygiène,",158,Génie informatique,name
"Licence en mathématique (Mth); 10. Licence en physique et chimie (PC); 11. Licence en génie des langues et affaires(GLA); 12. Licence en langues traduction et interprétariat (LTI); 13. Licence en langues management et commerce international(LMCI); 14. Licence en identité et représentation dans les aires culturelles africaines (IRDACA). 15. Master en gestion juridique des affaires (GIA); 16. Master en droit de l'ingénierie financière et fiscale (DIFF); 17. Master en ingénierie juridique et bancaire (IJA); 18. Master ingénierie juridique et assurances; 19. Master en droit maritime (DMA); 20. Master en finance appliquée (FAP); 21. Master en audit et contrôle de gestion (ACG); 22. Master en monnaie banque finance(MBF); 23. Master en génie logiciel (GL); 24. Master en systèmes réseaux et télécommunications (SRT); 25. Master en méthodes informatiques appliquées à la gestion (MIAGE); 26. Master en mathématiques (Mth); 27.Master en physique et chimie (PC); 28.Master en langues traduction et interprétariat (LTI); 29.Master en langues management et commerce international (LMCI); 30.Master en identité et représentation dans les aires culturelles africaines (IRDACA). HA-2018 RepSEN/Enp-priv/HA/042-2018 1. Licence en sociologie; 2. Licence en sciences économiques et de gestion. HA-2021 RepSEN/Ensup-priv/HA/076-2021 1. Licence en marketing et Stratégie; 2. Licence en banque, assurance, finance; 3. Licence en gestion des ressources humaines; 4. Licence en transport et logistique; 5. Licence en commerce international; 6. Licence en entrepreneuriat des PME. 7. Master en marketing et stratégie; 1. Licence en génie en informatique; 2. Licence en génie civil; 3. Licence en management, qualité, hygiène, sécurité, environnement; 4. Licence en droit des affaires; 5. Licence en journalisme communication; 6. Master en génie informatique; 7. Master en génie civil; 8. Master en management, qualité, hygiène,",162,Télécommunications,name
"Master en banque, assurance, finance; 9. Master en gestion des ressources humaines; 10. Master en transport et logistique; 11. Master en commerce international; 12. Master en Entrepreneuriat des PME. HA-2017 RepSEN/Ensup-priv/HA/023-2017 1. Licence en physique et chimie; 2. Licence en droit public; 3. Licence en droit privé; 4. Licence en sciences économiques; 5. Licence en informatique; 6. Master en droit des affaires et fiscalité; 7. Master en droit des activités maritimes; 8. Master en administration publique; 9. Master en relations internationales. HA-2018 RepSEN/Ensup-priv/HA/031-2018 1. Licence en science de management; 2. Licence en management en hôtellerie internationale; 3. Diplôme d'ingénieur en technologie (DIT) d'information et de communication (bac+5). HA-2018 RepSEN/Ensup-priv/HA/045-2018 1. Licence en sciences infirmières et obstréticales, option: sage-femme; 2. Licence en sciences infirmières et obstétricales, option: Infirmier; 3. Diplôme d'Etat de docteur en médecine. H-2021 RepSEN/Ensup-priv/HA/084-2021 4. Diplôme d'Etat de Docteur en pharmacie.",1,Informatique,name
"Master en banque, assurance, finance; 9. Master en gestion des ressources humaines; 10. Master en transport et logistique; 11. Master en commerce international; 12. Master en Entrepreneuriat des PME. HA-2017 RepSEN/Ensup-priv/HA/023-2017 1. Licence en physique et chimie; 2. Licence en droit public; 3. Licence en droit privé; 4. Licence en sciences économiques; 5. Licence en informatique; 6. Master en droit des affaires et fiscalité; 7. Master en droit des activités maritimes; 8. Master en administration publique; 9. Master en relations internationales. HA-2018 RepSEN/Ensup-priv/HA/031-2018 1. Licence en science de management; 2. Licence en management en hôtellerie internationale; 3. Diplôme d'ingénieur en technologie (DIT) d'information et de communication (bac+5). HA-2018 RepSEN/Ensup-priv/HA/045-2018 1. Licence en sciences infirmières et obstréticales, option: sage-femme; 2. Licence en sciences infirmières et obstétricales, option: Infirmier; 3. Diplôme d'Etat de docteur en médecine. H-2021 RepSEN/Ensup-priv/HA/084-2021 4. Diplôme d'Etat de Docteur en pharmacie.",3,Médecine,name
"Master en banque, assurance, finance; 9. Master en gestion des ressources humaines; 10. Master en transport et logistique; 11. Master en commerce international; 12. Master en Entrepreneuriat des PME. HA-2017 RepSEN/Ensup-priv/HA/023-2017 1. Licence en physique et chimie; 2. Licence en droit public; 3. Licence en droit privé; 4. Licence en sciences économiques; 5. Licence en informatique; 6. Master en droit des affaires et fiscalité; 7. Master en droit des activités maritimes; 8. Master en administration publique; 9. Master en relations internationales. HA-2018 RepSEN/Ensup-priv/HA/031-2018 1. Licence en science de management; 2. Licence en management en hôtellerie internationale; 3. Diplôme d'ingénieur en technologie (DIT) d'information et de communication (bac+5). HA-2018 RepSEN/Ensup-priv/HA/045-2018 1. Licence en sciences infirmières et obstréticales, option: sage-femme; 2. Licence en sciences infirmières et obstétricales, option: Infirmier; 3. Diplôme d'Etat de docteur en médecine. H-2021 RepSEN/Ensup-priv/HA/084-2021 4. Diplôme d'Etat de Docteur en pharmacie.",4,Droit,name
"Master en banque, assurance, finance; 9. Master en gestion des ressources humaines; 10. Master en transport et logistique; 11. Master en commerce international; 12. Master en Entrepreneuriat des PME. HA-2017 RepSEN/Ensup-priv/HA/023-2017 1. Licence en physique et chimie; 2. Licence en droit public; 3. Licence en droit privé; 4. Licence en sciences économiques; 5. Licence en informatique; 6. Master en droit des affaires et fiscalité; 7. Master en droit des activités maritimes; 8. Master en administration publique; 9. Master en relations internationales. HA-2018 RepSEN/Ensup-priv/HA/031-2018 1. Licence en science de management; 2. Licence en management en hôtellerie internationale; 3. Diplôme d'ingénieur en technologie (DIT) d'information et de communication (bac+5). HA-2018 RepSEN/Ensup-priv/HA/045-2018 1. Licence en sciences infirmières et obstréticales, option: sage-femme; 2. Licence en sciences infirmières et obstétricales, option: Infirmier; 3. Diplôme d'Etat de docteur en médecine. H-2021 RepSEN/Ensup-priv/HA/084-2021 4. Diplôme d'Etat de Docteur en pharmacie.",4,Médecin,name
"Master en banque, assurance, finance; 9. Master en gestion des ressources humaines; 10. Master en transport et logistique; 11. Master en commerce international; 12. Master en Entrepreneuriat des PME. HA-2017 RepSEN/Ensup-priv/HA/023-2017 1. Licence en physique et chimie; 2. Licence en droit public; 3. Licence en droit privé; 4. Licence en sciences économiques; 5. Licence en informatique; 6. Master en droit des affaires et fiscalité; 7. Master en droit des activités maritimes; 8. Master en administration publique; 9. Master en relations internationales. HA-2018 RepSEN/Ensup-priv/HA/031-2018 1. Licence en science de management; 2. Licence en management en hôtellerie internationale; 3. Diplôme d'ingénieur en technologie (DIT) d'information et de communication (bac+5). HA-2018 RepSEN/Ensup-priv/HA/045-2018 1. Licence en sciences infirmières et obstréticales, option: sage-femme; 2. Licence en sciences infirmières et obstétricales, option: Infirmier; 3. Diplôme d'Etat de docteur en médecine. H-2021 RepSEN/Ensup-priv/HA/084-2021 4. Diplôme d'Etat de Docteur en pharmacie.",5,Gestion,name
"Master en banque, assurance, finance; 9. Master en gestion des ressources humaines; 10. Master en transport et logistique; 11. Master en commerce international; 12. Master en Entrepreneuriat des PME. HA-2017 RepSEN/Ensup-priv/HA/023-2017 1. Licence en physique et chimie; 2. Licence en droit public; 3. Licence en droit privé; 4. Licence en sciences économiques; 5. Licence en informatique; 6. Master en droit des affaires et fiscalité; 7. Master en droit des activités maritimes; 8. Master en administration publique; 9. Master en relations internationales. HA-2018 RepSEN/Ensup-priv/HA/031-2018 1. Licence en science de management; 2. Licence en management en hôtellerie internationale; 3. Diplôme d'ingénieur en technologie (DIT) d'information et de communication (bac+5). HA-2018 RepSEN/Ensup-priv/HA/045-2018 1. Licence en sciences infirmières et obstréticales, option: sage-femme; 2. Licence en sciences infirmières et obstétricales, option: Infirmier; 3. Diplôme d'Etat de docteur en médecine. H-2021 RepSEN/Ensup-priv/HA/084-2021 4. Diplôme d'Etat de Docteur en pharmacie.",18,Pharmacie,name
"Master en banque, assurance, finance; 9. Master en gestion des ressources humaines; 10. Master en transport et logistique; 11. Master en commerce international; 12. Master en Entrepreneuriat des PME. HA-2017 RepSEN/Ensup-priv/HA/023-2017 1. Licence en physique et chimie; 2. Licence en droit public; 3. Licence en droit privé; 4. Licence en sciences économiques; 5. Licence en informatique; 6. Master en droit des affaires et fiscalité; 7. Master en droit des activités maritimes; 8. Master en administration publique; 9. Master en relations internationales. HA-2018 RepSEN/Ensup-priv/HA/031-2018 1. Licence en science de management; 2. Licence en management en hôtellerie internationale; 3. Diplôme d'ingénieur en technologie (DIT) d'information et de communication (bac+5). HA-2018 RepSEN/Ensup-priv/HA/045-2018 1. Licence en sciences infirmières et obstréticales, option: sage-femme; 2. Licence en sciences infirmières et obstétricales, option: Infirmier; 3. Diplôme d'Etat de docteur en médecine. H-2021 RepSEN/Ensup-priv/HA/084-2021 4. Diplôme d'Etat de Docteur en pharmacie.",20,Sciences infirmières,name
"Master en banque, assurance, finance; 9. Master en gestion des ressources humaines; 10. Master en transport et logistique; 11. Master en commerce international; 12. Master en Entrepreneuriat des PME. HA-2017 RepSEN/Ensup-priv/HA/023-2017 1. Licence en physique et chimie; 2. Licence en droit public; 3. Licence en droit privé; 4. Licence en sciences économiques; 5. Licence en informatique; 6. Master en droit des affaires et fiscalité; 7. Master en droit des activités maritimes; 8. Master en administration publique; 9. Master en relations internationales. HA-2018 RepSEN/Ensup-priv/HA/031-2018 1. Licence en science de management; 2. Licence en management en hôtellerie internationale; 3. Diplôme d'ingénieur en technologie (DIT) d'information et de communication (bac+5). HA-2018 RepSEN/Ensup-priv/HA/045-2018 1. Licence en sciences infirmières et obstréticales, option: sage-femme; 2. Licence en sciences infirmières et obstétricales, option: Infirmier; 3. Diplôme d'Etat de docteur en médecine. H-2021 RepSEN/Ensup-priv/HA/084-2021 4. Diplôme d'Etat de Docteur en pharmacie.",21,Sage-femme,name
"Master en banque, assurance, finance; 9. Master en gestion des ressources humaines; 10. Master en transport et logistique; 11. Master en commerce international; 12. Master en Entrepreneuriat des PME. HA-2017 RepSEN/Ensup-priv/HA/023-2017 1. Licence en physique et chimie; 2. Licence en droit public; 3. Licence en droit privé; 4. Licence en sciences économiques; 5. Licence en informatique; 6. Master en droit des affaires et fiscalité; 7. Master en droit des activités maritimes; 8. Master en administration publique; 9. Master en relations internationales. HA-2018 RepSEN/Ensup-priv/HA/031-2018 1. Licence en science de management; 2. Licence en management en hôtellerie internationale; 3. Diplôme d'ingénieur en technologie (DIT) d'information et de communication (bac+5). HA-2018 RepSEN/Ensup-priv/HA/045-2018 1. Licence en sciences infirmières et obstréticales, option: sage-femme; 2. Licence en sciences infirmières et obstétricales, option: Infirmier; 3. Diplôme d'Etat de docteur en médecine. H-2021 RepSEN/Ensup-priv/HA/084-2021 4. Diplôme d'Etat de Docteur en pharmacie.",25,Infirmier,name
"Master en banque, assurance, finance; 9. Master en gestion des ressources humaines; 10. Master en transport et logistique; 11. Master en commerce international; 12. Master en Entrepreneuriat des PME. HA-2017 RepSEN/Ensup-priv/HA/023-2017 1. Licence en physique et chimie; 2. Licence en droit public; 3. Licence en droit privé; 4. Licence en sciences économiques; 5. Licence en informatique; 6. Master en droit des affaires et fiscalité; 7. Master en droit des activités maritimes; 8. Master en administration publique; 9. Master en relations internationales. HA-2018 RepSEN/Ensup-priv/HA/031-2018 1. Licence en science de management; 2. Licence en management en hôtellerie internationale; 3. Diplôme d'ingénieur en technologie (DIT) d'information et de communication (bac+5). HA-2018 RepSEN/Ensup-priv/HA/045-2018 1. Licence en sciences infirmières et obstréticales, option: sage-femme; 2. Licence en sciences infirmières et obstétricales, option: Infirmier; 3. Diplôme d'Etat de docteur en médecine. H-2021 RepSEN/Ensup-priv/HA/084-2021 4. Diplôme d'Etat de Docteur en pharmacie.",26,Sage-femme,name
"Master en banque, assurance, finance; 9. Master en gestion des ressources humaines; 10. Master en transport et logistique; 11. Master en commerce international; 12. Master en Entrepreneuriat des PME. HA-2017 RepSEN/Ensup-priv/HA/023-2017 1. Licence en physique et chimie; 2. Licence en droit public; 3. Licence en droit privé; 4. Licence en sciences économiques; 5. Licence en informatique; 6. Master en droit des affaires et fiscalité; 7. Master en droit des activités maritimes; 8. Master en administration publique; 9. Master en relations internationales. HA-2018 RepSEN/Ensup-priv/HA/031-2018 1. Licence en science de management; 2. Licence en management en hôtellerie internationale; 3. Diplôme d'ingénieur en technologie (DIT) d'information et de communication (bac+5). HA-2018 RepSEN/Ensup-priv/HA/045-2018 1. Licence en sciences infirmières et obstréticales, option: sage-femme; 2. Licence en sciences infirmières et obstétricales, option: Infirmier; 3. Diplôme d'Etat de docteur en médecine. H-2021 RepSEN/Ensup-priv/HA/084-2021 4. Diplôme d'Etat de Docteur en pharmacie.",64,Management,name
"Master en banque, assurance, finance; 9. Master en gestion des ressources humaines; 10. Master en transport et logistique; 11. Master en commerce international; 12. Master en Entrepreneuriat des PME. HA-2017 RepSEN/Ensup-priv/HA/023-2017 1. Licence en physique et chimie; 2. Licence en droit public; 3. Licence en droit privé; 4. Licence en sciences économiques; 5. Licence en informatique; 6. Master en droit des affaires et fiscalité; 7. Master en droit des activités maritimes; 8. Master en administration publique; 9. Master en relations internationales. HA-2018 RepSEN/Ensup-priv/HA/031-2018 1. Licence en science de management; 2. Licence en management en hôtellerie internationale; 3. Diplôme d'ingénieur en technologie (DIT) d'information et de communication (bac+5). HA-2018 RepSEN/Ensup-priv/HA/045-2018 1. Licence en sciences infirmières et obstréticales, option: sage-femme; 2. Licence en sciences infirmières et obstétricales, option: Infirmier; 3. Diplôme d'Etat de docteur en médecine. H-2021 RepSEN/Ensup-priv/HA/084-2021 4. Diplôme d'Etat de Docteur en pharmacie.",68,Gestion des ressources humaines,name
"Master en banque, assurance, finance; 9. Master en gestion des ressources humaines; 10. Master en transport et logistique; 11. Master en commerce international; 12. Master en Entrepreneuriat des PME. HA-2017 RepSEN/Ensup-priv/HA/023-2017 1. Licence en physique et chimie; 2. Licence en droit public; 3. Licence en droit privé; 4. Licence en sciences économiques; 5. Licence en informatique; 6. Master en droit des affaires et fiscalité; 7. Master en droit des activités maritimes; 8. Master en administration publique; 9. Master en relations internationales. HA-2018 RepSEN/Ensup-priv/HA/031-2018 1. Licence en science de management; 2. Licence en management en hôtellerie internationale; 3. Diplôme d'ingénieur en technologie (DIT) d'information et de communication (bac+5). HA-2018 RepSEN/Ensup-priv/HA/045-2018 1. Licence en sciences infirmières et obstréticales, option: sage-femme; 2. Licence en sciences infirmières et obstétricales, option: Infirmier; 3. Diplôme d'Etat de docteur en médecine. H-2021 RepSEN/Ensup-priv/HA/084-2021 4. Diplôme d'Etat de Docteur en pharmacie.",73,Droit des affaires,name
"Master en banque, assurance, finance; 9. Master en gestion des ressources humaines; 10. Master en transport et logistique; 11. Master en commerce international; 12. Master en Entrepreneuriat des PME. HA-2017 RepSEN/Ensup-priv/HA/023-2017 1. Licence en physique et chimie; 2. Licence en droit public; 3. Licence en droit privé; 4. Licence en sciences économiques; 5. Licence en informatique; 6. Master en droit des affaires et fiscalité; 7. Master en droit des activités maritimes; 8. Master en administration publique; 9. Master en relations internationales. HA-2018 RepSEN/Ensup-priv/HA/031-2018 1. Licence en science de management; 2. Licence en management en hôtellerie internationale; 3. Diplôme d'ingénieur en technologie (DIT) d'information et de communication (bac+5). HA-2018 RepSEN/Ensup-priv/HA/045-2018 1. Licence en sciences infirmières et obstréticales, option: sage-femme; 2. Licence en sciences infirmières et obstétricales, option: Infirmier; 3. Diplôme d'Etat de docteur en médecine. H-2021 RepSEN/Ensup-priv/HA/084-2021 4. Diplôme d'Etat de Docteur en pharmacie.",77,"Banque, Assurance, Finance",name
"Master en banque, assurance, finance; 9. Master en gestion des ressources humaines; 10. Master en transport et logistique; 11. Master en commerce international; 12. Master en Entrepreneuriat des PME. HA-2017 RepSEN/Ensup-priv/HA/023-2017 1. Licence en physique et chimie; 2. Licence en droit public; 3. Licence en droit privé; 4. Licence en sciences économiques; 5. Licence en informatique; 6. Master en droit des affaires et fiscalité; 7. Master en droit des activités maritimes; 8. Master en administration publique; 9. Master en relations internationales. HA-2018 RepSEN/Ensup-priv/HA/031-2018 1. Licence en science de management; 2. Licence en management en hôtellerie internationale; 3. Diplôme d'ingénieur en technologie (DIT) d'information et de communication (bac+5). HA-2018 RepSEN/Ensup-priv/HA/045-2018 1. Licence en sciences infirmières et obstréticales, option: sage-femme; 2. Licence en sciences infirmières et obstétricales, option: Infirmier; 3. Diplôme d'Etat de docteur en médecine. H-2021 RepSEN/Ensup-priv/HA/084-2021 4. Diplôme d'Etat de Docteur en pharmacie.",79,Commerce international,name
"Master en banque, assurance, finance; 9. Master en gestion des ressources humaines; 10. Master en transport et logistique; 11. Master en commerce international; 12. Master en Entrepreneuriat des PME. HA-2017 RepSEN/Ensup-priv/HA/023-2017 1. Licence en physique et chimie; 2. Licence en droit public; 3. Licence en droit privé; 4. Licence en sciences économiques; 5. Licence en informatique; 6. Master en droit des affaires et fiscalité; 7. Master en droit des activités maritimes; 8. Master en administration publique; 9. Master en relations internationales. HA-2018 RepSEN/Ensup-priv/HA/031-2018 1. Licence en science de management; 2. Licence en management en hôtellerie internationale; 3. Diplôme d'ingénieur en technologie (DIT) d'information et de communication (bac+5). HA-2018 RepSEN/Ensup-priv/HA/045-2018 1. Licence en sciences infirmières et obstréticales, option: sage-femme; 2. Licence en sciences infirmières et obstétricales, option: Infirmier; 3. Diplôme d'Etat de docteur en médecine. H-2021 RepSEN/Ensup-priv/HA/084-2021 4. Diplôme d'Etat de Docteur en pharmacie.",117,Fiscalité,name
"Master en banque, assurance, finance; 9. Master en gestion des ressources humaines; 10. Master en transport et logistique; 11. Master en commerce international; 12. Master en Entrepreneuriat des PME. HA-2017 RepSEN/Ensup-priv/HA/023-2017 1. Licence en physique et chimie; 2. Licence en droit public; 3. Licence en droit privé; 4. Licence en sciences économiques; 5. Licence en informatique; 6. Master en droit des affaires et fiscalité; 7. Master en droit des activités maritimes; 8. Master en administration publique; 9. Master en relations internationales. HA-2018 RepSEN/Ensup-priv/HA/031-2018 1. Licence en science de management; 2. Licence en management en hôtellerie internationale; 3. Diplôme d'ingénieur en technologie (DIT) d'information et de communication (bac+5). HA-2018 RepSEN/Ensup-priv/HA/045-2018 1. Licence en sciences infirmières et obstréticales, option: sage-femme; 2. Licence en sciences infirmières et obstétricales, option: Infirmier; 3. Diplôme d'Etat de docteur en médecine. H-2021 RepSEN/Ensup-priv/HA/084-2021 4. Diplôme d'Etat de Docteur en pharmacie.",121,Communication,name
"Master en banque, assurance, finance; 9. Master en gestion des ressources humaines; 10. Master en transport et logistique; 11. Master en commerce international; 12. Master en Entrepreneuriat des PME. HA-2017 RepSEN/Ensup-priv/HA/023-2017 1. Licence en physique et chimie; 2. Licence en droit public; 3. Licence en droit privé; 4. Licence en sciences économiques; 5. Licence en informatique; 6. Master en droit des affaires et fiscalité; 7. Master en droit des activités maritimes; 8. Master en administration publique; 9. Master en relations internationales. HA-2018 RepSEN/Ensup-priv/HA/031-2018 1. Licence en science de management; 2. Licence en management en hôtellerie internationale; 3. Diplôme d'ingénieur en technologie (DIT) d'information et de communication (bac+5). HA-2018 RepSEN/Ensup-priv/HA/045-2018 1. Licence en sciences infirmières et obstréticales, option: sage-femme; 2. Licence en sciences infirmières et obstétricales, option: Infirmier; 3. Diplôme d'Etat de docteur en médecine. H-2021 RepSEN/Ensup-priv/HA/084-2021 4. Diplôme d'Etat de Docteur en pharmacie.",128,Droit public,name
"Master en banque, assurance, finance; 9. Master en gestion des ressources humaines; 10. Master en transport et logistique; 11. Master en commerce international; 12. Master en Entrepreneuriat des PME. HA-2017 RepSEN/Ensup-priv/HA/023-2017 1. Licence en physique et chimie; 2. Licence en droit public; 3. Licence en droit privé; 4. Licence en sciences économiques; 5. Licence en informatique; 6. Master en droit des affaires et fiscalité; 7. Master en droit des activités maritimes; 8. Master en administration publique; 9. Master en relations internationales. HA-2018 RepSEN/Ensup-priv/HA/031-2018 1. Licence en science de management; 2. Licence en management en hôtellerie internationale; 3. Diplôme d'ingénieur en technologie (DIT) d'information et de communication (bac+5). HA-2018 RepSEN/Ensup-priv/HA/045-2018 1. Licence en sciences infirmières et obstréticales, option: sage-femme; 2. Licence en sciences infirmières et obstétricales, option: Infirmier; 3. Diplôme d'Etat de docteur en médecine. H-2021 RepSEN/Ensup-priv/HA/084-2021 4. Diplôme d'Etat de Docteur en pharmacie.",129,Droit privé,name
"Master en banque, assurance, finance; 9. Master en gestion des ressources humaines; 10. Master en transport et logistique; 11. Master en commerce international; 12. Master en Entrepreneuriat des PME. HA-2017 RepSEN/Ensup-priv/HA/023-2017 1. Licence en physique et chimie; 2. Licence en droit public; 3. Licence en droit privé; 4. Licence en sciences économiques; 5. Licence en informatique; 6. Master en droit des affaires et fiscalité; 7. Master en droit des activités maritimes; 8. Master en administration publique; 9. Master en relations internationales. HA-2018 RepSEN/Ensup-priv/HA/031-2018 1. Licence en science de management; 2. Licence en management en hôtellerie internationale; 3. Diplôme d'ingénieur en technologie (DIT) d'information et de communication (bac+5). HA-2018 RepSEN/Ensup-priv/HA/045-2018 1. Licence en sciences infirmières et obstréticales, option: sage-femme; 2. Licence en sciences infirmières et obstétricales, option: Infirmier; 3. Diplôme d'Etat de docteur en médecine. H-2021 RepSEN/Ensup-priv/HA/084-2021 4. Diplôme d'Etat de Docteur en pharmacie.",156,Entrepreneuriat,name
"Master en banque, assurance, finance; 9. Master en gestion des ressources humaines; 10. Master en transport et logistique; 11. Master en commerce international; 12. Master en Entrepreneuriat des PME. HA-2017 RepSEN/Ensup-priv/HA/023-2017 1. Licence en physique et chimie; 2. Licence en droit public; 3. Licence en droit privé; 4. Licence en sciences économiques; 5. Licence en informatique; 6. Master en droit des affaires et fiscalité; 7. Master en droit des activités maritimes; 8. Master en administration publique; 9. Master en relations internationales. HA-2018 RepSEN/Ensup-priv/HA/031-2018 1. Licence en science de management; 2. Licence en management en hôtellerie internationale; 3. Diplôme d'ingénieur en technologie (DIT) d'information et de communication (bac+5). HA-2018 RepSEN/Ensup-priv/HA/045-2018 1. Licence en sciences infirmières et obstréticales, option: sage-femme; 2. Licence en sciences infirmières et obstétricales, option: Infirmier; 3. Diplôme d'Etat de docteur en médecine. H-2021 RepSEN/Ensup-priv/HA/084-2021 4. Diplôme d'Etat de Docteur en pharmacie.",159,Droit des affaires et Fiscalité,name
